"Periodo";"Municipios";"Sexo";"Edad";"Valor"
"1 de enero de 2012";"03133 - Torrevieja";"Ambos sexos";"95 y más años";82
"1 de enero de 2012";"03133 - Torrevieja";"Ambos sexos";"De 0 a 4 años";3858
"1 de enero de 2012";"03133 - Torrevieja";"Ambos sexos";"De 10 a 14 años";3665
"1 de enero de 2012";"03133 - Torrevieja";"Ambos sexos";"De 15 a 19 años";3853
"1 de enero de 2012";"03133 - Torrevieja";"Ambos sexos";"De 20 a 24 años";4281
"1 de enero de 2012";"03133 - Torrevieja";"Ambos sexos";"De 25 a 29 años";5271
"1 de enero de 2012";"03133 - Torrevieja";"Ambos sexos";"De 30 a 34 años";6981
"1 de enero de 2012";"03133 - Torrevieja";"Ambos sexos";"De 35 a 39 años";7397
"1 de enero de 2012";"03133 - Torrevieja";"Ambos sexos";"De 40 a 44 años";6986
"1 de enero de 2012";"03133 - Torrevieja";"Ambos sexos";"De 45 a 49 años";6330
"1 de enero de 2012";"03133 - Torrevieja";"Ambos sexos";"De 5 a 9 años";4110
"1 de enero de 2012";"03133 - Torrevieja";"Ambos sexos";"De 50 a 54 años";5524
"1 de enero de 2012";"03133 - Torrevieja";"Ambos sexos";"De 55 a 59 años";5028
"1 de enero de 2012";"03133 - Torrevieja";"Ambos sexos";"De 60 a 64 años";5818
"1 de enero de 2012";"03133 - Torrevieja";"Ambos sexos";"De 65 a 69 años";6518
"1 de enero de 2012";"03133 - Torrevieja";"Ambos sexos";"De 70 a 74 años";6075
"1 de enero de 2012";"03133 - Torrevieja";"Ambos sexos";"De 75 a 79 años";4572
"1 de enero de 2012";"03133 - Torrevieja";"Ambos sexos";"De 80 a 84 años";2484
"1 de enero de 2012";"03133 - Torrevieja";"Ambos sexos";"De 85 a 89 años";1107
"1 de enero de 2012";"03133 - Torrevieja";"Ambos sexos";"De 90 a 94 años";345
"1 de enero de 2012";"03133 - Torrevieja";"Ambos sexos";"Total";90285
"1 de enero de 2012";"03133 - Torrevieja";"Hombres";"95 y más años";22
"1 de enero de 2012";"03133 - Torrevieja";"Hombres";"De 0 a 4 años";2020
"1 de enero de 2012";"03133 - Torrevieja";"Hombres";"De 10 a 14 años";1878
"1 de enero de 2012";"03133 - Torrevieja";"Hombres";"De 15 a 19 años";2002
"1 de enero de 2012";"03133 - Torrevieja";"Hombres";"De 20 a 24 años";2185
"1 de enero de 2012";"03133 - Torrevieja";"Hombres";"De 25 a 29 años";2599
"1 de enero de 2012";"03133 - Torrevieja";"Hombres";"De 30 a 34 años";3618
"1 de enero de 2012";"03133 - Torrevieja";"Hombres";"De 35 a 39 años";3951
"1 de enero de 2012";"03133 - Torrevieja";"Hombres";"De 40 a 44 años";3714
"1 de enero de 2012";"03133 - Torrevieja";"Hombres";"De 45 a 49 años";3227
"1 de enero de 2012";"03133 - Torrevieja";"Hombres";"De 5 a 9 años";2159
"1 de enero de 2012";"03133 - Torrevieja";"Hombres";"De 50 a 54 años";2823
"1 de enero de 2012";"03133 - Torrevieja";"Hombres";"De 55 a 59 años";2382
"1 de enero de 2012";"03133 - Torrevieja";"Hombres";"De 60 a 64 años";2692
"1 de enero de 2012";"03133 - Torrevieja";"Hombres";"De 65 a 69 años";3169
"1 de enero de 2012";"03133 - Torrevieja";"Hombres";"De 70 a 74 años";2983
"1 de enero de 2012";"03133 - Torrevieja";"Hombres";"De 75 a 79 años";2374
"1 de enero de 2012";"03133 - Torrevieja";"Hombres";"De 80 a 84 años";1188
"1 de enero de 2012";"03133 - Torrevieja";"Hombres";"De 85 a 89 años";458
"1 de enero de 2012";"03133 - Torrevieja";"Hombres";"De 90 a 94 años";132
"1 de enero de 2012";"03133 - Torrevieja";"Hombres";"Total";45576
"1 de enero de 2012";"03133 - Torrevieja";"Mujeres";"95 y más años";60
"1 de enero de 2012";"03133 - Torrevieja";"Mujeres";"De 0 a 4 años";1838
"1 de enero de 2012";"03133 - Torrevieja";"Mujeres";"De 10 a 14 años";1787
"1 de enero de 2012";"03133 - Torrevieja";"Mujeres";"De 15 a 19 años";1851
"1 de enero de 2012";"03133 - Torrevieja";"Mujeres";"De 20 a 24 años";2096
"1 de enero de 2012";"03133 - Torrevieja";"Mujeres";"De 25 a 29 años";2672
"1 de enero de 2012";"03133 - Torrevieja";"Mujeres";"De 30 a 34 años";3363
"1 de enero de 2012";"03133 - Torrevieja";"Mujeres";"De 35 a 39 años";3446
"1 de enero de 2012";"03133 - Torrevieja";"Mujeres";"De 40 a 44 años";3271
"1 de enero de 2012";"03133 - Torrevieja";"Mujeres";"De 45 a 49 años";3103
"1 de enero de 2012";"03133 - Torrevieja";"Mujeres";"De 5 a 9 años";1951
"1 de enero de 2012";"03133 - Torrevieja";"Mujeres";"De 50 a 54 años";2701
"1 de enero de 2012";"03133 - Torrevieja";"Mujeres";"De 55 a 59 años";2646
"1 de enero de 2012";"03133 - Torrevieja";"Mujeres";"De 60 a 64 años";3126
"1 de enero de 2012";"03133 - Torrevieja";"Mujeres";"De 65 a 69 años";3349
"1 de enero de 2012";"03133 - Torrevieja";"Mujeres";"De 70 a 74 años";3092
"1 de enero de 2012";"03133 - Torrevieja";"Mujeres";"De 75 a 79 años";2198
"1 de enero de 2012";"03133 - Torrevieja";"Mujeres";"De 80 a 84 años";1297
"1 de enero de 2012";"03133 - Torrevieja";"Mujeres";"De 85 a 89 años";649
"1 de enero de 2012";"03133 - Torrevieja";"Mujeres";"De 90 a 94 años";214
"1 de enero de 2012";"03133 - Torrevieja";"Mujeres";"Total";44709
"1 de enero de 2013";"03133 - Torrevieja";"Ambos sexos";"95 y más años";89
"1 de enero de 2013";"03133 - Torrevieja";"Ambos sexos";"De 0 a 4 años";3729
"1 de enero de 2013";"03133 - Torrevieja";"Ambos sexos";"De 10 a 14 años";3774
"1 de enero de 2013";"03133 - Torrevieja";"Ambos sexos";"De 15 a 19 años";3843
"1 de enero de 2013";"03133 - Torrevieja";"Ambos sexos";"De 20 a 24 años";4321
"1 de enero de 2013";"03133 - Torrevieja";"Ambos sexos";"De 25 a 29 años";5158
"1 de enero de 2013";"03133 - Torrevieja";"Ambos sexos";"De 30 a 34 años";6700
"1 de enero de 2013";"03133 - Torrevieja";"Ambos sexos";"De 35 a 39 años";7553
"1 de enero de 2013";"03133 - Torrevieja";"Ambos sexos";"De 40 a 44 años";7164
"1 de enero de 2013";"03133 - Torrevieja";"Ambos sexos";"De 45 a 49 años";6612
"1 de enero de 2013";"03133 - Torrevieja";"Ambos sexos";"De 5 a 9 años";4246
"1 de enero de 2013";"03133 - Torrevieja";"Ambos sexos";"De 50 a 54 años";5856
"1 de enero de 2013";"03133 - Torrevieja";"Ambos sexos";"De 55 a 59 años";5068
"1 de enero de 2013";"03133 - Torrevieja";"Ambos sexos";"De 60 a 64 años";5749
"1 de enero de 2013";"03133 - Torrevieja";"Ambos sexos";"De 65 a 69 años";6798
"1 de enero de 2013";"03133 - Torrevieja";"Ambos sexos";"De 70 a 74 años";6096
"1 de enero de 2013";"03133 - Torrevieja";"Ambos sexos";"De 75 a 79 años";4861
"1 de enero de 2013";"03133 - Torrevieja";"Ambos sexos";"De 80 a 84 años";2770
"1 de enero de 2013";"03133 - Torrevieja";"Ambos sexos";"De 85 a 89 años";1213
"1 de enero de 2013";"03133 - Torrevieja";"Ambos sexos";"De 90 a 94 años";390
"1 de enero de 2013";"03133 - Torrevieja";"Ambos sexos";"Total";91990
"1 de enero de 2013";"03133 - Torrevieja";"Hombres";"95 y más años";25
"1 de enero de 2013";"03133 - Torrevieja";"Hombres";"De 0 a 4 años";1965
"1 de enero de 2013";"03133 - Torrevieja";"Hombres";"De 10 a 14 años";1974
"1 de enero de 2013";"03133 - Torrevieja";"Hombres";"De 15 a 19 años";1971
"1 de enero de 2013";"03133 - Torrevieja";"Hombres";"De 20 a 24 años";2239
"1 de enero de 2013";"03133 - Torrevieja";"Hombres";"De 25 a 29 años";2535
"1 de enero de 2013";"03133 - Torrevieja";"Hombres";"De 30 a 34 años";3414
"1 de enero de 2013";"03133 - Torrevieja";"Hombres";"De 35 a 39 años";4061
"1 de enero de 2013";"03133 - Torrevieja";"Hombres";"De 40 a 44 años";3825
"1 de enero de 2013";"03133 - Torrevieja";"Hombres";"De 45 a 49 años";3443
"1 de enero de 2013";"03133 - Torrevieja";"Hombres";"De 5 a 9 años";2195
"1 de enero de 2013";"03133 - Torrevieja";"Hombres";"De 50 a 54 años";2956
"1 de enero de 2013";"03133 - Torrevieja";"Hombres";"De 55 a 59 años";2426
"1 de enero de 2013";"03133 - Torrevieja";"Hombres";"De 60 a 64 años";2702
"1 de enero de 2013";"03133 - Torrevieja";"Hombres";"De 65 a 69 años";3247
"1 de enero de 2013";"03133 - Torrevieja";"Hombres";"De 70 a 74 años";2959
"1 de enero de 2013";"03133 - Torrevieja";"Hombres";"De 75 a 79 años";2509
"1 de enero de 2013";"03133 - Torrevieja";"Hombres";"De 80 a 84 años";1352
"1 de enero de 2013";"03133 - Torrevieja";"Hombres";"De 85 a 89 años";498
"1 de enero de 2013";"03133 - Torrevieja";"Hombres";"De 90 a 94 años";153
"1 de enero de 2013";"03133 - Torrevieja";"Hombres";"Total";46449
"1 de enero de 2013";"03133 - Torrevieja";"Mujeres";"95 y más años";64
"1 de enero de 2013";"03133 - Torrevieja";"Mujeres";"De 0 a 4 años";1763
"1 de enero de 2013";"03133 - Torrevieja";"Mujeres";"De 10 a 14 años";1800
"1 de enero de 2013";"03133 - Torrevieja";"Mujeres";"De 15 a 19 años";1872
"1 de enero de 2013";"03133 - Torrevieja";"Mujeres";"De 20 a 24 años";2082
"1 de enero de 2013";"03133 - Torrevieja";"Mujeres";"De 25 a 29 años";2623
"1 de enero de 2013";"03133 - Torrevieja";"Mujeres";"De 30 a 34 años";3286
"1 de enero de 2013";"03133 - Torrevieja";"Mujeres";"De 35 a 39 años";3492
"1 de enero de 2013";"03133 - Torrevieja";"Mujeres";"De 40 a 44 años";3339
"1 de enero de 2013";"03133 - Torrevieja";"Mujeres";"De 45 a 49 años";3169
"1 de enero de 2013";"03133 - Torrevieja";"Mujeres";"De 5 a 9 años";2050
"1 de enero de 2013";"03133 - Torrevieja";"Mujeres";"De 50 a 54 años";2900
"1 de enero de 2013";"03133 - Torrevieja";"Mujeres";"De 55 a 59 años";2642
"1 de enero de 2013";"03133 - Torrevieja";"Mujeres";"De 60 a 64 años";3047
"1 de enero de 2013";"03133 - Torrevieja";"Mujeres";"De 65 a 69 años";3552
"1 de enero de 2013";"03133 - Torrevieja";"Mujeres";"De 70 a 74 años";3137
"1 de enero de 2013";"03133 - Torrevieja";"Mujeres";"De 75 a 79 años";2352
"1 de enero de 2013";"03133 - Torrevieja";"Mujeres";"De 80 a 84 años";1418
"1 de enero de 2013";"03133 - Torrevieja";"Mujeres";"De 85 a 89 años";716
"1 de enero de 2013";"03133 - Torrevieja";"Mujeres";"De 90 a 94 años";237
"1 de enero de 2013";"03133 - Torrevieja";"Mujeres";"Total";45541
"1 de enero de 2014";"03133 - Torrevieja";"Ambos sexos";"95 y más años";94
"1 de enero de 2014";"03133 - Torrevieja";"Ambos sexos";"De 0 a 4 años";3544
"1 de enero de 2014";"03133 - Torrevieja";"Ambos sexos";"De 10 a 14 años";4073
"1 de enero de 2014";"03133 - Torrevieja";"Ambos sexos";"De 15 a 19 años";3786
"1 de enero de 2014";"03133 - Torrevieja";"Ambos sexos";"De 20 a 24 años";4346
"1 de enero de 2014";"03133 - Torrevieja";"Ambos sexos";"De 25 a 29 años";5124
"1 de enero de 2014";"03133 - Torrevieja";"Ambos sexos";"De 30 a 34 años";6511
"1 de enero de 2014";"03133 - Torrevieja";"Ambos sexos";"De 35 a 39 años";7537
"1 de enero de 2014";"03133 - Torrevieja";"Ambos sexos";"De 40 a 44 años";7340
"1 de enero de 2014";"03133 - Torrevieja";"Ambos sexos";"De 45 a 49 años";6789
"1 de enero de 2014";"03133 - Torrevieja";"Ambos sexos";"De 5 a 9 años";4294
"1 de enero de 2014";"03133 - Torrevieja";"Ambos sexos";"De 50 a 54 años";6075
"1 de enero de 2014";"03133 - Torrevieja";"Ambos sexos";"De 55 a 59 años";5232
"1 de enero de 2014";"03133 - Torrevieja";"Ambos sexos";"De 60 a 64 años";5584
"1 de enero de 2014";"03133 - Torrevieja";"Ambos sexos";"De 65 a 69 años";6771
"1 de enero de 2014";"03133 - Torrevieja";"Ambos sexos";"De 70 a 74 años";6127
"1 de enero de 2014";"03133 - Torrevieja";"Ambos sexos";"De 75 a 79 años";4977
"1 de enero de 2014";"03133 - Torrevieja";"Ambos sexos";"De 80 a 84 años";3001
"1 de enero de 2014";"03133 - Torrevieja";"Ambos sexos";"De 85 a 89 años";1313
"1 de enero de 2014";"03133 - Torrevieja";"Ambos sexos";"De 90 a 94 años";469
"1 de enero de 2014";"03133 - Torrevieja";"Ambos sexos";"Total";92986
"1 de enero de 2014";"03133 - Torrevieja";"Hombres";"95 y más años";26
"1 de enero de 2014";"03133 - Torrevieja";"Hombres";"De 0 a 4 años";1885
"1 de enero de 2014";"03133 - Torrevieja";"Hombres";"De 10 a 14 años";2125
"1 de enero de 2014";"03133 - Torrevieja";"Hombres";"De 15 a 19 años";1950
"1 de enero de 2014";"03133 - Torrevieja";"Hombres";"De 20 a 24 años";2283
"1 de enero de 2014";"03133 - Torrevieja";"Hombres";"De 25 a 29 años";2549
"1 de enero de 2014";"03133 - Torrevieja";"Hombres";"De 30 a 34 años";3331
"1 de enero de 2014";"03133 - Torrevieja";"Hombres";"De 35 a 39 años";4044
"1 de enero de 2014";"03133 - Torrevieja";"Hombres";"De 40 a 44 años";3925
"1 de enero de 2014";"03133 - Torrevieja";"Hombres";"De 45 a 49 años";3570
"1 de enero de 2014";"03133 - Torrevieja";"Hombres";"De 5 a 9 años";2189
"1 de enero de 2014";"03133 - Torrevieja";"Hombres";"De 50 a 54 años";3039
"1 de enero de 2014";"03133 - Torrevieja";"Hombres";"De 55 a 59 años";2517
"1 de enero de 2014";"03133 - Torrevieja";"Hombres";"De 60 a 64 años";2645
"1 de enero de 2014";"03133 - Torrevieja";"Hombres";"De 65 a 69 años";3234
"1 de enero de 2014";"03133 - Torrevieja";"Hombres";"De 70 a 74 años";2919
"1 de enero de 2014";"03133 - Torrevieja";"Hombres";"De 75 a 79 años";2523
"1 de enero de 2014";"03133 - Torrevieja";"Hombres";"De 80 a 84 años";1456
"1 de enero de 2014";"03133 - Torrevieja";"Hombres";"De 85 a 89 años";548
"1 de enero de 2014";"03133 - Torrevieja";"Hombres";"De 90 a 94 años";175
"1 de enero de 2014";"03133 - Torrevieja";"Hombres";"Total";46934
"1 de enero de 2014";"03133 - Torrevieja";"Mujeres";"95 y más años";69
"1 de enero de 2014";"03133 - Torrevieja";"Mujeres";"De 0 a 4 años";1659
"1 de enero de 2014";"03133 - Torrevieja";"Mujeres";"De 10 a 14 años";1949
"1 de enero de 2014";"03133 - Torrevieja";"Mujeres";"De 15 a 19 años";1835
"1 de enero de 2014";"03133 - Torrevieja";"Mujeres";"De 20 a 24 años";2063
"1 de enero de 2014";"03133 - Torrevieja";"Mujeres";"De 25 a 29 años";2575
"1 de enero de 2014";"03133 - Torrevieja";"Mujeres";"De 30 a 34 años";3181
"1 de enero de 2014";"03133 - Torrevieja";"Mujeres";"De 35 a 39 años";3493
"1 de enero de 2014";"03133 - Torrevieja";"Mujeres";"De 40 a 44 años";3414
"1 de enero de 2014";"03133 - Torrevieja";"Mujeres";"De 45 a 49 años";3220
"1 de enero de 2014";"03133 - Torrevieja";"Mujeres";"De 5 a 9 años";2104
"1 de enero de 2014";"03133 - Torrevieja";"Mujeres";"De 50 a 54 años";3036
"1 de enero de 2014";"03133 - Torrevieja";"Mujeres";"De 55 a 59 años";2714
"1 de enero de 2014";"03133 - Torrevieja";"Mujeres";"De 60 a 64 años";2939
"1 de enero de 2014";"03133 - Torrevieja";"Mujeres";"De 65 a 69 años";3536
"1 de enero de 2014";"03133 - Torrevieja";"Mujeres";"De 70 a 74 años";3208
"1 de enero de 2014";"03133 - Torrevieja";"Mujeres";"De 75 a 79 años";2454
"1 de enero de 2014";"03133 - Torrevieja";"Mujeres";"De 80 a 84 años";1545
"1 de enero de 2014";"03133 - Torrevieja";"Mujeres";"De 85 a 89 años";764
"1 de enero de 2014";"03133 - Torrevieja";"Mujeres";"De 90 a 94 años";294
"1 de enero de 2014";"03133 - Torrevieja";"Mujeres";"Total";46053
"1 de enero de 2015";"03133 - Torrevieja";"Ambos sexos";"95 y más años";66
"1 de enero de 2015";"03133 - Torrevieja";"Ambos sexos";"De 0 a 4 años";3551
"1 de enero de 2015";"03133 - Torrevieja";"Ambos sexos";"De 10 a 14 años";4171
"1 de enero de 2015";"03133 - Torrevieja";"Ambos sexos";"De 15 a 19 años";3756
"1 de enero de 2015";"03133 - Torrevieja";"Ambos sexos";"De 20 a 24 años";4084
"1 de enero de 2015";"03133 - Torrevieja";"Ambos sexos";"De 25 a 29 años";4879
"1 de enero de 2015";"03133 - Torrevieja";"Ambos sexos";"De 30 a 34 años";6135
"1 de enero de 2015";"03133 - Torrevieja";"Ambos sexos";"De 35 a 39 años";7378
"1 de enero de 2015";"03133 - Torrevieja";"Ambos sexos";"De 40 a 44 años";7350
"1 de enero de 2015";"03133 - Torrevieja";"Ambos sexos";"De 45 a 49 años";6755
"1 de enero de 2015";"03133 - Torrevieja";"Ambos sexos";"De 5 a 9 años";4296
"1 de enero de 2015";"03133 - Torrevieja";"Ambos sexos";"De 50 a 54 años";6222
"1 de enero de 2015";"03133 - Torrevieja";"Ambos sexos";"De 55 a 59 años";5231
"1 de enero de 2015";"03133 - Torrevieja";"Ambos sexos";"De 60 a 64 años";5241
"1 de enero de 2015";"03133 - Torrevieja";"Ambos sexos";"De 65 a 69 años";6237
"1 de enero de 2015";"03133 - Torrevieja";"Ambos sexos";"De 70 a 74 años";5575
"1 de enero de 2015";"03133 - Torrevieja";"Ambos sexos";"De 75 a 79 años";4360
"1 de enero de 2015";"03133 - Torrevieja";"Ambos sexos";"De 80 a 84 años";2557
"1 de enero de 2015";"03133 - Torrevieja";"Ambos sexos";"De 85 a 89 años";1030
"1 de enero de 2015";"03133 - Torrevieja";"Ambos sexos";"De 90 a 94 años";320
"1 de enero de 2015";"03133 - Torrevieja";"Ambos sexos";"Total";89193
"1 de enero de 2015";"03133 - Torrevieja";"Hombres";"95 y más años";18
"1 de enero de 2015";"03133 - Torrevieja";"Hombres";"De 0 a 4 años";1912
"1 de enero de 2015";"03133 - Torrevieja";"Hombres";"De 10 a 14 años";2183
"1 de enero de 2015";"03133 - Torrevieja";"Hombres";"De 15 a 19 años";1925
"1 de enero de 2015";"03133 - Torrevieja";"Hombres";"De 20 a 24 años";2128
"1 de enero de 2015";"03133 - Torrevieja";"Hombres";"De 25 a 29 años";2474
"1 de enero de 2015";"03133 - Torrevieja";"Hombres";"De 30 a 34 años";3103
"1 de enero de 2015";"03133 - Torrevieja";"Hombres";"De 35 a 39 años";3919
"1 de enero de 2015";"03133 - Torrevieja";"Hombres";"De 40 a 44 años";3901
"1 de enero de 2015";"03133 - Torrevieja";"Hombres";"De 45 a 49 años";3544
"1 de enero de 2015";"03133 - Torrevieja";"Hombres";"De 5 a 9 años";2186
"1 de enero de 2015";"03133 - Torrevieja";"Hombres";"De 50 a 54 años";3157
"1 de enero de 2015";"03133 - Torrevieja";"Hombres";"De 55 a 59 años";2555
"1 de enero de 2015";"03133 - Torrevieja";"Hombres";"De 60 a 64 años";2471
"1 de enero de 2015";"03133 - Torrevieja";"Hombres";"De 65 a 69 años";2959
"1 de enero de 2015";"03133 - Torrevieja";"Hombres";"De 70 a 74 años";2724
"1 de enero de 2015";"03133 - Torrevieja";"Hombres";"De 75 a 79 años";2160
"1 de enero de 2015";"03133 - Torrevieja";"Hombres";"De 80 a 84 años";1232
"1 de enero de 2015";"03133 - Torrevieja";"Hombres";"De 85 a 89 años";371
"1 de enero de 2015";"03133 - Torrevieja";"Hombres";"De 90 a 94 años";96
"1 de enero de 2015";"03133 - Torrevieja";"Hombres";"Total";45018
"1 de enero de 2015";"03133 - Torrevieja";"Mujeres";"95 y más años";48
"1 de enero de 2015";"03133 - Torrevieja";"Mujeres";"De 0 a 4 años";1640
"1 de enero de 2015";"03133 - Torrevieja";"Mujeres";"De 10 a 14 años";1988
"1 de enero de 2015";"03133 - Torrevieja";"Mujeres";"De 15 a 19 años";1831
"1 de enero de 2015";"03133 - Torrevieja";"Mujeres";"De 20 a 24 años";1955
"1 de enero de 2015";"03133 - Torrevieja";"Mujeres";"De 25 a 29 años";2404
"1 de enero de 2015";"03133 - Torrevieja";"Mujeres";"De 30 a 34 años";3032
"1 de enero de 2015";"03133 - Torrevieja";"Mujeres";"De 35 a 39 años";3459
"1 de enero de 2015";"03133 - Torrevieja";"Mujeres";"De 40 a 44 años";3449
"1 de enero de 2015";"03133 - Torrevieja";"Mujeres";"De 45 a 49 años";3212
"1 de enero de 2015";"03133 - Torrevieja";"Mujeres";"De 5 a 9 años";2110
"1 de enero de 2015";"03133 - Torrevieja";"Mujeres";"De 50 a 54 años";3065
"1 de enero de 2015";"03133 - Torrevieja";"Mujeres";"De 55 a 59 años";2677
"1 de enero de 2015";"03133 - Torrevieja";"Mujeres";"De 60 a 64 años";2769
"1 de enero de 2015";"03133 - Torrevieja";"Mujeres";"De 65 a 69 años";3278
"1 de enero de 2015";"03133 - Torrevieja";"Mujeres";"De 70 a 74 años";2852
"1 de enero de 2015";"03133 - Torrevieja";"Mujeres";"De 75 a 79 años";2200
"1 de enero de 2015";"03133 - Torrevieja";"Mujeres";"De 80 a 84 años";1325
"1 de enero de 2015";"03133 - Torrevieja";"Mujeres";"De 85 a 89 años";659
"1 de enero de 2015";"03133 - Torrevieja";"Mujeres";"De 90 a 94 años";224
"1 de enero de 2015";"03133 - Torrevieja";"Mujeres";"Total";44175
"1 de enero de 2016";"03133 - Torrevieja";"Ambos sexos";"95 y más años";62
"1 de enero de 2016";"03133 - Torrevieja";"Ambos sexos";"De 0 a 4 años";3455
"1 de enero de 2016";"03133 - Torrevieja";"Ambos sexos";"De 10 a 14 años";4086
"1 de enero de 2016";"03133 - Torrevieja";"Ambos sexos";"De 15 a 19 años";3781
"1 de enero de 2016";"03133 - Torrevieja";"Ambos sexos";"De 20 a 24 años";4067
"1 de enero de 2016";"03133 - Torrevieja";"Ambos sexos";"De 25 a 29 años";4880
"1 de enero de 2016";"03133 - Torrevieja";"Ambos sexos";"De 30 a 34 años";5826
"1 de enero de 2016";"03133 - Torrevieja";"Ambos sexos";"De 35 a 39 años";7293
"1 de enero de 2016";"03133 - Torrevieja";"Ambos sexos";"De 40 a 44 años";7506
"1 de enero de 2016";"03133 - Torrevieja";"Ambos sexos";"De 45 a 49 años";6889
"1 de enero de 2016";"03133 - Torrevieja";"Ambos sexos";"De 5 a 9 años";4250
"1 de enero de 2016";"03133 - Torrevieja";"Ambos sexos";"De 50 a 54 años";6337
"1 de enero de 2016";"03133 - Torrevieja";"Ambos sexos";"De 55 a 59 años";5544
"1 de enero de 2016";"03133 - Torrevieja";"Ambos sexos";"De 60 a 64 años";5235
"1 de enero de 2016";"03133 - Torrevieja";"Ambos sexos";"De 65 a 69 años";6175
"1 de enero de 2016";"03133 - Torrevieja";"Ambos sexos";"De 70 a 74 años";5716
"1 de enero de 2016";"03133 - Torrevieja";"Ambos sexos";"De 75 a 79 años";4628
"1 de enero de 2016";"03133 - Torrevieja";"Ambos sexos";"De 80 a 84 años";2798
"1 de enero de 2016";"03133 - Torrevieja";"Ambos sexos";"De 85 a 89 años";1128
"1 de enero de 2016";"03133 - Torrevieja";"Ambos sexos";"De 90 a 94 años";345
"1 de enero de 2016";"03133 - Torrevieja";"Ambos sexos";"Total";90001
"1 de enero de 2016";"03133 - Torrevieja";"Hombres";"95 y más años";19
"1 de enero de 2016";"03133 - Torrevieja";"Hombres";"De 0 a 4 años";1855
"1 de enero de 2016";"03133 - Torrevieja";"Hombres";"De 10 a 14 años";2106
"1 de enero de 2016";"03133 - Torrevieja";"Hombres";"De 15 a 19 años";1957
"1 de enero de 2016";"03133 - Torrevieja";"Hombres";"De 20 a 24 años";2118
"1 de enero de 2016";"03133 - Torrevieja";"Hombres";"De 25 a 29 años";2490
"1 de enero de 2016";"03133 - Torrevieja";"Hombres";"De 30 a 34 años";2924
"1 de enero de 2016";"03133 - Torrevieja";"Hombres";"De 35 a 39 años";3842
"1 de enero de 2016";"03133 - Torrevieja";"Hombres";"De 40 a 44 años";3957
"1 de enero de 2016";"03133 - Torrevieja";"Hombres";"De 45 a 49 años";3641
"1 de enero de 2016";"03133 - Torrevieja";"Hombres";"De 5 a 9 años";2205
"1 de enero de 2016";"03133 - Torrevieja";"Hombres";"De 50 a 54 años";3241
"1 de enero de 2016";"03133 - Torrevieja";"Hombres";"De 55 a 59 años";2719
"1 de enero de 2016";"03133 - Torrevieja";"Hombres";"De 60 a 64 años";2474
"1 de enero de 2016";"03133 - Torrevieja";"Hombres";"De 65 a 69 años";2895
"1 de enero de 2016";"03133 - Torrevieja";"Hombres";"De 70 a 74 años";2784
"1 de enero de 2016";"03133 - Torrevieja";"Hombres";"De 75 a 79 años";2258
"1 de enero de 2016";"03133 - Torrevieja";"Hombres";"De 80 a 84 años";1349
"1 de enero de 2016";"03133 - Torrevieja";"Hombres";"De 85 a 89 años";397
"1 de enero de 2016";"03133 - Torrevieja";"Hombres";"De 90 a 94 años";117
"1 de enero de 2016";"03133 - Torrevieja";"Hombres";"Total";45349
"1 de enero de 2016";"03133 - Torrevieja";"Mujeres";"95 y más años";43
"1 de enero de 2016";"03133 - Torrevieja";"Mujeres";"De 0 a 4 años";1600
"1 de enero de 2016";"03133 - Torrevieja";"Mujeres";"De 10 a 14 años";1980
"1 de enero de 2016";"03133 - Torrevieja";"Mujeres";"De 15 a 19 años";1824
"1 de enero de 2016";"03133 - Torrevieja";"Mujeres";"De 20 a 24 años";1949
"1 de enero de 2016";"03133 - Torrevieja";"Mujeres";"De 25 a 29 años";2390
"1 de enero de 2016";"03133 - Torrevieja";"Mujeres";"De 30 a 34 años";2902
"1 de enero de 2016";"03133 - Torrevieja";"Mujeres";"De 35 a 39 años";3451
"1 de enero de 2016";"03133 - Torrevieja";"Mujeres";"De 40 a 44 años";3549
"1 de enero de 2016";"03133 - Torrevieja";"Mujeres";"De 45 a 49 años";3248
"1 de enero de 2016";"03133 - Torrevieja";"Mujeres";"De 5 a 9 años";2046
"1 de enero de 2016";"03133 - Torrevieja";"Mujeres";"De 50 a 54 años";3095
"1 de enero de 2016";"03133 - Torrevieja";"Mujeres";"De 55 a 59 años";2824
"1 de enero de 2016";"03133 - Torrevieja";"Mujeres";"De 60 a 64 años";2761
"1 de enero de 2016";"03133 - Torrevieja";"Mujeres";"De 65 a 69 años";3280
"1 de enero de 2016";"03133 - Torrevieja";"Mujeres";"De 70 a 74 años";2932
"1 de enero de 2016";"03133 - Torrevieja";"Mujeres";"De 75 a 79 años";2369
"1 de enero de 2016";"03133 - Torrevieja";"Mujeres";"De 80 a 84 años";1449
"1 de enero de 2016";"03133 - Torrevieja";"Mujeres";"De 85 a 89 años";732
"1 de enero de 2016";"03133 - Torrevieja";"Mujeres";"De 90 a 94 años";228
"1 de enero de 2016";"03133 - Torrevieja";"Mujeres";"Total";44653
"1 de enero de 2017";"03133 - Torrevieja";"Ambos sexos";"95 y más años";59
"1 de enero de 2017";"03133 - Torrevieja";"Ambos sexos";"De 0 a 4 años";3362
"1 de enero de 2017";"03133 - Torrevieja";"Ambos sexos";"De 10 a 14 años";4009
"1 de enero de 2017";"03133 - Torrevieja";"Ambos sexos";"De 15 a 19 años";3582
"1 de enero de 2017";"03133 - Torrevieja";"Ambos sexos";"De 20 a 24 años";3693
"1 de enero de 2017";"03133 - Torrevieja";"Ambos sexos";"De 25 a 29 años";4234
"1 de enero de 2017";"03133 - Torrevieja";"Ambos sexos";"De 30 a 34 años";4950
"1 de enero de 2017";"03133 - Torrevieja";"Ambos sexos";"De 35 a 39 años";6288
"1 de enero de 2017";"03133 - Torrevieja";"Ambos sexos";"De 40 a 44 años";6861
"1 de enero de 2017";"03133 - Torrevieja";"Ambos sexos";"De 45 a 49 años";6447
"1 de enero de 2017";"03133 - Torrevieja";"Ambos sexos";"De 5 a 9 años";4001
"1 de enero de 2017";"03133 - Torrevieja";"Ambos sexos";"De 50 a 54 años";5846
"1 de enero de 2017";"03133 - Torrevieja";"Ambos sexos";"De 55 a 59 años";5119
"1 de enero de 2017";"03133 - Torrevieja";"Ambos sexos";"De 60 a 64 años";4552
"1 de enero de 2017";"03133 - Torrevieja";"Ambos sexos";"De 65 a 69 años";5028
"1 de enero de 2017";"03133 - Torrevieja";"Ambos sexos";"De 70 a 74 años";4476
"1 de enero de 2017";"03133 - Torrevieja";"Ambos sexos";"De 75 a 79 años";3356
"1 de enero de 2017";"03133 - Torrevieja";"Ambos sexos";"De 80 a 84 años";2194
"1 de enero de 2017";"03133 - Torrevieja";"Ambos sexos";"De 85 a 89 años";1016
"1 de enero de 2017";"03133 - Torrevieja";"Ambos sexos";"De 90 a 94 años";332
"1 de enero de 2017";"03133 - Torrevieja";"Ambos sexos";"Total";79406
"1 de enero de 2017";"03133 - Torrevieja";"Hombres";"95 y más años";21
"1 de enero de 2017";"03133 - Torrevieja";"Hombres";"De 0 a 4 años";1745
"1 de enero de 2017";"03133 - Torrevieja";"Hombres";"De 10 a 14 años";2069
"1 de enero de 2017";"03133 - Torrevieja";"Hombres";"De 15 a 19 años";1854
"1 de enero de 2017";"03133 - Torrevieja";"Hombres";"De 20 a 24 años";1919
"1 de enero de 2017";"03133 - Torrevieja";"Hombres";"De 25 a 29 años";2146
"1 de enero de 2017";"03133 - Torrevieja";"Hombres";"De 30 a 34 años";2443
"1 de enero de 2017";"03133 - Torrevieja";"Hombres";"De 35 a 39 años";3262
"1 de enero de 2017";"03133 - Torrevieja";"Hombres";"De 40 a 44 años";3561
"1 de enero de 2017";"03133 - Torrevieja";"Hombres";"De 45 a 49 años";3339
"1 de enero de 2017";"03133 - Torrevieja";"Hombres";"De 5 a 9 años";2100
"1 de enero de 2017";"03133 - Torrevieja";"Hombres";"De 50 a 54 años";2954
"1 de enero de 2017";"03133 - Torrevieja";"Hombres";"De 55 a 59 años";2543
"1 de enero de 2017";"03133 - Torrevieja";"Hombres";"De 60 a 64 años";2130
"1 de enero de 2017";"03133 - Torrevieja";"Hombres";"De 65 a 69 años";2404
"1 de enero de 2017";"03133 - Torrevieja";"Hombres";"De 70 a 74 años";2136
"1 de enero de 2017";"03133 - Torrevieja";"Hombres";"De 75 a 79 años";1570
"1 de enero de 2017";"03133 - Torrevieja";"Hombres";"De 80 a 84 años";1010
"1 de enero de 2017";"03133 - Torrevieja";"Hombres";"De 85 a 89 años";405
"1 de enero de 2017";"03133 - Torrevieja";"Hombres";"De 90 a 94 años";104
"1 de enero de 2017";"03133 - Torrevieja";"Hombres";"Total";39713
"1 de enero de 2017";"03133 - Torrevieja";"Mujeres";"95 y más años";38
"1 de enero de 2017";"03133 - Torrevieja";"Mujeres";"De 0 a 4 años";1617
"1 de enero de 2017";"03133 - Torrevieja";"Mujeres";"De 10 a 14 años";1940
"1 de enero de 2017";"03133 - Torrevieja";"Mujeres";"De 15 a 19 años";1728
"1 de enero de 2017";"03133 - Torrevieja";"Mujeres";"De 20 a 24 años";1774
"1 de enero de 2017";"03133 - Torrevieja";"Mujeres";"De 25 a 29 años";2088
"1 de enero de 2017";"03133 - Torrevieja";"Mujeres";"De 30 a 34 años";2507
"1 de enero de 2017";"03133 - Torrevieja";"Mujeres";"De 35 a 39 años";3026
"1 de enero de 2017";"03133 - Torrevieja";"Mujeres";"De 40 a 44 años";3300
"1 de enero de 2017";"03133 - Torrevieja";"Mujeres";"De 45 a 49 años";3109
"1 de enero de 2017";"03133 - Torrevieja";"Mujeres";"De 5 a 9 años";1901
"1 de enero de 2017";"03133 - Torrevieja";"Mujeres";"De 50 a 54 años";2892
"1 de enero de 2017";"03133 - Torrevieja";"Mujeres";"De 55 a 59 años";2576
"1 de enero de 2017";"03133 - Torrevieja";"Mujeres";"De 60 a 64 años";2422
"1 de enero de 2017";"03133 - Torrevieja";"Mujeres";"De 65 a 69 años";2624
"1 de enero de 2017";"03133 - Torrevieja";"Mujeres";"De 70 a 74 años";2340
"1 de enero de 2017";"03133 - Torrevieja";"Mujeres";"De 75 a 79 años";1786
"1 de enero de 2017";"03133 - Torrevieja";"Mujeres";"De 80 a 84 años";1183
"1 de enero de 2017";"03133 - Torrevieja";"Mujeres";"De 85 a 89 años";611
"1 de enero de 2017";"03133 - Torrevieja";"Mujeres";"De 90 a 94 años";229
"1 de enero de 2017";"03133 - Torrevieja";"Mujeres";"Total";39693
"1 de enero de 2018";"03133 - Torrevieja";"Ambos sexos";"95 y más años";82
"1 de enero de 2018";"03133 - Torrevieja";"Ambos sexos";"De 0 a 4 años";3293
"1 de enero de 2018";"03133 - Torrevieja";"Ambos sexos";"De 10 a 14 años";4014
"1 de enero de 2018";"03133 - Torrevieja";"Ambos sexos";"De 15 a 19 años";3598
"1 de enero de 2018";"03133 - Torrevieja";"Ambos sexos";"De 20 a 24 años";3648
"1 de enero de 2018";"03133 - Torrevieja";"Ambos sexos";"De 25 a 29 años";4079
"1 de enero de 2018";"03133 - Torrevieja";"Ambos sexos";"De 30 a 34 años";4706
"1 de enero de 2018";"03133 - Torrevieja";"Ambos sexos";"De 35 a 39 años";5930
"1 de enero de 2018";"03133 - Torrevieja";"Ambos sexos";"De 40 a 44 años";6741
"1 de enero de 2018";"03133 - Torrevieja";"Ambos sexos";"De 45 a 49 años";6408
"1 de enero de 2018";"03133 - Torrevieja";"Ambos sexos";"De 5 a 9 años";3912
"1 de enero de 2018";"03133 - Torrevieja";"Ambos sexos";"De 50 a 54 años";5937
"1 de enero de 2018";"03133 - Torrevieja";"Ambos sexos";"De 55 a 59 años";5281
"1 de enero de 2018";"03133 - Torrevieja";"Ambos sexos";"De 60 a 64 años";4675
"1 de enero de 2018";"03133 - Torrevieja";"Ambos sexos";"De 65 a 69 años";5000
"1 de enero de 2018";"03133 - Torrevieja";"Ambos sexos";"De 70 a 74 años";4907
"1 de enero de 2018";"03133 - Torrevieja";"Ambos sexos";"De 75 a 79 años";3476
"1 de enero de 2018";"03133 - Torrevieja";"Ambos sexos";"De 80 a 84 años";2327
"1 de enero de 2018";"03133 - Torrevieja";"Ambos sexos";"De 85 a 89 años";1149
"1 de enero de 2018";"03133 - Torrevieja";"Ambos sexos";"De 90 a 94 años";354
"1 de enero de 2018";"03133 - Torrevieja";"Ambos sexos";"Total";79518
"1 de enero de 2018";"03133 - Torrevieja";"Hombres";"95 y más años";22
"1 de enero de 2018";"03133 - Torrevieja";"Hombres";"De 0 a 4 años";1699
"1 de enero de 2018";"03133 - Torrevieja";"Hombres";"De 10 a 14 años";2038
"1 de enero de 2018";"03133 - Torrevieja";"Hombres";"De 15 a 19 años";1897
"1 de enero de 2018";"03133 - Torrevieja";"Hombres";"De 20 a 24 años";1867
"1 de enero de 2018";"03133 - Torrevieja";"Hombres";"De 25 a 29 años";2113
"1 de enero de 2018";"03133 - Torrevieja";"Hombres";"De 30 a 34 años";2297
"1 de enero de 2018";"03133 - Torrevieja";"Hombres";"De 35 a 39 años";2991
"1 de enero de 2018";"03133 - Torrevieja";"Hombres";"De 40 a 44 años";3516
"1 de enero de 2018";"03133 - Torrevieja";"Hombres";"De 45 a 49 años";3297
"1 de enero de 2018";"03133 - Torrevieja";"Hombres";"De 5 a 9 años";2074
"1 de enero de 2018";"03133 - Torrevieja";"Hombres";"De 50 a 54 años";3002
"1 de enero de 2018";"03133 - Torrevieja";"Hombres";"De 55 a 59 años";2575
"1 de enero de 2018";"03133 - Torrevieja";"Hombres";"De 60 a 64 años";2193
"1 de enero de 2018";"03133 - Torrevieja";"Hombres";"De 65 a 69 años";2402
"1 de enero de 2018";"03133 - Torrevieja";"Hombres";"De 70 a 74 años";2346
"1 de enero de 2018";"03133 - Torrevieja";"Hombres";"De 75 a 79 años";1632
"1 de enero de 2018";"03133 - Torrevieja";"Hombres";"De 80 a 84 años";1068
"1 de enero de 2018";"03133 - Torrevieja";"Hombres";"De 85 a 89 años";460
"1 de enero de 2018";"03133 - Torrevieja";"Hombres";"De 90 a 94 años";114
"1 de enero de 2018";"03133 - Torrevieja";"Hombres";"Total";39602
"1 de enero de 2018";"03133 - Torrevieja";"Mujeres";"95 y más años";60
"1 de enero de 2018";"03133 - Torrevieja";"Mujeres";"De 0 a 4 años";1594
"1 de enero de 2018";"03133 - Torrevieja";"Mujeres";"De 10 a 14 años";1976
"1 de enero de 2018";"03133 - Torrevieja";"Mujeres";"De 15 a 19 años";1702
"1 de enero de 2018";"03133 - Torrevieja";"Mujeres";"De 20 a 24 años";1781
"1 de enero de 2018";"03133 - Torrevieja";"Mujeres";"De 25 a 29 años";1966
"1 de enero de 2018";"03133 - Torrevieja";"Mujeres";"De 30 a 34 años";2409
"1 de enero de 2018";"03133 - Torrevieja";"Mujeres";"De 35 a 39 años";2940
"1 de enero de 2018";"03133 - Torrevieja";"Mujeres";"De 40 a 44 años";3225
"1 de enero de 2018";"03133 - Torrevieja";"Mujeres";"De 45 a 49 años";3111
"1 de enero de 2018";"03133 - Torrevieja";"Mujeres";"De 5 a 9 años";1838
"1 de enero de 2018";"03133 - Torrevieja";"Mujeres";"De 50 a 54 años";2935
"1 de enero de 2018";"03133 - Torrevieja";"Mujeres";"De 55 a 59 años";2707
"1 de enero de 2018";"03133 - Torrevieja";"Mujeres";"De 60 a 64 años";2481
"1 de enero de 2018";"03133 - Torrevieja";"Mujeres";"De 65 a 69 años";2598
"1 de enero de 2018";"03133 - Torrevieja";"Mujeres";"De 70 a 74 años";2560
"1 de enero de 2018";"03133 - Torrevieja";"Mujeres";"De 75 a 79 años";1845
"1 de enero de 2018";"03133 - Torrevieja";"Mujeres";"De 80 a 84 años";1259
"1 de enero de 2018";"03133 - Torrevieja";"Mujeres";"De 85 a 89 años";689
"1 de enero de 2018";"03133 - Torrevieja";"Mujeres";"De 90 a 94 años";240
"1 de enero de 2018";"03133 - Torrevieja";"Mujeres";"Total";39916
"1 de enero de 2019";"03133 - Torrevieja";"Ambos sexos";"95 y más años";79
"1 de enero de 2019";"03133 - Torrevieja";"Ambos sexos";"De 0 a 4 años";3302
"1 de enero de 2019";"03133 - Torrevieja";"Ambos sexos";"De 10 a 14 años";4076
"1 de enero de 2019";"03133 - Torrevieja";"Ambos sexos";"De 15 a 19 años";3783
"1 de enero de 2019";"03133 - Torrevieja";"Ambos sexos";"De 20 a 24 años";3710
"1 de enero de 2019";"03133 - Torrevieja";"Ambos sexos";"De 25 a 29 años";4064
"1 de enero de 2019";"03133 - Torrevieja";"Ambos sexos";"De 30 a 34 años";4709
"1 de enero de 2019";"03133 - Torrevieja";"Ambos sexos";"De 35 a 39 años";5771
"1 de enero de 2019";"03133 - Torrevieja";"Ambos sexos";"De 40 a 44 años";6672
"1 de enero de 2019";"03133 - Torrevieja";"Ambos sexos";"De 45 a 49 años";6583
"1 de enero de 2019";"03133 - Torrevieja";"Ambos sexos";"De 5 a 9 años";3745
"1 de enero de 2019";"03133 - Torrevieja";"Ambos sexos";"De 50 a 54 años";6059
"1 de enero de 2019";"03133 - Torrevieja";"Ambos sexos";"De 55 a 59 años";5389
"1 de enero de 2019";"03133 - Torrevieja";"Ambos sexos";"De 60 a 64 años";4772
"1 de enero de 2019";"03133 - Torrevieja";"Ambos sexos";"De 65 a 69 años";5056
"1 de enero de 2019";"03133 - Torrevieja";"Ambos sexos";"De 70 a 74 años";5090
"1 de enero de 2019";"03133 - Torrevieja";"Ambos sexos";"De 75 a 79 años";3636
"1 de enero de 2019";"03133 - Torrevieja";"Ambos sexos";"De 80 a 84 años";2524
"1 de enero de 2019";"03133 - Torrevieja";"Ambos sexos";"De 85 a 89 años";1246
"1 de enero de 2019";"03133 - Torrevieja";"Ambos sexos";"De 90 a 94 años";385
"1 de enero de 2019";"03133 - Torrevieja";"Ambos sexos";"Total";80652
"1 de enero de 2019";"03133 - Torrevieja";"Hombres";"95 y más años";19
"1 de enero de 2019";"03133 - Torrevieja";"Hombres";"De 0 a 4 años";1706
"1 de enero de 2019";"03133 - Torrevieja";"Hombres";"De 10 a 14 años";2078
"1 de enero de 2019";"03133 - Torrevieja";"Hombres";"De 15 a 19 años";1957
"1 de enero de 2019";"03133 - Torrevieja";"Hombres";"De 20 a 24 años";1909
"1 de enero de 2019";"03133 - Torrevieja";"Hombres";"De 25 a 29 años";2110
"1 de enero de 2019";"03133 - Torrevieja";"Hombres";"De 30 a 34 años";2323
"1 de enero de 2019";"03133 - Torrevieja";"Hombres";"De 35 a 39 años";2831
"1 de enero de 2019";"03133 - Torrevieja";"Hombres";"De 40 a 44 años";3424
"1 de enero de 2019";"03133 - Torrevieja";"Hombres";"De 45 a 49 años";3401
"1 de enero de 2019";"03133 - Torrevieja";"Hombres";"De 5 a 9 años";2003
"1 de enero de 2019";"03133 - Torrevieja";"Hombres";"De 50 a 54 años";3081
"1 de enero de 2019";"03133 - Torrevieja";"Hombres";"De 55 a 59 años";2596
"1 de enero de 2019";"03133 - Torrevieja";"Hombres";"De 60 a 64 años";2230
"1 de enero de 2019";"03133 - Torrevieja";"Hombres";"De 65 a 69 años";2412
"1 de enero de 2019";"03133 - Torrevieja";"Hombres";"De 70 a 74 años";2442
"1 de enero de 2019";"03133 - Torrevieja";"Hombres";"De 75 a 79 años";1675
"1 de enero de 2019";"03133 - Torrevieja";"Hombres";"De 80 a 84 años";1158
"1 de enero de 2019";"03133 - Torrevieja";"Hombres";"De 85 a 89 años";522
"1 de enero de 2019";"03133 - Torrevieja";"Hombres";"De 90 a 94 años";121
"1 de enero de 2019";"03133 - Torrevieja";"Hombres";"Total";39998
"1 de enero de 2019";"03133 - Torrevieja";"Mujeres";"95 y más años";60
"1 de enero de 2019";"03133 - Torrevieja";"Mujeres";"De 0 a 4 años";1597
"1 de enero de 2019";"03133 - Torrevieja";"Mujeres";"De 10 a 14 años";1998
"1 de enero de 2019";"03133 - Torrevieja";"Mujeres";"De 15 a 19 años";1826
"1 de enero de 2019";"03133 - Torrevieja";"Mujeres";"De 20 a 24 años";1801
"1 de enero de 2019";"03133 - Torrevieja";"Mujeres";"De 25 a 29 años";1954
"1 de enero de 2019";"03133 - Torrevieja";"Mujeres";"De 30 a 34 años";2386
"1 de enero de 2019";"03133 - Torrevieja";"Mujeres";"De 35 a 39 años";2939
"1 de enero de 2019";"03133 - Torrevieja";"Mujeres";"De 40 a 44 años";3248
"1 de enero de 2019";"03133 - Torrevieja";"Mujeres";"De 45 a 49 años";3182
"1 de enero de 2019";"03133 - Torrevieja";"Mujeres";"De 5 a 9 años";1742
"1 de enero de 2019";"03133 - Torrevieja";"Mujeres";"De 50 a 54 años";2978
"1 de enero de 2019";"03133 - Torrevieja";"Mujeres";"De 55 a 59 años";2793
"1 de enero de 2019";"03133 - Torrevieja";"Mujeres";"De 60 a 64 años";2542
"1 de enero de 2019";"03133 - Torrevieja";"Mujeres";"De 65 a 69 años";2644
"1 de enero de 2019";"03133 - Torrevieja";"Mujeres";"De 70 a 74 años";2648
"1 de enero de 2019";"03133 - Torrevieja";"Mujeres";"De 75 a 79 años";1961
"1 de enero de 2019";"03133 - Torrevieja";"Mujeres";"De 80 a 84 años";1365
"1 de enero de 2019";"03133 - Torrevieja";"Mujeres";"De 85 a 89 años";724
"1 de enero de 2019";"03133 - Torrevieja";"Mujeres";"De 90 a 94 años";265
"1 de enero de 2019";"03133 - Torrevieja";"Mujeres";"Total";40654
"1 de enero de 2020";"03133 - Torrevieja";"Ambos sexos";"95 y más años";96
"1 de enero de 2020";"03133 - Torrevieja";"Ambos sexos";"De 0 a 4 años";3240
"1 de enero de 2020";"03133 - Torrevieja";"Ambos sexos";"De 10 a 14 años";4219
"1 de enero de 2020";"03133 - Torrevieja";"Ambos sexos";"De 15 a 19 años";3934
"1 de enero de 2020";"03133 - Torrevieja";"Ambos sexos";"De 20 a 24 años";3835
"1 de enero de 2020";"03133 - Torrevieja";"Ambos sexos";"De 25 a 29 años";4190
"1 de enero de 2020";"03133 - Torrevieja";"Ambos sexos";"De 30 a 34 años";4625
"1 de enero de 2020";"03133 - Torrevieja";"Ambos sexos";"De 35 a 39 años";5642
"1 de enero de 2020";"03133 - Torrevieja";"Ambos sexos";"De 40 a 44 años";6612
"1 de enero de 2020";"03133 - Torrevieja";"Ambos sexos";"De 45 a 49 años";6653
"1 de enero de 2020";"03133 - Torrevieja";"Ambos sexos";"De 5 a 9 años";3811
"1 de enero de 2020";"03133 - Torrevieja";"Ambos sexos";"De 50 a 54 años";6187
"1 de enero de 2020";"03133 - Torrevieja";"Ambos sexos";"De 55 a 59 años";5684
"1 de enero de 2020";"03133 - Torrevieja";"Ambos sexos";"De 60 a 64 años";4962
"1 de enero de 2020";"03133 - Torrevieja";"Ambos sexos";"De 65 a 69 años";5119
"1 de enero de 2020";"03133 - Torrevieja";"Ambos sexos";"De 70 a 74 años";5159
"1 de enero de 2020";"03133 - Torrevieja";"Ambos sexos";"De 75 a 79 años";3928
"1 de enero de 2020";"03133 - Torrevieja";"Ambos sexos";"De 80 a 84 años";2583
"1 de enero de 2020";"03133 - Torrevieja";"Ambos sexos";"De 85 a 89 años";1374
"1 de enero de 2020";"03133 - Torrevieja";"Ambos sexos";"De 90 a 94 años";430
"1 de enero de 2020";"03133 - Torrevieja";"Ambos sexos";"Total";82283
"1 de enero de 2020";"03133 - Torrevieja";"Hombres";"95 y más años";25
"1 de enero de 2020";"03133 - Torrevieja";"Hombres";"De 0 a 4 años";1668
"1 de enero de 2020";"03133 - Torrevieja";"Hombres";"De 10 a 14 años";2179
"1 de enero de 2020";"03133 - Torrevieja";"Hombres";"De 15 a 19 años";2039
"1 de enero de 2020";"03133 - Torrevieja";"Hombres";"De 20 a 24 años";1951
"1 de enero de 2020";"03133 - Torrevieja";"Hombres";"De 25 a 29 años";2182
"1 de enero de 2020";"03133 - Torrevieja";"Hombres";"De 30 a 34 años";2301
"1 de enero de 2020";"03133 - Torrevieja";"Hombres";"De 35 a 39 años";2701
"1 de enero de 2020";"03133 - Torrevieja";"Hombres";"De 40 a 44 años";3353
"1 de enero de 2020";"03133 - Torrevieja";"Hombres";"De 45 a 49 años";3357
"1 de enero de 2020";"03133 - Torrevieja";"Hombres";"De 5 a 9 años";2039
"1 de enero de 2020";"03133 - Torrevieja";"Hombres";"De 50 a 54 años";3101
"1 de enero de 2020";"03133 - Torrevieja";"Hombres";"De 55 a 59 años";2755
"1 de enero de 2020";"03133 - Torrevieja";"Hombres";"De 60 a 64 años";2322
"1 de enero de 2020";"03133 - Torrevieja";"Hombres";"De 65 a 69 años";2420
"1 de enero de 2020";"03133 - Torrevieja";"Hombres";"De 70 a 74 años";2469
"1 de enero de 2020";"03133 - Torrevieja";"Hombres";"De 75 a 79 años";1854
"1 de enero de 2020";"03133 - Torrevieja";"Hombres";"De 80 a 84 años";1162
"1 de enero de 2020";"03133 - Torrevieja";"Hombres";"De 85 a 89 años";588
"1 de enero de 2020";"03133 - Torrevieja";"Hombres";"De 90 a 94 años";134
"1 de enero de 2020";"03133 - Torrevieja";"Hombres";"Total";40600
"1 de enero de 2020";"03133 - Torrevieja";"Mujeres";"95 y más años";71
"1 de enero de 2020";"03133 - Torrevieja";"Mujeres";"De 0 a 4 años";1573
"1 de enero de 2020";"03133 - Torrevieja";"Mujeres";"De 10 a 14 años";2040
"1 de enero de 2020";"03133 - Torrevieja";"Mujeres";"De 15 a 19 años";1895
"1 de enero de 2020";"03133 - Torrevieja";"Mujeres";"De 20 a 24 años";1884
"1 de enero de 2020";"03133 - Torrevieja";"Mujeres";"De 25 a 29 años";2007
"1 de enero de 2020";"03133 - Torrevieja";"Mujeres";"De 30 a 34 años";2324
"1 de enero de 2020";"03133 - Torrevieja";"Mujeres";"De 35 a 39 años";2941
"1 de enero de 2020";"03133 - Torrevieja";"Mujeres";"De 40 a 44 años";3259
"1 de enero de 2020";"03133 - Torrevieja";"Mujeres";"De 45 a 49 años";3296
"1 de enero de 2020";"03133 - Torrevieja";"Mujeres";"De 5 a 9 años";1772
"1 de enero de 2020";"03133 - Torrevieja";"Mujeres";"De 50 a 54 años";3086
"1 de enero de 2020";"03133 - Torrevieja";"Mujeres";"De 55 a 59 años";2929
"1 de enero de 2020";"03133 - Torrevieja";"Mujeres";"De 60 a 64 años";2639
"1 de enero de 2020";"03133 - Torrevieja";"Mujeres";"De 65 a 69 años";2699
"1 de enero de 2020";"03133 - Torrevieja";"Mujeres";"De 70 a 74 años";2689
"1 de enero de 2020";"03133 - Torrevieja";"Mujeres";"De 75 a 79 años";2074
"1 de enero de 2020";"03133 - Torrevieja";"Mujeres";"De 80 a 84 años";1421
"1 de enero de 2020";"03133 - Torrevieja";"Mujeres";"De 85 a 89 años";786
"1 de enero de 2020";"03133 - Torrevieja";"Mujeres";"De 90 a 94 años";296
"1 de enero de 2020";"03133 - Torrevieja";"Mujeres";"Total";41683
"1 de enero de 2021";"03133 - Torrevieja";"Ambos sexos";"95 y más años";97
"1 de enero de 2021";"03133 - Torrevieja";"Ambos sexos";"De 0 a 4 años";3158
"1 de enero de 2021";"03133 - Torrevieja";"Ambos sexos";"De 10 a 14 años";4353
"1 de enero de 2021";"03133 - Torrevieja";"Ambos sexos";"De 15 a 19 años";3956
"1 de enero de 2021";"03133 - Torrevieja";"Ambos sexos";"De 20 a 24 años";3889
"1 de enero de 2021";"03133 - Torrevieja";"Ambos sexos";"De 25 a 29 años";4186
"1 de enero de 2021";"03133 - Torrevieja";"Ambos sexos";"De 30 a 34 años";4663
"1 de enero de 2021";"03133 - Torrevieja";"Ambos sexos";"De 35 a 39 años";5516
"1 de enero de 2021";"03133 - Torrevieja";"Ambos sexos";"De 40 a 44 años";6606
"1 de enero de 2021";"03133 - Torrevieja";"Ambos sexos";"De 45 a 49 años";6705
"1 de enero de 2021";"03133 - Torrevieja";"Ambos sexos";"De 5 a 9 años";3729
"1 de enero de 2021";"03133 - Torrevieja";"Ambos sexos";"De 50 a 54 años";6349
"1 de enero de 2021";"03133 - Torrevieja";"Ambos sexos";"De 55 a 59 años";5881
"1 de enero de 2021";"03133 - Torrevieja";"Ambos sexos";"De 60 a 64 años";5256
"1 de enero de 2021";"03133 - Torrevieja";"Ambos sexos";"De 65 a 69 años";5242
"1 de enero de 2021";"03133 - Torrevieja";"Ambos sexos";"De 70 a 74 años";5254
"1 de enero de 2021";"03133 - Torrevieja";"Ambos sexos";"De 75 a 79 años";4144
"1 de enero de 2021";"03133 - Torrevieja";"Ambos sexos";"De 80 a 84 años";2775
"1 de enero de 2021";"03133 - Torrevieja";"Ambos sexos";"De 85 a 89 años";1509
"1 de enero de 2021";"03133 - Torrevieja";"Ambos sexos";"De 90 a 94 años";472
"1 de enero de 2021";"03133 - Torrevieja";"Ambos sexos";"Total";83740
"1 de enero de 2021";"03133 - Torrevieja";"Hombres";"95 y más años";28
"1 de enero de 2021";"03133 - Torrevieja";"Hombres";"De 0 a 4 años";1630
"1 de enero de 2021";"03133 - Torrevieja";"Hombres";"De 10 a 14 años";2247
"1 de enero de 2021";"03133 - Torrevieja";"Hombres";"De 15 a 19 años";2035
"1 de enero de 2021";"03133 - Torrevieja";"Hombres";"De 20 a 24 años";1969
"1 de enero de 2021";"03133 - Torrevieja";"Hombres";"De 25 a 29 años";2150
"1 de enero de 2021";"03133 - Torrevieja";"Hombres";"De 30 a 34 años";2376
"1 de enero de 2021";"03133 - Torrevieja";"Hombres";"De 35 a 39 años";2644
"1 de enero de 2021";"03133 - Torrevieja";"Hombres";"De 40 a 44 años";3292
"1 de enero de 2021";"03133 - Torrevieja";"Hombres";"De 45 a 49 años";3357
"1 de enero de 2021";"03133 - Torrevieja";"Hombres";"De 5 a 9 años";1956
"1 de enero de 2021";"03133 - Torrevieja";"Hombres";"De 50 a 54 años";3189
"1 de enero de 2021";"03133 - Torrevieja";"Hombres";"De 55 a 59 años";2861
"1 de enero de 2021";"03133 - Torrevieja";"Hombres";"De 60 a 64 años";2493
"1 de enero de 2021";"03133 - Torrevieja";"Hombres";"De 65 a 69 años";2454
"1 de enero de 2021";"03133 - Torrevieja";"Hombres";"De 70 a 74 años";2516
"1 de enero de 2021";"03133 - Torrevieja";"Hombres";"De 75 a 79 años";1985
"1 de enero de 2021";"03133 - Torrevieja";"Hombres";"De 80 a 84 años";1240
"1 de enero de 2021";"03133 - Torrevieja";"Hombres";"De 85 a 89 años";646
"1 de enero de 2021";"03133 - Torrevieja";"Hombres";"De 90 a 94 años";148
"1 de enero de 2021";"03133 - Torrevieja";"Hombres";"Total";41216
"1 de enero de 2021";"03133 - Torrevieja";"Mujeres";"95 y más años";69
"1 de enero de 2021";"03133 - Torrevieja";"Mujeres";"De 0 a 4 años";1528
"1 de enero de 2021";"03133 - Torrevieja";"Mujeres";"De 10 a 14 años";2106
"1 de enero de 2021";"03133 - Torrevieja";"Mujeres";"De 15 a 19 años";1921
"1 de enero de 2021";"03133 - Torrevieja";"Mujeres";"De 20 a 24 años";1920
"1 de enero de 2021";"03133 - Torrevieja";"Mujeres";"De 25 a 29 años";2036
"1 de enero de 2021";"03133 - Torrevieja";"Mujeres";"De 30 a 34 años";2287
"1 de enero de 2021";"03133 - Torrevieja";"Mujeres";"De 35 a 39 años";2872
"1 de enero de 2021";"03133 - Torrevieja";"Mujeres";"De 40 a 44 años";3314
"1 de enero de 2021";"03133 - Torrevieja";"Mujeres";"De 45 a 49 años";3348
"1 de enero de 2021";"03133 - Torrevieja";"Mujeres";"De 5 a 9 años";1773
"1 de enero de 2021";"03133 - Torrevieja";"Mujeres";"De 50 a 54 años";3160
"1 de enero de 2021";"03133 - Torrevieja";"Mujeres";"De 55 a 59 años";3020
"1 de enero de 2021";"03133 - Torrevieja";"Mujeres";"De 60 a 64 años";2763
"1 de enero de 2021";"03133 - Torrevieja";"Mujeres";"De 65 a 69 años";2788
"1 de enero de 2021";"03133 - Torrevieja";"Mujeres";"De 70 a 74 años";2738
"1 de enero de 2021";"03133 - Torrevieja";"Mujeres";"De 75 a 79 años";2159
"1 de enero de 2021";"03133 - Torrevieja";"Mujeres";"De 80 a 84 años";1535
"1 de enero de 2021";"03133 - Torrevieja";"Mujeres";"De 85 a 89 años";863
"1 de enero de 2021";"03133 - Torrevieja";"Mujeres";"De 90 a 94 años";324
"1 de enero de 2021";"03133 - Torrevieja";"Mujeres";"Total";42524
"1 de julio de 2012";"03133 - Torrevieja";"Ambos sexos";"95 y más años";85
"1 de julio de 2012";"03133 - Torrevieja";"Ambos sexos";"De 0 a 4 años";3784
"1 de julio de 2012";"03133 - Torrevieja";"Ambos sexos";"De 10 a 14 años";3711
"1 de julio de 2012";"03133 - Torrevieja";"Ambos sexos";"De 15 a 19 años";3840
"1 de julio de 2012";"03133 - Torrevieja";"Ambos sexos";"De 20 a 24 años";4301
"1 de julio de 2012";"03133 - Torrevieja";"Ambos sexos";"De 25 a 29 años";5214
"1 de julio de 2012";"03133 - Torrevieja";"Ambos sexos";"De 30 a 34 años";6843
"1 de julio de 2012";"03133 - Torrevieja";"Ambos sexos";"De 35 a 39 años";7478
"1 de julio de 2012";"03133 - Torrevieja";"Ambos sexos";"De 40 a 44 años";7083
"1 de julio de 2012";"03133 - Torrevieja";"Ambos sexos";"De 45 a 49 años";6464
"1 de julio de 2012";"03133 - Torrevieja";"Ambos sexos";"De 5 a 9 años";4177
"1 de julio de 2012";"03133 - Torrevieja";"Ambos sexos";"De 50 a 54 años";5686
"1 de julio de 2012";"03133 - Torrevieja";"Ambos sexos";"De 55 a 59 años";5052
"1 de julio de 2012";"03133 - Torrevieja";"Ambos sexos";"De 60 a 64 años";5788
"1 de julio de 2012";"03133 - Torrevieja";"Ambos sexos";"De 65 a 69 años";6652
"1 de julio de 2012";"03133 - Torrevieja";"Ambos sexos";"De 70 a 74 años";6086
"1 de julio de 2012";"03133 - Torrevieja";"Ambos sexos";"De 75 a 79 años";4719
"1 de julio de 2012";"03133 - Torrevieja";"Ambos sexos";"De 80 a 84 años";2617
"1 de julio de 2012";"03133 - Torrevieja";"Ambos sexos";"De 85 a 89 años";1157
"1 de julio de 2012";"03133 - Torrevieja";"Ambos sexos";"De 90 a 94 años";367
"1 de julio de 2012";"03133 - Torrevieja";"Ambos sexos";"Total";91102
"1 de julio de 2012";"03133 - Torrevieja";"Hombres";"95 y más años";24
"1 de julio de 2012";"03133 - Torrevieja";"Hombres";"De 0 a 4 años";1989
"1 de julio de 2012";"03133 - Torrevieja";"Hombres";"De 10 a 14 años";1922
"1 de julio de 2012";"03133 - Torrevieja";"Hombres";"De 15 a 19 años";1984
"1 de julio de 2012";"03133 - Torrevieja";"Hombres";"De 20 a 24 años";2215
"1 de julio de 2012";"03133 - Torrevieja";"Hombres";"De 25 a 29 años";2566
"1 de julio de 2012";"03133 - Torrevieja";"Hombres";"De 30 a 34 años";3518
"1 de julio de 2012";"03133 - Torrevieja";"Hombres";"De 35 a 39 años";4010
"1 de julio de 2012";"03133 - Torrevieja";"Hombres";"De 40 a 44 años";3777
"1 de julio de 2012";"03133 - Torrevieja";"Hombres";"De 45 a 49 años";3332
"1 de julio de 2012";"03133 - Torrevieja";"Hombres";"De 5 a 9 años";2176
"1 de julio de 2012";"03133 - Torrevieja";"Hombres";"De 50 a 54 años";2887
"1 de julio de 2012";"03133 - Torrevieja";"Hombres";"De 55 a 59 años";2406
"1 de julio de 2012";"03133 - Torrevieja";"Hombres";"De 60 a 64 años";2698
"1 de julio de 2012";"03133 - Torrevieja";"Hombres";"De 65 a 69 años";3204
"1 de julio de 2012";"03133 - Torrevieja";"Hombres";"De 70 a 74 años";2970
"1 de julio de 2012";"03133 - Torrevieja";"Hombres";"De 75 a 79 años";2442
"1 de julio de 2012";"03133 - Torrevieja";"Hombres";"De 80 a 84 años";1267
"1 de julio de 2012";"03133 - Torrevieja";"Hombres";"De 85 a 89 años";476
"1 de julio de 2012";"03133 - Torrevieja";"Hombres";"De 90 a 94 años";142
"1 de julio de 2012";"03133 - Torrevieja";"Hombres";"Total";46007
"1 de julio de 2012";"03133 - Torrevieja";"Mujeres";"95 y más años";61
"1 de julio de 2012";"03133 - Torrevieja";"Mujeres";"De 0 a 4 años";1795
"1 de julio de 2012";"03133 - Torrevieja";"Mujeres";"De 10 a 14 años";1789
"1 de julio de 2012";"03133 - Torrevieja";"Mujeres";"De 15 a 19 años";1855
"1 de julio de 2012";"03133 - Torrevieja";"Mujeres";"De 20 a 24 años";2086
"1 de julio de 2012";"03133 - Torrevieja";"Mujeres";"De 25 a 29 años";2647
"1 de julio de 2012";"03133 - Torrevieja";"Mujeres";"De 30 a 34 años";3325
"1 de julio de 2012";"03133 - Torrevieja";"Mujeres";"De 35 a 39 años";3468
"1 de julio de 2012";"03133 - Torrevieja";"Mujeres";"De 40 a 44 años";3306
"1 de julio de 2012";"03133 - Torrevieja";"Mujeres";"De 45 a 49 años";3132
"1 de julio de 2012";"03133 - Torrevieja";"Mujeres";"De 5 a 9 años";2001
"1 de julio de 2012";"03133 - Torrevieja";"Mujeres";"De 50 a 54 años";2799
"1 de julio de 2012";"03133 - Torrevieja";"Mujeres";"De 55 a 59 años";2645
"1 de julio de 2012";"03133 - Torrevieja";"Mujeres";"De 60 a 64 años";3089
"1 de julio de 2012";"03133 - Torrevieja";"Mujeres";"De 65 a 69 años";3448
"1 de julio de 2012";"03133 - Torrevieja";"Mujeres";"De 70 a 74 años";3116
"1 de julio de 2012";"03133 - Torrevieja";"Mujeres";"De 75 a 79 años";2277
"1 de julio de 2012";"03133 - Torrevieja";"Mujeres";"De 80 a 84 años";1351
"1 de julio de 2012";"03133 - Torrevieja";"Mujeres";"De 85 a 89 años";680
"1 de julio de 2012";"03133 - Torrevieja";"Mujeres";"De 90 a 94 años";225
"1 de julio de 2012";"03133 - Torrevieja";"Mujeres";"Total";45095
"1 de julio de 2013";"03133 - Torrevieja";"Ambos sexos";"95 y más años";91
"1 de julio de 2013";"03133 - Torrevieja";"Ambos sexos";"De 0 a 4 años";3615
"1 de julio de 2013";"03133 - Torrevieja";"Ambos sexos";"De 10 a 14 años";3912
"1 de julio de 2013";"03133 - Torrevieja";"Ambos sexos";"De 15 a 19 años";3801
"1 de julio de 2013";"03133 - Torrevieja";"Ambos sexos";"De 20 a 24 años";4330
"1 de julio de 2013";"03133 - Torrevieja";"Ambos sexos";"De 25 a 29 años";5129
"1 de julio de 2013";"03133 - Torrevieja";"Ambos sexos";"De 30 a 34 años";6594
"1 de julio de 2013";"03133 - Torrevieja";"Ambos sexos";"De 35 a 39 años";7533
"1 de julio de 2013";"03133 - Torrevieja";"Ambos sexos";"De 40 a 44 años";7241
"1 de julio de 2013";"03133 - Torrevieja";"Ambos sexos";"De 45 a 49 años";6693
"1 de julio de 2013";"03133 - Torrevieja";"Ambos sexos";"De 5 a 9 años";4264
"1 de julio de 2013";"03133 - Torrevieja";"Ambos sexos";"De 50 a 54 años";5963
"1 de julio de 2013";"03133 - Torrevieja";"Ambos sexos";"De 55 a 59 años";5150
"1 de julio de 2013";"03133 - Torrevieja";"Ambos sexos";"De 60 a 64 años";5648
"1 de julio de 2013";"03133 - Torrevieja";"Ambos sexos";"De 65 a 69 años";6767
"1 de julio de 2013";"03133 - Torrevieja";"Ambos sexos";"De 70 a 74 años";6102
"1 de julio de 2013";"03133 - Torrevieja";"Ambos sexos";"De 75 a 79 años";4919
"1 de julio de 2013";"03133 - Torrevieja";"Ambos sexos";"De 80 a 84 años";2888
"1 de julio de 2013";"03133 - Torrevieja";"Ambos sexos";"De 85 a 89 años";1265
"1 de julio de 2013";"03133 - Torrevieja";"Ambos sexos";"De 90 a 94 años";435
"1 de julio de 2013";"03133 - Torrevieja";"Ambos sexos";"Total";92342
"1 de julio de 2013";"03133 - Torrevieja";"Hombres";"95 y más años";26
"1 de julio de 2013";"03133 - Torrevieja";"Hombres";"De 0 a 4 años";1917
"1 de julio de 2013";"03133 - Torrevieja";"Hombres";"De 10 a 14 años";2043
"1 de julio de 2013";"03133 - Torrevieja";"Hombres";"De 15 a 19 años";1951
"1 de julio de 2013";"03133 - Torrevieja";"Hombres";"De 20 a 24 años";2260
"1 de julio de 2013";"03133 - Torrevieja";"Hombres";"De 25 a 29 años";2538
"1 de julio de 2013";"03133 - Torrevieja";"Hombres";"De 30 a 34 años";3364
"1 de julio de 2013";"03133 - Torrevieja";"Hombres";"De 35 a 39 años";4043
"1 de julio de 2013";"03133 - Torrevieja";"Hombres";"De 40 a 44 años";3870
"1 de julio de 2013";"03133 - Torrevieja";"Hombres";"De 45 a 49 años";3502
"1 de julio de 2013";"03133 - Torrevieja";"Hombres";"De 5 a 9 años";2192
"1 de julio de 2013";"03133 - Torrevieja";"Hombres";"De 50 a 54 años";2995
"1 de julio de 2013";"03133 - Torrevieja";"Hombres";"De 55 a 59 años";2477
"1 de julio de 2013";"03133 - Torrevieja";"Hombres";"De 60 a 64 años";2665
"1 de julio de 2013";"03133 - Torrevieja";"Hombres";"De 65 a 69 años";3232
"1 de julio de 2013";"03133 - Torrevieja";"Hombres";"De 70 a 74 años";2936
"1 de julio de 2013";"03133 - Torrevieja";"Hombres";"De 75 a 79 años";2514
"1 de julio de 2013";"03133 - Torrevieja";"Hombres";"De 80 a 84 años";1406
"1 de julio de 2013";"03133 - Torrevieja";"Hombres";"De 85 a 89 años";525
"1 de julio de 2013";"03133 - Torrevieja";"Hombres";"De 90 a 94 años";167
"1 de julio de 2013";"03133 - Torrevieja";"Hombres";"Total";46623
"1 de julio de 2013";"03133 - Torrevieja";"Mujeres";"95 y más años";66
"1 de julio de 2013";"03133 - Torrevieja";"Mujeres";"De 0 a 4 años";1699
"1 de julio de 2013";"03133 - Torrevieja";"Mujeres";"De 10 a 14 años";1869
"1 de julio de 2013";"03133 - Torrevieja";"Mujeres";"De 15 a 19 años";1850
"1 de julio de 2013";"03133 - Torrevieja";"Mujeres";"De 20 a 24 años";2070
"1 de julio de 2013";"03133 - Torrevieja";"Mujeres";"De 25 a 29 años";2591
"1 de julio de 2013";"03133 - Torrevieja";"Mujeres";"De 30 a 34 años";3230
"1 de julio de 2013";"03133 - Torrevieja";"Mujeres";"De 35 a 39 años";3490
"1 de julio de 2013";"03133 - Torrevieja";"Mujeres";"De 40 a 44 años";3371
"1 de julio de 2013";"03133 - Torrevieja";"Mujeres";"De 45 a 49 años";3191
"1 de julio de 2013";"03133 - Torrevieja";"Mujeres";"De 5 a 9 años";2073
"1 de julio de 2013";"03133 - Torrevieja";"Mujeres";"De 50 a 54 años";2968
"1 de julio de 2013";"03133 - Torrevieja";"Mujeres";"De 55 a 59 años";2672
"1 de julio de 2013";"03133 - Torrevieja";"Mujeres";"De 60 a 64 años";2983
"1 de julio de 2013";"03133 - Torrevieja";"Mujeres";"De 65 a 69 años";3536
"1 de julio de 2013";"03133 - Torrevieja";"Mujeres";"De 70 a 74 años";3166
"1 de julio de 2013";"03133 - Torrevieja";"Mujeres";"De 75 a 79 años";2405
"1 de julio de 2013";"03133 - Torrevieja";"Mujeres";"De 80 a 84 años";1483
"1 de julio de 2013";"03133 - Torrevieja";"Mujeres";"De 85 a 89 años";740
"1 de julio de 2013";"03133 - Torrevieja";"Mujeres";"De 90 a 94 años";268
"1 de julio de 2013";"03133 - Torrevieja";"Mujeres";"Total";45719
"1 de julio de 2014";"03133 - Torrevieja";"Ambos sexos";"95 y más años";82
"1 de julio de 2014";"03133 - Torrevieja";"Ambos sexos";"De 0 a 4 años";3535
"1 de julio de 2014";"03133 - Torrevieja";"Ambos sexos";"De 10 a 14 años";4114
"1 de julio de 2014";"03133 - Torrevieja";"Ambos sexos";"De 15 a 19 años";3774
"1 de julio de 2014";"03133 - Torrevieja";"Ambos sexos";"De 20 a 24 años";4218
"1 de julio de 2014";"03133 - Torrevieja";"Ambos sexos";"De 25 a 29 años";5022
"1 de julio de 2014";"03133 - Torrevieja";"Ambos sexos";"De 30 a 34 años";6350
"1 de julio de 2014";"03133 - Torrevieja";"Ambos sexos";"De 35 a 39 años";7487
"1 de julio de 2014";"03133 - Torrevieja";"Ambos sexos";"De 40 a 44 años";7365
"1 de julio de 2014";"03133 - Torrevieja";"Ambos sexos";"De 45 a 49 años";6783
"1 de julio de 2014";"03133 - Torrevieja";"Ambos sexos";"De 5 a 9 años";4288
"1 de julio de 2014";"03133 - Torrevieja";"Ambos sexos";"De 50 a 54 años";6171
"1 de julio de 2014";"03133 - Torrevieja";"Ambos sexos";"De 55 a 59 años";5252
"1 de julio de 2014";"03133 - Torrevieja";"Ambos sexos";"De 60 a 64 años";5432
"1 de julio de 2014";"03133 - Torrevieja";"Ambos sexos";"De 65 a 69 años";6521
"1 de julio de 2014";"03133 - Torrevieja";"Ambos sexos";"De 70 a 74 años";5872
"1 de julio de 2014";"03133 - Torrevieja";"Ambos sexos";"De 75 a 79 años";4697
"1 de julio de 2014";"03133 - Torrevieja";"Ambos sexos";"De 80 a 84 años";2804
"1 de julio de 2014";"03133 - Torrevieja";"Ambos sexos";"De 85 a 89 años";1188
"1 de julio de 2014";"03133 - Torrevieja";"Ambos sexos";"De 90 a 94 años";409
"1 de julio de 2014";"03133 - Torrevieja";"Ambos sexos";"Total";91362
"1 de julio de 2014";"03133 - Torrevieja";"Hombres";"95 y más años";23
"1 de julio de 2014";"03133 - Torrevieja";"Hombres";"De 0 a 4 años";1890
"1 de julio de 2014";"03133 - Torrevieja";"Hombres";"De 10 a 14 años";2151
"1 de julio de 2014";"03133 - Torrevieja";"Hombres";"De 15 a 19 años";1934
"1 de julio de 2014";"03133 - Torrevieja";"Hombres";"De 20 a 24 años";2208
"1 de julio de 2014";"03133 - Torrevieja";"Hombres";"De 25 a 29 años";2523
"1 de julio de 2014";"03133 - Torrevieja";"Hombres";"De 30 a 34 años";3235
"1 de julio de 2014";"03133 - Torrevieja";"Hombres";"De 35 a 39 años";4000
"1 de julio de 2014";"03133 - Torrevieja";"Hombres";"De 40 a 44 años";3929
"1 de julio de 2014";"03133 - Torrevieja";"Hombres";"De 45 a 49 años";3566
"1 de julio de 2014";"03133 - Torrevieja";"Hombres";"De 5 a 9 años";2184
"1 de julio de 2014";"03133 - Torrevieja";"Hombres";"De 50 a 54 años";3113
"1 de julio de 2014";"03133 - Torrevieja";"Hombres";"De 55 a 59 años";2547
"1 de julio de 2014";"03133 - Torrevieja";"Hombres";"De 60 a 64 años";2569
"1 de julio de 2014";"03133 - Torrevieja";"Hombres";"De 65 a 69 años";3106
"1 de julio de 2014";"03133 - Torrevieja";"Hombres";"De 70 a 74 años";2834
"1 de julio de 2014";"03133 - Torrevieja";"Hombres";"De 75 a 79 años";2355
"1 de julio de 2014";"03133 - Torrevieja";"Hombres";"De 80 a 84 años";1360
"1 de julio de 2014";"03133 - Torrevieja";"Hombres";"De 85 a 89 años";470
"1 de julio de 2014";"03133 - Torrevieja";"Hombres";"De 90 a 94 años";143
"1 de julio de 2014";"03133 - Torrevieja";"Hombres";"Total";46139
"1 de julio de 2014";"03133 - Torrevieja";"Mujeres";"95 y más años";59
"1 de julio de 2014";"03133 - Torrevieja";"Mujeres";"De 0 a 4 años";1645
"1 de julio de 2014";"03133 - Torrevieja";"Mujeres";"De 10 a 14 años";1963
"1 de julio de 2014";"03133 - Torrevieja";"Mujeres";"De 15 a 19 años";1840
"1 de julio de 2014";"03133 - Torrevieja";"Mujeres";"De 20 a 24 años";2009
"1 de julio de 2014";"03133 - Torrevieja";"Mujeres";"De 25 a 29 años";2500
"1 de julio de 2014";"03133 - Torrevieja";"Mujeres";"De 30 a 34 años";3115
"1 de julio de 2014";"03133 - Torrevieja";"Mujeres";"De 35 a 39 años";3488
"1 de julio de 2014";"03133 - Torrevieja";"Mujeres";"De 40 a 44 años";3435
"1 de julio de 2014";"03133 - Torrevieja";"Mujeres";"De 45 a 49 años";3217
"1 de julio de 2014";"03133 - Torrevieja";"Mujeres";"De 5 a 9 años";2104
"1 de julio de 2014";"03133 - Torrevieja";"Mujeres";"De 50 a 54 años";3057
"1 de julio de 2014";"03133 - Torrevieja";"Mujeres";"De 55 a 59 años";2705
"1 de julio de 2014";"03133 - Torrevieja";"Mujeres";"De 60 a 64 años";2863
"1 de julio de 2014";"03133 - Torrevieja";"Mujeres";"De 65 a 69 años";3414
"1 de julio de 2014";"03133 - Torrevieja";"Mujeres";"De 70 a 74 años";3038
"1 de julio de 2014";"03133 - Torrevieja";"Mujeres";"De 75 a 79 años";2342
"1 de julio de 2014";"03133 - Torrevieja";"Mujeres";"De 80 a 84 años";1444
"1 de julio de 2014";"03133 - Torrevieja";"Mujeres";"De 85 a 89 años";718
"1 de julio de 2014";"03133 - Torrevieja";"Mujeres";"De 90 a 94 años";266
"1 de julio de 2014";"03133 - Torrevieja";"Mujeres";"Total";45222
"1 de julio de 2015";"03133 - Torrevieja";"Ambos sexos";"95 y más años";64
"1 de julio de 2015";"03133 - Torrevieja";"Ambos sexos";"De 0 a 4 años";3474
"1 de julio de 2015";"03133 - Torrevieja";"Ambos sexos";"De 10 a 14 años";4115
"1 de julio de 2015";"03133 - Torrevieja";"Ambos sexos";"De 15 a 19 años";3755
"1 de julio de 2015";"03133 - Torrevieja";"Ambos sexos";"De 20 a 24 años";4068
"1 de julio de 2015";"03133 - Torrevieja";"Ambos sexos";"De 25 a 29 años";4868
"1 de julio de 2015";"03133 - Torrevieja";"Ambos sexos";"De 30 a 34 años";5966
"1 de julio de 2015";"03133 - Torrevieja";"Ambos sexos";"De 35 a 39 años";7320
"1 de julio de 2015";"03133 - Torrevieja";"Ambos sexos";"De 40 a 44 años";7416
"1 de julio de 2015";"03133 - Torrevieja";"Ambos sexos";"De 45 a 49 años";6806
"1 de julio de 2015";"03133 - Torrevieja";"Ambos sexos";"De 5 a 9 años";4254
"1 de julio de 2015";"03133 - Torrevieja";"Ambos sexos";"De 50 a 54 años";6268
"1 de julio de 2015";"03133 - Torrevieja";"Ambos sexos";"De 55 a 59 años";5380
"1 de julio de 2015";"03133 - Torrevieja";"Ambos sexos";"De 60 a 64 años";5227
"1 de julio de 2015";"03133 - Torrevieja";"Ambos sexos";"De 65 a 69 años";6191
"1 de julio de 2015";"03133 - Torrevieja";"Ambos sexos";"De 70 a 74 años";5643
"1 de julio de 2015";"03133 - Torrevieja";"Ambos sexos";"De 75 a 79 años";4484
"1 de julio de 2015";"03133 - Torrevieja";"Ambos sexos";"De 80 a 84 años";2670
"1 de julio de 2015";"03133 - Torrevieja";"Ambos sexos";"De 85 a 89 años";1075
"1 de julio de 2015";"03133 - Torrevieja";"Ambos sexos";"De 90 a 94 años";329
"1 de julio de 2015";"03133 - Torrevieja";"Ambos sexos";"Total";89371
"1 de julio de 2015";"03133 - Torrevieja";"Hombres";"95 y más años";19
"1 de julio de 2015";"03133 - Torrevieja";"Hombres";"De 0 a 4 años";1867
"1 de julio de 2015";"03133 - Torrevieja";"Hombres";"De 10 a 14 años";2141
"1 de julio de 2015";"03133 - Torrevieja";"Hombres";"De 15 a 19 años";1933
"1 de julio de 2015";"03133 - Torrevieja";"Hombres";"De 20 a 24 años";2118
"1 de julio de 2015";"03133 - Torrevieja";"Hombres";"De 25 a 29 años";2474
"1 de julio de 2015";"03133 - Torrevieja";"Hombres";"De 30 a 34 años";3007
"1 de julio de 2015";"03133 - Torrevieja";"Hombres";"De 35 a 39 años";3876
"1 de julio de 2015";"03133 - Torrevieja";"Hombres";"De 40 a 44 años";3926
"1 de julio de 2015";"03133 - Torrevieja";"Hombres";"De 45 a 49 años";3581
"1 de julio de 2015";"03133 - Torrevieja";"Hombres";"De 5 a 9 años";2185
"1 de julio de 2015";"03133 - Torrevieja";"Hombres";"De 50 a 54 años";3192
"1 de julio de 2015";"03133 - Torrevieja";"Hombres";"De 55 a 59 años";2633
"1 de julio de 2015";"03133 - Torrevieja";"Hombres";"De 60 a 64 años";2469
"1 de julio de 2015";"03133 - Torrevieja";"Hombres";"De 65 a 69 años";2919
"1 de julio de 2015";"03133 - Torrevieja";"Hombres";"De 70 a 74 años";2750
"1 de julio de 2015";"03133 - Torrevieja";"Hombres";"De 75 a 79 años";2201
"1 de julio de 2015";"03133 - Torrevieja";"Hombres";"De 80 a 84 años";1284
"1 de julio de 2015";"03133 - Torrevieja";"Hombres";"De 85 a 89 años";383
"1 de julio de 2015";"03133 - Torrevieja";"Hombres";"De 90 a 94 años";105
"1 de julio de 2015";"03133 - Torrevieja";"Hombres";"Total";45065
"1 de julio de 2015";"03133 - Torrevieja";"Mujeres";"95 y más años";45
"1 de julio de 2015";"03133 - Torrevieja";"Mujeres";"De 0 a 4 años";1607
"1 de julio de 2015";"03133 - Torrevieja";"Mujeres";"De 10 a 14 años";1974
"1 de julio de 2015";"03133 - Torrevieja";"Mujeres";"De 15 a 19 años";1822
"1 de julio de 2015";"03133 - Torrevieja";"Mujeres";"De 20 a 24 años";1949
"1 de julio de 2015";"03133 - Torrevieja";"Mujeres";"De 25 a 29 años";2394
"1 de julio de 2015";"03133 - Torrevieja";"Mujeres";"De 30 a 34 años";2959
"1 de julio de 2015";"03133 - Torrevieja";"Mujeres";"De 35 a 39 años";3444
"1 de julio de 2015";"03133 - Torrevieja";"Mujeres";"De 40 a 44 años";3489
"1 de julio de 2015";"03133 - Torrevieja";"Mujeres";"De 45 a 49 años";3225
"1 de julio de 2015";"03133 - Torrevieja";"Mujeres";"De 5 a 9 años";2069
"1 de julio de 2015";"03133 - Torrevieja";"Mujeres";"De 50 a 54 años";3076
"1 de julio de 2015";"03133 - Torrevieja";"Mujeres";"De 55 a 59 años";2747
"1 de julio de 2015";"03133 - Torrevieja";"Mujeres";"De 60 a 64 años";2758
"1 de julio de 2015";"03133 - Torrevieja";"Mujeres";"De 65 a 69 años";3271
"1 de julio de 2015";"03133 - Torrevieja";"Mujeres";"De 70 a 74 años";2893
"1 de julio de 2015";"03133 - Torrevieja";"Mujeres";"De 75 a 79 años";2282
"1 de julio de 2015";"03133 - Torrevieja";"Mujeres";"De 80 a 84 años";1386
"1 de julio de 2015";"03133 - Torrevieja";"Mujeres";"De 85 a 89 años";692
"1 de julio de 2015";"03133 - Torrevieja";"Mujeres";"De 90 a 94 años";224
"1 de julio de 2015";"03133 - Torrevieja";"Mujeres";"Total";44306
"1 de julio de 2016";"03133 - Torrevieja";"Ambos sexos";"95 y más años";62
"1 de julio de 2016";"03133 - Torrevieja";"Ambos sexos";"De 0 a 4 años";3385
"1 de julio de 2016";"03133 - Torrevieja";"Ambos sexos";"De 10 a 14 años";4029
"1 de julio de 2016";"03133 - Torrevieja";"Ambos sexos";"De 15 a 19 años";3672
"1 de julio de 2016";"03133 - Torrevieja";"Ambos sexos";"De 20 a 24 años";3867
"1 de julio de 2016";"03133 - Torrevieja";"Ambos sexos";"De 25 a 29 años";4546
"1 de julio de 2016";"03133 - Torrevieja";"Ambos sexos";"De 30 a 34 años";5389
"1 de julio de 2016";"03133 - Torrevieja";"Ambos sexos";"De 35 a 39 años";6783
"1 de julio de 2016";"03133 - Torrevieja";"Ambos sexos";"De 40 a 44 años";7172
"1 de julio de 2016";"03133 - Torrevieja";"Ambos sexos";"De 45 a 49 años";6664
"1 de julio de 2016";"03133 - Torrevieja";"Ambos sexos";"De 5 a 9 años";4103
"1 de julio de 2016";"03133 - Torrevieja";"Ambos sexos";"De 50 a 54 años";6082
"1 de julio de 2016";"03133 - Torrevieja";"Ambos sexos";"De 55 a 59 años";5334
"1 de julio de 2016";"03133 - Torrevieja";"Ambos sexos";"De 60 a 64 años";4891
"1 de julio de 2016";"03133 - Torrevieja";"Ambos sexos";"De 65 a 69 años";5592
"1 de julio de 2016";"03133 - Torrevieja";"Ambos sexos";"De 70 a 74 años";5092
"1 de julio de 2016";"03133 - Torrevieja";"Ambos sexos";"De 75 a 79 años";4001
"1 de julio de 2016";"03133 - Torrevieja";"Ambos sexos";"De 80 a 84 años";2504
"1 de julio de 2016";"03133 - Torrevieja";"Ambos sexos";"De 85 a 89 años";1074
"1 de julio de 2016";"03133 - Torrevieja";"Ambos sexos";"De 90 a 94 años";340
"1 de julio de 2016";"03133 - Torrevieja";"Ambos sexos";"Total";84582
"1 de julio de 2016";"03133 - Torrevieja";"Hombres";"95 y más años";21
"1 de julio de 2016";"03133 - Torrevieja";"Hombres";"De 0 a 4 años";1789
"1 de julio de 2016";"03133 - Torrevieja";"Hombres";"De 10 a 14 años";2079
"1 de julio de 2016";"03133 - Torrevieja";"Hombres";"De 15 a 19 años";1899
"1 de julio de 2016";"03133 - Torrevieja";"Hombres";"De 20 a 24 años";2011
"1 de julio de 2016";"03133 - Torrevieja";"Hombres";"De 25 a 29 años";2311
"1 de julio de 2016";"03133 - Torrevieja";"Hombres";"De 30 a 34 años";2687
"1 de julio de 2016";"03133 - Torrevieja";"Hombres";"De 35 a 39 años";3549
"1 de julio de 2016";"03133 - Torrevieja";"Hombres";"De 40 a 44 años";3751
"1 de julio de 2016";"03133 - Torrevieja";"Hombres";"De 45 a 49 años";3493
"1 de julio de 2016";"03133 - Torrevieja";"Hombres";"De 5 a 9 años";2137
"1 de julio de 2016";"03133 - Torrevieja";"Hombres";"De 50 a 54 años";3093
"1 de julio de 2016";"03133 - Torrevieja";"Hombres";"De 55 a 59 años";2636
"1 de julio de 2016";"03133 - Torrevieja";"Hombres";"De 60 a 64 años";2304
"1 de julio de 2016";"03133 - Torrevieja";"Hombres";"De 65 a 69 años";2644
"1 de julio de 2016";"03133 - Torrevieja";"Hombres";"De 70 a 74 años";2458
"1 de julio de 2016";"03133 - Torrevieja";"Hombres";"De 75 a 79 años";1918
"1 de julio de 2016";"03133 - Torrevieja";"Hombres";"De 80 a 84 años";1184
"1 de julio de 2016";"03133 - Torrevieja";"Hombres";"De 85 a 89 años";400
"1 de julio de 2016";"03133 - Torrevieja";"Hombres";"De 90 a 94 años";110
"1 de julio de 2016";"03133 - Torrevieja";"Hombres";"Total";42474
"1 de julio de 2016";"03133 - Torrevieja";"Mujeres";"95 y más años";41
"1 de julio de 2016";"03133 - Torrevieja";"Mujeres";"De 0 a 4 años";1596
"1 de julio de 2016";"03133 - Torrevieja";"Mujeres";"De 10 a 14 años";1951
"1 de julio de 2016";"03133 - Torrevieja";"Mujeres";"De 15 a 19 años";1773
"1 de julio de 2016";"03133 - Torrevieja";"Mujeres";"De 20 a 24 años";1856
"1 de julio de 2016";"03133 - Torrevieja";"Mujeres";"De 25 a 29 años";2235
"1 de julio de 2016";"03133 - Torrevieja";"Mujeres";"De 30 a 34 años";2702
"1 de julio de 2016";"03133 - Torrevieja";"Mujeres";"De 35 a 39 años";3234
"1 de julio de 2016";"03133 - Torrevieja";"Mujeres";"De 40 a 44 años";3421
"1 de julio de 2016";"03133 - Torrevieja";"Mujeres";"De 45 a 49 años";3172
"1 de julio de 2016";"03133 - Torrevieja";"Mujeres";"De 5 a 9 años";1966
"1 de julio de 2016";"03133 - Torrevieja";"Mujeres";"De 50 a 54 años";2989
"1 de julio de 2016";"03133 - Torrevieja";"Mujeres";"De 55 a 59 años";2698
"1 de julio de 2016";"03133 - Torrevieja";"Mujeres";"De 60 a 64 años";2587
"1 de julio de 2016";"03133 - Torrevieja";"Mujeres";"De 65 a 69 años";2948
"1 de julio de 2016";"03133 - Torrevieja";"Mujeres";"De 70 a 74 años";2635
"1 de julio de 2016";"03133 - Torrevieja";"Mujeres";"De 75 a 79 años";2083
"1 de julio de 2016";"03133 - Torrevieja";"Mujeres";"De 80 a 84 años";1319
"1 de julio de 2016";"03133 - Torrevieja";"Mujeres";"De 85 a 89 años";674
"1 de julio de 2016";"03133 - Torrevieja";"Mujeres";"De 90 a 94 años";229
"1 de julio de 2016";"03133 - Torrevieja";"Mujeres";"Total";42108
"1 de julio de 2017";"03133 - Torrevieja";"Ambos sexos";"95 y más años";71
"1 de julio de 2017";"03133 - Torrevieja";"Ambos sexos";"De 0 a 4 años";3304
"1 de julio de 2017";"03133 - Torrevieja";"Ambos sexos";"De 10 a 14 años";3987
"1 de julio de 2017";"03133 - Torrevieja";"Ambos sexos";"De 15 a 19 años";3570
"1 de julio de 2017";"03133 - Torrevieja";"Ambos sexos";"De 20 a 24 años";3643
"1 de julio de 2017";"03133 - Torrevieja";"Ambos sexos";"De 25 a 29 años";4120
"1 de julio de 2017";"03133 - Torrevieja";"Ambos sexos";"De 30 a 34 años";4791
"1 de julio de 2017";"03133 - Torrevieja";"Ambos sexos";"De 35 a 39 años";6066
"1 de julio de 2017";"03133 - Torrevieja";"Ambos sexos";"De 40 a 44 años";6764
"1 de julio de 2017";"03133 - Torrevieja";"Ambos sexos";"De 45 a 49 años";6401
"1 de julio de 2017";"03133 - Torrevieja";"Ambos sexos";"De 5 a 9 años";3924
"1 de julio de 2017";"03133 - Torrevieja";"Ambos sexos";"De 50 a 54 años";5875
"1 de julio de 2017";"03133 - Torrevieja";"Ambos sexos";"De 55 a 59 años";5179
"1 de julio de 2017";"03133 - Torrevieja";"Ambos sexos";"De 60 a 64 años";4595
"1 de julio de 2017";"03133 - Torrevieja";"Ambos sexos";"De 65 a 69 años";4992
"1 de julio de 2017";"03133 - Torrevieja";"Ambos sexos";"De 70 a 74 años";4670
"1 de julio de 2017";"03133 - Torrevieja";"Ambos sexos";"De 75 a 79 años";3402
"1 de julio de 2017";"03133 - Torrevieja";"Ambos sexos";"De 80 a 84 años";2257
"1 de julio de 2017";"03133 - Torrevieja";"Ambos sexos";"De 85 a 89 años";1081
"1 de julio de 2017";"03133 - Torrevieja";"Ambos sexos";"De 90 a 94 años";343
"1 de julio de 2017";"03133 - Torrevieja";"Ambos sexos";"Total";79034
"1 de julio de 2017";"03133 - Torrevieja";"Hombres";"95 y más años";22
"1 de julio de 2017";"03133 - Torrevieja";"Hombres";"De 0 a 4 años";1709
"1 de julio de 2017";"03133 - Torrevieja";"Hombres";"De 10 a 14 años";2042
"1 de julio de 2017";"03133 - Torrevieja";"Hombres";"De 15 a 19 años";1864
"1 de julio de 2017";"03133 - Torrevieja";"Hombres";"De 20 a 24 años";1878
"1 de julio de 2017";"03133 - Torrevieja";"Hombres";"De 25 a 29 años";2112
"1 de julio de 2017";"03133 - Torrevieja";"Hombres";"De 30 a 34 años";2350
"1 de julio de 2017";"03133 - Torrevieja";"Hombres";"De 35 a 39 años";3106
"1 de julio de 2017";"03133 - Torrevieja";"Hombres";"De 40 a 44 años";3520
"1 de julio de 2017";"03133 - Torrevieja";"Hombres";"De 45 a 49 años";3302
"1 de julio de 2017";"03133 - Torrevieja";"Hombres";"De 5 a 9 años";2071
"1 de julio de 2017";"03133 - Torrevieja";"Hombres";"De 50 a 54 años";2970
"1 de julio de 2017";"03133 - Torrevieja";"Hombres";"De 55 a 59 años";2552
"1 de julio de 2017";"03133 - Torrevieja";"Hombres";"De 60 a 64 años";2157
"1 de julio de 2017";"03133 - Torrevieja";"Hombres";"De 65 a 69 años";2392
"1 de julio de 2017";"03133 - Torrevieja";"Hombres";"De 70 a 74 años";2233
"1 de julio de 2017";"03133 - Torrevieja";"Hombres";"De 75 a 79 años";1593
"1 de julio de 2017";"03133 - Torrevieja";"Hombres";"De 80 a 84 años";1038
"1 de julio de 2017";"03133 - Torrevieja";"Hombres";"De 85 a 89 años";432
"1 de julio de 2017";"03133 - Torrevieja";"Hombres";"De 90 a 94 años";109
"1 de julio de 2017";"03133 - Torrevieja";"Hombres";"Total";39452
"1 de julio de 2017";"03133 - Torrevieja";"Mujeres";"95 y más años";49
"1 de julio de 2017";"03133 - Torrevieja";"Mujeres";"De 0 a 4 años";1595
"1 de julio de 2017";"03133 - Torrevieja";"Mujeres";"De 10 a 14 años";1945
"1 de julio de 2017";"03133 - Torrevieja";"Mujeres";"De 15 a 19 años";1706
"1 de julio de 2017";"03133 - Torrevieja";"Mujeres";"De 20 a 24 años";1764
"1 de julio de 2017";"03133 - Torrevieja";"Mujeres";"De 25 a 29 años";2008
"1 de julio de 2017";"03133 - Torrevieja";"Mujeres";"De 30 a 34 años";2441
"1 de julio de 2017";"03133 - Torrevieja";"Mujeres";"De 35 a 39 años";2959
"1 de julio de 2017";"03133 - Torrevieja";"Mujeres";"De 40 a 44 años";3244
"1 de julio de 2017";"03133 - Torrevieja";"Mujeres";"De 45 a 49 años";3099
"1 de julio de 2017";"03133 - Torrevieja";"Mujeres";"De 5 a 9 años";1853
"1 de julio de 2017";"03133 - Torrevieja";"Mujeres";"De 50 a 54 años";2905
"1 de julio de 2017";"03133 - Torrevieja";"Mujeres";"De 55 a 59 años";2627
"1 de julio de 2017";"03133 - Torrevieja";"Mujeres";"De 60 a 64 años";2439
"1 de julio de 2017";"03133 - Torrevieja";"Mujeres";"De 65 a 69 años";2600
"1 de julio de 2017";"03133 - Torrevieja";"Mujeres";"De 70 a 74 años";2437
"1 de julio de 2017";"03133 - Torrevieja";"Mujeres";"De 75 a 79 años";1809
"1 de julio de 2017";"03133 - Torrevieja";"Mujeres";"De 80 a 84 años";1219
"1 de julio de 2017";"03133 - Torrevieja";"Mujeres";"De 85 a 89 años";649
"1 de julio de 2017";"03133 - Torrevieja";"Mujeres";"De 90 a 94 años";234
"1 de julio de 2017";"03133 - Torrevieja";"Mujeres";"Total";39583
"1 de julio de 2018";"03133 - Torrevieja";"Ambos sexos";"95 y más años";80
"1 de julio de 2018";"03133 - Torrevieja";"Ambos sexos";"De 0 a 4 años";3282
"1 de julio de 2018";"03133 - Torrevieja";"Ambos sexos";"De 10 a 14 años";4021
"1 de julio de 2018";"03133 - Torrevieja";"Ambos sexos";"De 15 a 19 años";3669
"1 de julio de 2018";"03133 - Torrevieja";"Ambos sexos";"De 20 a 24 años";3661
"1 de julio de 2018";"03133 - Torrevieja";"Ambos sexos";"De 25 a 29 años";4044
"1 de julio de 2018";"03133 - Torrevieja";"Ambos sexos";"De 30 a 34 años";4688
"1 de julio de 2018";"03133 - Torrevieja";"Ambos sexos";"De 35 a 39 años";5821
"1 de julio de 2018";"03133 - Torrevieja";"Ambos sexos";"De 40 a 44 años";6678
"1 de julio de 2018";"03133 - Torrevieja";"Ambos sexos";"De 45 a 49 años";6464
"1 de julio de 2018";"03133 - Torrevieja";"Ambos sexos";"De 5 a 9 años";3805
"1 de julio de 2018";"03133 - Torrevieja";"Ambos sexos";"De 50 a 54 años";5967
"1 de julio de 2018";"03133 - Torrevieja";"Ambos sexos";"De 55 a 59 años";5308
"1 de julio de 2018";"03133 - Torrevieja";"Ambos sexos";"De 60 a 64 años";4695
"1 de julio de 2018";"03133 - Torrevieja";"Ambos sexos";"De 65 a 69 años";4996
"1 de julio de 2018";"03133 - Torrevieja";"Ambos sexos";"De 70 a 74 años";4973
"1 de julio de 2018";"03133 - Torrevieja";"Ambos sexos";"De 75 a 79 años";3532
"1 de julio de 2018";"03133 - Torrevieja";"Ambos sexos";"De 80 a 84 años";2411
"1 de julio de 2018";"03133 - Torrevieja";"Ambos sexos";"De 85 a 89 años";1193
"1 de julio de 2018";"03133 - Torrevieja";"Ambos sexos";"De 90 a 94 años";368
"1 de julio de 2018";"03133 - Torrevieja";"Ambos sexos";"Total";79655
"1 de julio de 2018";"03133 - Torrevieja";"Hombres";"95 y más años";20
"1 de julio de 2018";"03133 - Torrevieja";"Hombres";"De 0 a 4 años";1695
"1 de julio de 2018";"03133 - Torrevieja";"Hombres";"De 10 a 14 años";2045
"1 de julio de 2018";"03133 - Torrevieja";"Hombres";"De 15 a 19 años";1914
"1 de julio de 2018";"03133 - Torrevieja";"Hombres";"De 20 a 24 años";1880
"1 de julio de 2018";"03133 - Torrevieja";"Hombres";"De 25 a 29 años";2093
"1 de julio de 2018";"03133 - Torrevieja";"Hombres";"De 30 a 34 años";2296
"1 de julio de 2018";"03133 - Torrevieja";"Hombres";"De 35 a 39 años";2897
"1 de julio de 2018";"03133 - Torrevieja";"Hombres";"De 40 a 44 años";3458
"1 de julio de 2018";"03133 - Torrevieja";"Hombres";"De 45 a 49 años";3332
"1 de julio de 2018";"03133 - Torrevieja";"Hombres";"De 5 a 9 años";2024
"1 de julio de 2018";"03133 - Torrevieja";"Hombres";"De 50 a 54 años";3025
"1 de julio de 2018";"03133 - Torrevieja";"Hombres";"De 55 a 59 años";2570
"1 de julio de 2018";"03133 - Torrevieja";"Hombres";"De 60 a 64 años";2199
"1 de julio de 2018";"03133 - Torrevieja";"Hombres";"De 65 a 69 años";2393
"1 de julio de 2018";"03133 - Torrevieja";"Hombres";"De 70 a 74 años";2382
"1 de julio de 2018";"03133 - Torrevieja";"Hombres";"De 75 a 79 años";1639
"1 de julio de 2018";"03133 - Torrevieja";"Hombres";"De 80 a 84 años";1106
"1 de julio de 2018";"03133 - Torrevieja";"Hombres";"De 85 a 89 años";489
"1 de julio de 2018";"03133 - Torrevieja";"Hombres";"De 90 a 94 años";117
"1 de julio de 2018";"03133 - Torrevieja";"Hombres";"Total";39576
"1 de julio de 2018";"03133 - Torrevieja";"Mujeres";"95 y más años";60
"1 de julio de 2018";"03133 - Torrevieja";"Mujeres";"De 0 a 4 años";1588
"1 de julio de 2018";"03133 - Torrevieja";"Mujeres";"De 10 a 14 años";1976
"1 de julio de 2018";"03133 - Torrevieja";"Mujeres";"De 15 a 19 años";1755
"1 de julio de 2018";"03133 - Torrevieja";"Mujeres";"De 20 a 24 años";1781
"1 de julio de 2018";"03133 - Torrevieja";"Mujeres";"De 25 a 29 años";1950
"1 de julio de 2018";"03133 - Torrevieja";"Mujeres";"De 30 a 34 años";2391
"1 de julio de 2018";"03133 - Torrevieja";"Mujeres";"De 35 a 39 años";2923
"1 de julio de 2018";"03133 - Torrevieja";"Mujeres";"De 40 a 44 años";3220
"1 de julio de 2018";"03133 - Torrevieja";"Mujeres";"De 45 a 49 años";3132
"1 de julio de 2018";"03133 - Torrevieja";"Mujeres";"De 5 a 9 años";1781
"1 de julio de 2018";"03133 - Torrevieja";"Mujeres";"De 50 a 54 años";2941
"1 de julio de 2018";"03133 - Torrevieja";"Mujeres";"De 55 a 59 años";2738
"1 de julio de 2018";"03133 - Torrevieja";"Mujeres";"De 60 a 64 años";2495
"1 de julio de 2018";"03133 - Torrevieja";"Mujeres";"De 65 a 69 años";2602
"1 de julio de 2018";"03133 - Torrevieja";"Mujeres";"De 70 a 74 años";2591
"1 de julio de 2018";"03133 - Torrevieja";"Mujeres";"De 75 a 79 años";1893
"1 de julio de 2018";"03133 - Torrevieja";"Mujeres";"De 80 a 84 años";1306
"1 de julio de 2018";"03133 - Torrevieja";"Mujeres";"De 85 a 89 años";703
"1 de julio de 2018";"03133 - Torrevieja";"Mujeres";"De 90 a 94 años";251
"1 de julio de 2018";"03133 - Torrevieja";"Mujeres";"Total";40079
"1 de julio de 2019";"03133 - Torrevieja";"Ambos sexos";"95 y más años";90
"1 de julio de 2019";"03133 - Torrevieja";"Ambos sexos";"De 0 a 4 años";3257
"1 de julio de 2019";"03133 - Torrevieja";"Ambos sexos";"De 10 a 14 años";4133
"1 de julio de 2019";"03133 - Torrevieja";"Ambos sexos";"De 15 a 19 años";3851
"1 de julio de 2019";"03133 - Torrevieja";"Ambos sexos";"De 20 a 24 años";3764
"1 de julio de 2019";"03133 - Torrevieja";"Ambos sexos";"De 25 a 29 años";4127
"1 de julio de 2019";"03133 - Torrevieja";"Ambos sexos";"De 30 a 34 años";4666
"1 de julio de 2019";"03133 - Torrevieja";"Ambos sexos";"De 35 a 39 años";5695
"1 de julio de 2019";"03133 - Torrevieja";"Ambos sexos";"De 40 a 44 años";6631
"1 de julio de 2019";"03133 - Torrevieja";"Ambos sexos";"De 45 a 49 años";6617
"1 de julio de 2019";"03133 - Torrevieja";"Ambos sexos";"De 5 a 9 años";3763
"1 de julio de 2019";"03133 - Torrevieja";"Ambos sexos";"De 50 a 54 años";6126
"1 de julio de 2019";"03133 - Torrevieja";"Ambos sexos";"De 55 a 59 años";5539
"1 de julio de 2019";"03133 - Torrevieja";"Ambos sexos";"De 60 a 64 años";4869
"1 de julio de 2019";"03133 - Torrevieja";"Ambos sexos";"De 65 a 69 años";5087
"1 de julio de 2019";"03133 - Torrevieja";"Ambos sexos";"De 70 a 74 años";5128
"1 de julio de 2019";"03133 - Torrevieja";"Ambos sexos";"De 75 a 79 años";3788
"1 de julio de 2019";"03133 - Torrevieja";"Ambos sexos";"De 80 a 84 años";2564
"1 de julio de 2019";"03133 - Torrevieja";"Ambos sexos";"De 85 a 89 años";1316
"1 de julio de 2019";"03133 - Torrevieja";"Ambos sexos";"De 90 a 94 años";410
"1 de julio de 2019";"03133 - Torrevieja";"Ambos sexos";"Total";81421
"1 de julio de 2019";"03133 - Torrevieja";"Hombres";"95 y más años";23
"1 de julio de 2019";"03133 - Torrevieja";"Hombres";"De 0 a 4 años";1676
"1 de julio de 2019";"03133 - Torrevieja";"Hombres";"De 10 a 14 años";2122
"1 de julio de 2019";"03133 - Torrevieja";"Hombres";"De 15 a 19 años";1997
"1 de julio de 2019";"03133 - Torrevieja";"Hombres";"De 20 a 24 años";1931
"1 de julio de 2019";"03133 - Torrevieja";"Hombres";"De 25 a 29 años";2148
"1 de julio de 2019";"03133 - Torrevieja";"Hombres";"De 30 a 34 años";2310
"1 de julio de 2019";"03133 - Torrevieja";"Hombres";"De 35 a 39 años";2763
"1 de julio de 2019";"03133 - Torrevieja";"Hombres";"De 40 a 44 años";3385
"1 de julio de 2019";"03133 - Torrevieja";"Hombres";"De 45 a 49 años";3377
"1 de julio de 2019";"03133 - Torrevieja";"Hombres";"De 5 a 9 años";2014
"1 de julio de 2019";"03133 - Torrevieja";"Hombres";"De 50 a 54 años";3091
"1 de julio de 2019";"03133 - Torrevieja";"Hombres";"De 55 a 59 años";2674
"1 de julio de 2019";"03133 - Torrevieja";"Hombres";"De 60 a 64 años";2279
"1 de julio de 2019";"03133 - Torrevieja";"Hombres";"De 65 a 69 años";2418
"1 de julio de 2019";"03133 - Torrevieja";"Hombres";"De 70 a 74 años";2456
"1 de julio de 2019";"03133 - Torrevieja";"Hombres";"De 75 a 79 años";1767
"1 de julio de 2019";"03133 - Torrevieja";"Hombres";"De 80 a 84 años";1166
"1 de julio de 2019";"03133 - Torrevieja";"Hombres";"De 85 a 89 años";556
"1 de julio de 2019";"03133 - Torrevieja";"Hombres";"De 90 a 94 años";129
"1 de julio de 2019";"03133 - Torrevieja";"Hombres";"Total";40281
"1 de julio de 2019";"03133 - Torrevieja";"Mujeres";"95 y más años";68
"1 de julio de 2019";"03133 - Torrevieja";"Mujeres";"De 0 a 4 años";1580
"1 de julio de 2019";"03133 - Torrevieja";"Mujeres";"De 10 a 14 años";2011
"1 de julio de 2019";"03133 - Torrevieja";"Mujeres";"De 15 a 19 años";1855
"1 de julio de 2019";"03133 - Torrevieja";"Mujeres";"De 20 a 24 años";1834
"1 de julio de 2019";"03133 - Torrevieja";"Mujeres";"De 25 a 29 años";1980
"1 de julio de 2019";"03133 - Torrevieja";"Mujeres";"De 30 a 34 años";2356
"1 de julio de 2019";"03133 - Torrevieja";"Mujeres";"De 35 a 39 años";2931
"1 de julio de 2019";"03133 - Torrevieja";"Mujeres";"De 40 a 44 años";3246
"1 de julio de 2019";"03133 - Torrevieja";"Mujeres";"De 45 a 49 años";3240
"1 de julio de 2019";"03133 - Torrevieja";"Mujeres";"De 5 a 9 años";1749
"1 de julio de 2019";"03133 - Torrevieja";"Mujeres";"De 50 a 54 años";3035
"1 de julio de 2019";"03133 - Torrevieja";"Mujeres";"De 55 a 59 años";2864
"1 de julio de 2019";"03133 - Torrevieja";"Mujeres";"De 60 a 64 años";2590
"1 de julio de 2019";"03133 - Torrevieja";"Mujeres";"De 65 a 69 años";2669
"1 de julio de 2019";"03133 - Torrevieja";"Mujeres";"De 70 a 74 años";2672
"1 de julio de 2019";"03133 - Torrevieja";"Mujeres";"De 75 a 79 años";2022
"1 de julio de 2019";"03133 - Torrevieja";"Mujeres";"De 80 a 84 años";1398
"1 de julio de 2019";"03133 - Torrevieja";"Mujeres";"De 85 a 89 años";760
"1 de julio de 2019";"03133 - Torrevieja";"Mujeres";"De 90 a 94 años";282
"1 de julio de 2019";"03133 - Torrevieja";"Mujeres";"Total";41140
"1 de julio de 2020";"03133 - Torrevieja";"Ambos sexos";"95 y más años";98
"1 de julio de 2020";"03133 - Torrevieja";"Ambos sexos";"De 0 a 4 años";3188
"1 de julio de 2020";"03133 - Torrevieja";"Ambos sexos";"De 10 a 14 años";4286
"1 de julio de 2020";"03133 - Torrevieja";"Ambos sexos";"De 15 a 19 años";3954
"1 de julio de 2020";"03133 - Torrevieja";"Ambos sexos";"De 20 a 24 años";3869
"1 de julio de 2020";"03133 - Torrevieja";"Ambos sexos";"De 25 a 29 años";4198
"1 de julio de 2020";"03133 - Torrevieja";"Ambos sexos";"De 30 a 34 años";4654
"1 de julio de 2020";"03133 - Torrevieja";"Ambos sexos";"De 35 a 39 años";5586
"1 de julio de 2020";"03133 - Torrevieja";"Ambos sexos";"De 40 a 44 años";6614
"1 de julio de 2020";"03133 - Torrevieja";"Ambos sexos";"De 45 a 49 años";6682
"1 de julio de 2020";"03133 - Torrevieja";"Ambos sexos";"De 5 a 9 años";3766
"1 de julio de 2020";"03133 - Torrevieja";"Ambos sexos";"De 50 a 54 años";6260
"1 de julio de 2020";"03133 - Torrevieja";"Ambos sexos";"De 55 a 59 años";5751
"1 de julio de 2020";"03133 - Torrevieja";"Ambos sexos";"De 60 a 64 años";5081
"1 de julio de 2020";"03133 - Torrevieja";"Ambos sexos";"De 65 a 69 años";5165
"1 de julio de 2020";"03133 - Torrevieja";"Ambos sexos";"De 70 a 74 años";5209
"1 de julio de 2020";"03133 - Torrevieja";"Ambos sexos";"De 75 a 79 años";4041
"1 de julio de 2020";"03133 - Torrevieja";"Ambos sexos";"De 80 a 84 años";2689
"1 de julio de 2020";"03133 - Torrevieja";"Ambos sexos";"De 85 a 89 años";1446
"1 de julio de 2020";"03133 - Torrevieja";"Ambos sexos";"De 90 a 94 años";454
"1 de julio de 2020";"03133 - Torrevieja";"Ambos sexos";"Total";82989
"1 de julio de 2020";"03133 - Torrevieja";"Hombres";"95 y más años";28
"1 de julio de 2020";"03133 - Torrevieja";"Hombres";"De 0 a 4 años";1639
"1 de julio de 2020";"03133 - Torrevieja";"Hombres";"De 10 a 14 años";2212
"1 de julio de 2020";"03133 - Torrevieja";"Hombres";"De 15 a 19 años";2042
"1 de julio de 2020";"03133 - Torrevieja";"Hombres";"De 20 a 24 años";1966
"1 de julio de 2020";"03133 - Torrevieja";"Hombres";"De 25 a 29 años";2175
"1 de julio de 2020";"03133 - Torrevieja";"Hombres";"De 30 a 34 años";2344
"1 de julio de 2020";"03133 - Torrevieja";"Hombres";"De 35 a 39 años";2678
"1 de julio de 2020";"03133 - Torrevieja";"Hombres";"De 40 a 44 años";3328
"1 de julio de 2020";"03133 - Torrevieja";"Hombres";"De 45 a 49 años";3360
"1 de julio de 2020";"03133 - Torrevieja";"Hombres";"De 5 a 9 años";1995
"1 de julio de 2020";"03133 - Torrevieja";"Hombres";"De 50 a 54 años";3143
"1 de julio de 2020";"03133 - Torrevieja";"Hombres";"De 55 a 59 años";2793
"1 de julio de 2020";"03133 - Torrevieja";"Hombres";"De 60 a 64 años";2392
"1 de julio de 2020";"03133 - Torrevieja";"Hombres";"De 65 a 69 años";2427
"1 de julio de 2020";"03133 - Torrevieja";"Hombres";"De 70 a 74 años";2495
"1 de julio de 2020";"03133 - Torrevieja";"Hombres";"De 75 a 79 años";1921
"1 de julio de 2020";"03133 - Torrevieja";"Hombres";"De 80 a 84 años";1205
"1 de julio de 2020";"03133 - Torrevieja";"Hombres";"De 85 a 89 años";619
"1 de julio de 2020";"03133 - Torrevieja";"Hombres";"De 90 a 94 años";144
"1 de julio de 2020";"03133 - Torrevieja";"Hombres";"Total";40905
"1 de julio de 2020";"03133 - Torrevieja";"Mujeres";"95 y más años";70
"1 de julio de 2020";"03133 - Torrevieja";"Mujeres";"De 0 a 4 años";1549
"1 de julio de 2020";"03133 - Torrevieja";"Mujeres";"De 10 a 14 años";2074
"1 de julio de 2020";"03133 - Torrevieja";"Mujeres";"De 15 a 19 años";1912
"1 de julio de 2020";"03133 - Torrevieja";"Mujeres";"De 20 a 24 años";1903
"1 de julio de 2020";"03133 - Torrevieja";"Mujeres";"De 25 a 29 años";2023
"1 de julio de 2020";"03133 - Torrevieja";"Mujeres";"De 30 a 34 años";2310
"1 de julio de 2020";"03133 - Torrevieja";"Mujeres";"De 35 a 39 años";2908
"1 de julio de 2020";"03133 - Torrevieja";"Mujeres";"De 40 a 44 años";3285
"1 de julio de 2020";"03133 - Torrevieja";"Mujeres";"De 45 a 49 años";3322
"1 de julio de 2020";"03133 - Torrevieja";"Mujeres";"De 5 a 9 años";1771
"1 de julio de 2020";"03133 - Torrevieja";"Mujeres";"De 50 a 54 años";3117
"1 de julio de 2020";"03133 - Torrevieja";"Mujeres";"De 55 a 59 años";2957
"1 de julio de 2020";"03133 - Torrevieja";"Mujeres";"De 60 a 64 años";2689
"1 de julio de 2020";"03133 - Torrevieja";"Mujeres";"De 65 a 69 años";2738
"1 de julio de 2020";"03133 - Torrevieja";"Mujeres";"De 70 a 74 años";2714
"1 de julio de 2020";"03133 - Torrevieja";"Mujeres";"De 75 a 79 años";2120
"1 de julio de 2020";"03133 - Torrevieja";"Mujeres";"De 80 a 84 años";1483
"1 de julio de 2020";"03133 - Torrevieja";"Mujeres";"De 85 a 89 años";827
"1 de julio de 2020";"03133 - Torrevieja";"Mujeres";"De 90 a 94 años";311
"1 de julio de 2020";"03133 - Torrevieja";"Mujeres";"Total";42084
