fecha;mun_orig;destino;turistas
2019-07-01;Torrevieja;Total;2268
2019-07-01;Torrevieja;Europa;2040
2019-07-01;Torrevieja;Unión Europea;1605
2019-07-01;Torrevieja;América;117
2019-07-01;Torrevieja;América del Norte;48
2019-07-01;Torrevieja;Centro América y Caribe;30
2019-07-01;Torrevieja;Sudamérica;39
2019-07-01;Torrevieja;Asia;57
2019-07-01;Torrevieja;Bélgica;61
2019-07-01;Torrevieja;Dinamarca;31
2019-07-01;Torrevieja;Francia;665
2019-07-01;Torrevieja;Irlanda;34
2019-07-01;Torrevieja;Italia;186
2019-07-01;Torrevieja;Noruega;30
2019-07-01;Torrevieja;Países Bajos;50
2019-07-01;Torrevieja;Polonia;39
2019-07-01;Torrevieja;Portugal;113
2019-07-01;Torrevieja;Reino Unido;265
2019-07-01;Torrevieja;Alemania;172
2019-07-01;Torrevieja;Rumanía;59
2019-07-01;Torrevieja;Suecia;43
2019-07-01;Torrevieja;Suiza;30
2019-07-01;Torrevieja;Rusia;38
2019-07-01;Torrevieja;Marruecos;44
2019-07-01;Torrevieja;Estados Unidos de América;31
2019-08-01;Torrevieja;Total;2998
2019-08-01;Torrevieja;Europa;2719
2019-08-01;Torrevieja;Unión Europea;2141
2019-08-01;Torrevieja;América;154
2019-08-01;Torrevieja;América del Norte;85
2019-08-01;Torrevieja;Centro América y Caribe;34
2019-08-01;Torrevieja;Sudamérica;35
2019-08-01;Torrevieja;Asia;77
2019-08-01;Torrevieja;Austria;40
2019-08-01;Torrevieja;Bélgica;76
2019-08-01;Torrevieja;Bulgaria;51
2019-08-01;Torrevieja;Finlandia;75
2019-08-01;Torrevieja;Francia;702
2019-08-01;Torrevieja;Grecia;31
2019-08-01;Torrevieja;Islandia;34
2019-08-01;Torrevieja;Italia;220
2019-08-01;Torrevieja;Noruega;40
2019-08-01;Torrevieja;Países Bajos;52
2019-08-01;Torrevieja;Polonia;59
2019-08-01;Torrevieja;Portugal;277
2019-08-01;Torrevieja;Reino Unido;314
2019-08-01;Torrevieja;Alemania;238
2019-08-01;Torrevieja;Rumanía;45
2019-08-01;Torrevieja;Suecia;71
2019-08-01;Torrevieja;Ucrania;32
2019-08-01;Torrevieja;Croacia;30
2019-08-01;Torrevieja;Rusia;51
2019-08-01;Torrevieja;Marruecos;33
2019-08-01;Torrevieja;Estados Unidos de América;60
2019-08-01;Torrevieja;Turquía;30
2019-09-01;Torrevieja;Total;3327
2019-09-01;Torrevieja;Europa;2846
2019-09-01;Torrevieja;Unión Europea;2236
2019-09-01;Torrevieja;África;180
2019-09-01;Torrevieja;América;225
2019-09-01;Torrevieja;América del Norte;121
2019-09-01;Torrevieja;Centro América y Caribe;32
2019-09-01;Torrevieja;Sudamérica;72
2019-09-01;Torrevieja;Austria;35
2019-09-01;Torrevieja;Bélgica;92
2019-09-01;Torrevieja;Bulgaria;50
2019-09-01;Torrevieja;Dinamarca;50
2019-09-01;Torrevieja;Francia;706
2019-09-01;Torrevieja;Grecia;42
2019-09-01;Torrevieja;Hungría;36
2019-09-01;Torrevieja;Italia;340
2019-09-01;Torrevieja;Noruega;51
2019-09-01;Torrevieja;Países Bajos;89
2019-09-01;Torrevieja;Polonia;44
2019-09-01;Torrevieja;Portugal;204
2019-09-01;Torrevieja;Andorra;47
2019-09-01;Torrevieja;Reino Unido;315
2019-09-01;Torrevieja;Alemania;269
2019-09-01;Torrevieja;Rumanía;52
2019-09-01;Torrevieja;Suecia;79
2019-09-01;Torrevieja;Suiza;51
2019-09-01;Torrevieja;Rusia;47
2019-09-01;Torrevieja;Marruecos;152
2019-09-01;Torrevieja;Estados Unidos de América;105
2019-09-01;Torrevieja;Turquía;48
2019-10-01;Torrevieja;Total;2695
2019-10-01;Torrevieja;Europa;2309
2019-10-01;Torrevieja;Unión Europea;1838
2019-10-01;Torrevieja;África;150
2019-10-01;Torrevieja;América;180
2019-10-01;Torrevieja;América del Norte;93
2019-10-01;Torrevieja;Bélgica;98
2019-10-01;Torrevieja;Francia;633
2019-10-01;Torrevieja;Grecia;36
2019-10-01;Torrevieja;Hungría;38
2019-10-01;Torrevieja;Italia;264
2019-10-01;Torrevieja;Países Bajos;61
2019-10-01;Torrevieja;Polonia;51
2019-10-01;Torrevieja;Portugal;160
2019-10-01;Torrevieja;Andorra;34
2019-10-01;Torrevieja;Reino Unido;288
2019-10-01;Torrevieja;Alemania;220
2019-10-01;Torrevieja;Rumanía;73
2019-10-01;Torrevieja;Suecia;65
2019-10-01;Torrevieja;Marruecos;119
2019-10-01;Torrevieja;Estados Unidos de América;53
2019-11-01;Torrevieja;Total;2494
2019-11-01;Torrevieja;Europa;2193
2019-11-01;Torrevieja;Unión Europea;1711
2019-11-01;Torrevieja;América;151
2019-11-01;Torrevieja;América del Norte;69
2019-11-01;Torrevieja;Asia;95
2019-11-01;Torrevieja;Austria;38
2019-11-01;Torrevieja;Bélgica;105
2019-11-01;Torrevieja;Francia;669
2019-11-01;Torrevieja;Irlanda;36
2019-11-01;Torrevieja;Italia;181
2019-11-01;Torrevieja;Noruega;44
2019-11-01;Torrevieja;Países Bajos;56
2019-11-01;Torrevieja;Polonia;34
2019-11-01;Torrevieja;Portugal;114
2019-11-01;Torrevieja;Reino Unido;287
2019-11-01;Torrevieja;Alemania;246
2019-11-01;Torrevieja;Suecia;63
2019-11-01;Torrevieja;Suiza;30
2019-11-01;Torrevieja;Marruecos;34
2019-11-01;Torrevieja;Estados Unidos de América;52
2019-11-01;Torrevieja;Turquía;43
2019-12-01;Torrevieja;Total;2865
2019-12-01;Torrevieja;Europa;2607
2019-12-01;Torrevieja;Unión Europea;1939
2019-12-01;Torrevieja;América;173
2019-12-01;Torrevieja;América del Norte;55
2019-12-01;Torrevieja;Centro América y Caribe;33
2019-12-01;Torrevieja;Sudamérica;85
2019-12-01;Torrevieja;Asia;62
2019-12-01;Torrevieja;Austria;66
2019-12-01;Torrevieja;Bélgica;110
2019-12-01;Torrevieja;Dinamarca;51
2019-12-01;Torrevieja;Finlandia;31
2019-12-01;Torrevieja;Francia;756
2019-12-01;Torrevieja;Irlanda;81
2019-12-01;Torrevieja;Italia;145
2019-12-01;Torrevieja;Noruega;34
2019-12-01;Torrevieja;Países Bajos;62
2019-12-01;Torrevieja;Polonia;74
2019-12-01;Torrevieja;Portugal;107
2019-12-01;Torrevieja;Andorra;63
2019-12-01;Torrevieja;Reino Unido;443
2019-12-01;Torrevieja;Alemania;248
2019-12-01;Torrevieja;Suecia;65
2019-12-01;Torrevieja;Suiza;38
2019-12-01;Torrevieja;Rusia;38
2019-12-01;Torrevieja;Estados Unidos de América;49
2020-01-01;Torrevieja;Total;3020
2020-01-01;Torrevieja;Europa;2653
2020-01-01;Torrevieja;Unión Europea;1973
2020-01-01;Torrevieja;América;223
2020-01-01;Torrevieja;América del Norte;107
2020-01-01;Torrevieja;Centro América y Caribe;52
2020-01-01;Torrevieja;Sudamérica;64
2020-01-01;Torrevieja;Asia;77
2020-01-01;Torrevieja;Austria;41
2020-01-01;Torrevieja;Bélgica;124
2020-01-01;Torrevieja;Bulgaria;30
2020-01-01;Torrevieja;Francia;730
2020-01-01;Torrevieja;Hungría;39
2020-01-01;Torrevieja;Italia;220
2020-01-01;Torrevieja;Noruega;56
2020-01-01;Torrevieja;Países Bajos;57
2020-01-01;Torrevieja;Polonia;55
2020-01-01;Torrevieja;Portugal;108
2020-01-01;Torrevieja;Andorra;126
2020-01-01;Torrevieja;Reino Unido;362
2020-01-01;Torrevieja;Alemania;283
2020-01-01;Torrevieja;Rumanía;52
2020-01-01;Torrevieja;Suecia;75
2020-01-01;Torrevieja;Suiza;42
2020-01-01;Torrevieja;Estados Unidos de América;59
2020-01-01;Torrevieja;China;34
2020-02-01;Torrevieja;Total;2201
2020-02-01;Torrevieja;Europa;1982
2020-02-01;Torrevieja;Unión Europea;1510
2020-02-01;Torrevieja;América;137
2020-02-01;Torrevieja;Sudamérica;68
2020-02-01;Torrevieja;Asia;40
2020-02-01;Torrevieja;Bélgica;80
2020-02-01;Torrevieja;Francia;547
2020-02-01;Torrevieja;Italia;225
2020-02-01;Torrevieja;Países Bajos;55
2020-02-01;Torrevieja;Polonia;36
2020-02-01;Torrevieja;Portugal;74
2020-02-01;Torrevieja;Andorra;40
2020-02-01;Torrevieja;Reino Unido;282
2020-02-01;Torrevieja;Alemania;230
2020-02-01;Torrevieja;Rumanía;37
2020-02-01;Torrevieja;Suecia;46
2020-02-01;Torrevieja;Suiza;48
2020-02-01;Torrevieja;Rusia;32
2020-02-01;Torrevieja;Estados Unidos de América;37
2020-03-01;Torrevieja;Total;1390
2020-03-01;Torrevieja;Europa;1163
2020-03-01;Torrevieja;Unión Europea;860
2020-03-01;Torrevieja;África;72
2020-03-01;Torrevieja;América;133
2020-03-01;Torrevieja;América del Norte;72
2020-03-01;Torrevieja;Austria;39
2020-03-01;Torrevieja;Bélgica;39
2020-03-01;Torrevieja;Francia;418
2020-03-01;Torrevieja;Italia;35
2020-03-01;Torrevieja;Países Bajos;70
2020-03-01;Torrevieja;Portugal;38
2020-03-01;Torrevieja;Andorra;69
2020-03-01;Torrevieja;Reino Unido;146
2020-03-01;Torrevieja;Alemania;96
2020-03-01;Torrevieja;Marruecos;51
2020-03-01;Torrevieja;Estados Unidos de América;64
2020-04-01;Torrevieja;Total;267
2020-04-01;Torrevieja;Europa;267
2020-04-01;Torrevieja;Unión Europea;230
2020-04-01;Torrevieja;Francia;142
2020-04-01;Torrevieja;Alemania;31
2020-05-01;Torrevieja;Total;417
2020-05-01;Torrevieja;Europa;413
2020-05-01;Torrevieja;Unión Europea;395
2020-05-01;Torrevieja;Francia;260
2020-05-01;Torrevieja;Alemania;85
2020-06-01;Torrevieja;Total;460
2020-06-01;Torrevieja;Europa;453
2020-06-01;Torrevieja;Unión Europea;428
2020-06-01;Torrevieja;Francia;282
2020-06-01;Torrevieja;Alemania;41
2020-07-01;Torrevieja;Total;1026
2020-07-01;Torrevieja;Europa;1020
2020-07-01;Torrevieja;Unión Europea;878
2020-07-01;Torrevieja;Bélgica;36
2020-07-01;Torrevieja;Francia;443
2020-07-01;Torrevieja;Italia;46
2020-07-01;Torrevieja;Países Bajos;39
2020-07-01;Torrevieja;Polonia;50
2020-07-01;Torrevieja;Portugal;39
2020-07-01;Torrevieja;Andorra;31
2020-07-01;Torrevieja;Reino Unido;55
2020-07-01;Torrevieja;Alemania;140
2020-08-01;Torrevieja;Total;1314
2020-08-01;Torrevieja;Europa;1293
2020-08-01;Torrevieja;Unión Europea;1021
2020-08-01;Torrevieja;Bélgica;39
2020-08-01;Torrevieja;Francia;388
2020-08-01;Torrevieja;Italia;49
2020-08-01;Torrevieja;Países Bajos;55
2020-08-01;Torrevieja;Portugal;87
2020-08-01;Torrevieja;Andorra;94
2020-08-01;Torrevieja;Reino Unido;103
2020-08-01;Torrevieja;Alemania;175
2020-08-01;Torrevieja;Rumanía;35
2020-09-01;Torrevieja;Total;1067
2020-09-01;Torrevieja;Europa;1030
2020-09-01;Torrevieja;Unión Europea;843
2020-09-01;Torrevieja;Bélgica;56
2020-09-01;Torrevieja;Francia;342
2020-09-01;Torrevieja;Italia;49
2020-09-01;Torrevieja;Noruega;38
2020-09-01;Torrevieja;Países Bajos;46
2020-09-01;Torrevieja;Portugal;114
2020-09-01;Torrevieja;Reino Unido;72
2020-09-01;Torrevieja;Alemania;120
2020-10-01;Torrevieja;Total;1136
2020-10-01;Torrevieja;Europa;1111
2020-10-01;Torrevieja;Unión Europea;949
2020-10-01;Torrevieja;Bélgica;57
2020-10-01;Torrevieja;Francia;394
2020-10-01;Torrevieja;Italia;81
2020-10-01;Torrevieja;Países Bajos;50
2020-10-01;Torrevieja;Polonia;30
2020-10-01;Torrevieja;Portugal;97
2020-10-01;Torrevieja;Andorra;44
2020-10-01;Torrevieja;Reino Unido;74
2020-10-01;Torrevieja;Alemania;124
2020-10-01;Torrevieja;Suecia;37
2020-11-01;Torrevieja;Total;826
2020-11-01;Torrevieja;Europa;797
2020-11-01;Torrevieja;Unión Europea;686
2020-11-01;Torrevieja;Francia;396
2020-11-01;Torrevieja;Países Bajos;42
2020-11-01;Torrevieja;Reino Unido;64
2020-11-01;Torrevieja;Alemania;110
2020-12-01;Torrevieja;Total;1035
2020-12-01;Torrevieja;Europa;971
2020-12-01;Torrevieja;Unión Europea;857
2020-12-01;Torrevieja;América;44
2020-12-01;Torrevieja;Francia;497
2020-12-01;Torrevieja;Italia;36
2020-12-01;Torrevieja;Portugal;35
2020-12-01;Torrevieja;Reino Unido;63
2020-12-01;Torrevieja;Alemania;203
2021-01-01;Torrevieja;Total;884
2021-01-01;Torrevieja;Europa;830
2021-01-01;Torrevieja;Unión Europea;650
2021-01-01;Torrevieja;Francia;385
2021-01-01;Torrevieja;Mónaco;76
2021-01-01;Torrevieja;Reino Unido;40
2021-01-01;Torrevieja;Alemania;119
2021-02-01;Torrevieja;Total;661
2021-02-01;Torrevieja;Europa;630
2021-02-01;Torrevieja;Unión Europea;578
2021-02-01;Torrevieja;Francia;403
2021-02-01;Torrevieja;Alemania;72
2021-03-01;Torrevieja;Total;962
2021-03-01;Torrevieja;Europa;895
2021-03-01;Torrevieja;Unión Europea;831
2021-03-01;Torrevieja;África;31
2021-03-01;Torrevieja;Francia;516
2021-03-01;Torrevieja;Italia;61
2021-03-01;Torrevieja;Alemania;120
2021-04-01;Torrevieja;Total;962
2021-04-01;Torrevieja;Europa;911
2021-04-01;Torrevieja;Unión Europea;807
2021-04-01;Torrevieja;América;42
2021-04-01;Torrevieja;Francia;470
2021-04-01;Torrevieja;Portugal;52
2021-04-01;Torrevieja;Reino Unido;30
2021-04-01;Torrevieja;Alemania;187
2021-05-01;Torrevieja;Total;1202
2021-05-01;Torrevieja;Europa;1159
2021-05-01;Torrevieja;Unión Europea;1055
2021-05-01;Torrevieja;América;35
2021-05-01;Torrevieja;Bélgica;44
2021-05-01;Torrevieja;Francia;557
2021-05-01;Torrevieja;Italia;68
2021-05-01;Torrevieja;Países Bajos;40
2021-05-01;Torrevieja;Portugal;51
2021-05-01;Torrevieja;Alemania;199
2021-06-01;Torrevieja;Total;1389
2021-06-01;Torrevieja;Europa;1317
2021-06-01;Torrevieja;Unión Europea;1111
2021-06-01;Torrevieja;África;48
2021-06-01;Torrevieja;Bélgica;55
2021-06-01;Torrevieja;Francia;542
2021-06-01;Torrevieja;Italia;67
2021-06-01;Torrevieja;Países Bajos;47
2021-06-01;Torrevieja;Portugal;54
2021-06-01;Torrevieja;Andorra;63
2021-06-01;Torrevieja;Reino Unido;35
2021-06-01;Torrevieja;Alemania;186
2021-06-01;Torrevieja;Rumanía;35
2021-06-01;Torrevieja;Suecia;32
2021-06-01;Torrevieja;Rusia;37
2021-06-01;Torrevieja;Marruecos;30
2021-07-01;Torrevieja;Total;1773
2021-07-01;Torrevieja;Europa;1626
2021-07-01;Torrevieja;Unión Europea;1435
2021-07-01;Torrevieja;África;112
2021-07-01;Torrevieja;América;35
2021-07-01;Torrevieja;Bélgica;49
2021-07-01;Torrevieja;Francia;651
2021-07-01;Torrevieja;Italia;93
2021-07-01;Torrevieja;Países Bajos;53
2021-07-01;Torrevieja;Polonia;61
2021-07-01;Torrevieja;Portugal;142
2021-07-01;Torrevieja;Reino Unido;38
2021-07-01;Torrevieja;Alemania;191
2021-07-01;Torrevieja;Rumanía;59
2021-07-01;Torrevieja;Suiza;42
2021-07-01;Torrevieja;Marruecos;103
2021-08-01;Torrevieja;Total;2122
2021-08-01;Torrevieja;Europa;1952
2021-08-01;Torrevieja;Unión Europea;1665
2021-08-01;Torrevieja;África;89
2021-08-01;Torrevieja;América;66
2021-08-01;Torrevieja;América del Norte;35
2021-08-01;Torrevieja;Austria;38
2021-08-01;Torrevieja;Bélgica;109
2021-08-01;Torrevieja;Dinamarca;35
2021-08-01;Torrevieja;Francia;642
2021-08-01;Torrevieja;Italia;139
2021-08-01;Torrevieja;Noruega;38
2021-08-01;Torrevieja;Países Bajos;33
2021-08-01;Torrevieja;Polonia;47
2021-08-01;Torrevieja;Portugal;173
2021-08-01;Torrevieja;Reino Unido;101
2021-08-01;Torrevieja;Alemania;182
2021-08-01;Torrevieja;Rumanía;46
2021-08-01;Torrevieja;Suecia;33
2021-08-01;Torrevieja;Suiza;35
2021-08-01;Torrevieja;Marruecos;80
2021-09-01;Torrevieja;Total;2119
2021-09-01;Torrevieja;Europa;2022
2021-09-01;Torrevieja;Unión Europea;1692
2021-09-01;Torrevieja;América;60
2021-09-01;Torrevieja;Bélgica;89
2021-09-01;Torrevieja;Bulgaria;48
2021-09-01;Torrevieja;Francia;671
2021-09-01;Torrevieja;Italia;166
2021-09-01;Torrevieja;Países Bajos;63
2021-09-01;Torrevieja;Polonia;40
2021-09-01;Torrevieja;Portugal;114
2021-09-01;Torrevieja;Andorra;56
2021-09-01;Torrevieja;Reino Unido;119
2021-09-01;Torrevieja;Alemania;192
2021-09-01;Torrevieja;Rumanía;83
2021-09-01;Torrevieja;Suecia;49
2021-09-01;Torrevieja;Suiza;56
2021-10-01;Torrevieja;Total;2480
2021-10-01;Torrevieja;Europa;2349
2021-10-01;Torrevieja;Unión Europea;1976
2021-10-01;Torrevieja;África;53
2021-10-01;Torrevieja;América;66
2021-10-01;Torrevieja;Austria;30
2021-10-01;Torrevieja;Bélgica;100
2021-10-01;Torrevieja;Francia;774
2021-10-01;Torrevieja;Irlanda;42
2021-10-01;Torrevieja;Italia;183
2021-10-01;Torrevieja;Noruega;41
2021-10-01;Torrevieja;Países Bajos;121
2021-10-01;Torrevieja;Polonia;56
2021-10-01;Torrevieja;Portugal;246
2021-10-01;Torrevieja;Reino Unido;194
2021-10-01;Torrevieja;Alemania;219
2021-10-01;Torrevieja;Rumanía;55
2021-10-01;Torrevieja;Suecia;41
2021-10-01;Torrevieja;Marruecos;45
2021-10-01;Torrevieja;Turquía;30
2021-11-01;Torrevieja;Total;1918
2021-11-01;Torrevieja;Europa;1718
2021-11-01;Torrevieja;Unión Europea;1462
2021-11-01;Torrevieja;África;79
2021-11-01;Torrevieja;América;101
2021-11-01;Torrevieja;América del Norte;46
2021-11-01;Torrevieja;Bélgica;74
2021-11-01;Torrevieja;Francia;672
2021-11-01;Torrevieja;Italia;111
2021-11-01;Torrevieja;Países Bajos;44
2021-11-01;Torrevieja;Polonia;51
2021-11-01;Torrevieja;Portugal;156
2021-11-01;Torrevieja;Reino Unido;127
2021-11-01;Torrevieja;Alemania;164
2021-11-01;Torrevieja;Suecia;36
2021-11-01;Torrevieja;Marruecos;71
2021-11-01;Torrevieja;Estados Unidos de América;31
2021-12-01;Torrevieja;Total;2209
2021-12-01;Torrevieja;Europa;2029
2021-12-01;Torrevieja;Unión Europea;1721
2021-12-01;Torrevieja;África;43
2021-12-01;Torrevieja;América;119
2021-12-01;Torrevieja;Sudamérica;57
2021-12-01;Torrevieja;Austria;31
2021-12-01;Torrevieja;Bélgica;81
2021-12-01;Torrevieja;Finlandia;37
2021-12-01;Torrevieja;Francia;827
2021-12-01;Torrevieja;Irlanda;49
2021-12-01;Torrevieja;Italia;107
2021-12-01;Torrevieja;Países Bajos;40
2021-12-01;Torrevieja;Polonia;32
2021-12-01;Torrevieja;Portugal;91
2021-12-01;Torrevieja;Reino Unido;138
2021-12-01;Torrevieja;Alemania;255
2021-12-01;Torrevieja;Suecia;64
2021-12-01;Torrevieja;Suiza;49
2021-12-01;Torrevieja;Rusia;30
2022-01-01;Torrevieja;Total;1944
2022-01-01;Torrevieja;Europa;1798
2022-01-01;Torrevieja;Unión Europea;1480
2022-01-01;Torrevieja;América;108
2022-01-01;Torrevieja;Sudamérica;44
2022-01-01;Torrevieja;Bélgica;63
2022-01-01;Torrevieja;Francia;711
2022-01-01;Torrevieja;Italia;103
2022-01-01;Torrevieja;Noruega;32
2022-01-01;Torrevieja;Países Bajos;71
2022-01-01;Torrevieja;Polonia;52
2022-01-01;Torrevieja;Portugal;97
2022-01-01;Torrevieja;Andorra;81
2022-01-01;Torrevieja;Reino Unido;107
2022-01-01;Torrevieja;Alemania;165
2022-01-01;Torrevieja;Suecia;58
2022-02-01;Torrevieja;Total;1324
2022-02-01;Torrevieja;Europa;1133
2022-02-01;Torrevieja;Unión Europea;935
2022-02-01;Torrevieja;África;79
2022-02-01;Torrevieja;América;96
2022-02-01;Torrevieja;América del Norte;47
2022-02-01;Torrevieja;Bélgica;41
2022-02-01;Torrevieja;Francia;408
2022-02-01;Torrevieja;Italia;80
2022-02-01;Torrevieja;Países Bajos;67
2022-02-01;Torrevieja;Portugal;44
2022-02-01;Torrevieja;Reino Unido;88
2022-02-01;Torrevieja;Alemania;149
2022-02-01;Torrevieja;Marruecos;72
2022-02-01;Torrevieja;Estados Unidos de América;33
2022-03-01;Torrevieja;Total;2086
2022-03-01;Torrevieja;Europa;1891
2022-03-01;Torrevieja;Unión Europea;1490
2022-03-01;Torrevieja;África;92
2022-03-01;Torrevieja;América;93
2022-03-01;Torrevieja;América del Norte;68
2022-03-01;Torrevieja;Bélgica;66
2022-03-01;Torrevieja;Francia;592
2022-03-01;Torrevieja;Italia;197
2022-03-01;Torrevieja;Noruega;34
2022-03-01;Torrevieja;Países Bajos;93
2022-03-01;Torrevieja;Polonia;50
2022-03-01;Torrevieja;Portugal;102
2022-03-01;Torrevieja;Andorra;73
2022-03-01;Torrevieja;Reino Unido;172
2022-03-01;Torrevieja;Alemania;160
2022-03-01;Torrevieja;Rumanía;42
2022-03-01;Torrevieja;Suecia;37
2022-03-01;Torrevieja;Suiza;41
2022-03-01;Torrevieja;Marruecos;84
2022-03-01;Torrevieja;Estados Unidos de América;60
2022-03-01;Torrevieja;Turquía;31
2022-04-01;Torrevieja;Total;2063
2022-04-01;Torrevieja;Europa;1875
2022-04-01;Torrevieja;Unión Europea;1568
2022-04-01;Torrevieja;África;65
2022-04-01;Torrevieja;América;112
2022-04-01;Torrevieja;América del Norte;58
2022-04-01;Torrevieja;Austria;36
2022-04-01;Torrevieja;Bélgica;68
2022-04-01;Torrevieja;Francia;612
2022-04-01;Torrevieja;Italia;201
2022-04-01;Torrevieja;Países Bajos;64
2022-04-01;Torrevieja;Portugal;102
2022-04-01;Torrevieja;Reino Unido;152
2022-04-01;Torrevieja;Alemania;176
2022-04-01;Torrevieja;Rumanía;43
2022-04-01;Torrevieja;Suecia;40
2022-04-01;Torrevieja;República Checa;35
2022-04-01;Torrevieja;Marruecos;62
2022-04-01;Torrevieja;Estados Unidos de América;39
2022-04-01;Torrevieja;Turquía;71
2022-05-01;Torrevieja;Total;2140
2022-05-01;Torrevieja;Europa;1916
2022-05-01;Torrevieja;Unión Europea;1516
2022-05-01;Torrevieja;África;58
2022-05-01;Torrevieja;América;116
2022-05-01;Torrevieja;América del Norte;65
2022-05-01;Torrevieja;Bélgica;71
2022-05-01;Torrevieja;Francia;613
2022-05-01;Torrevieja;Irlanda;35
2022-05-01;Torrevieja;Italia;176
2022-05-01;Torrevieja;Noruega;48
2022-05-01;Torrevieja;Países Bajos;93
2022-05-01;Torrevieja;Polonia;49
2022-05-01;Torrevieja;Portugal;138
2022-05-01;Torrevieja;Andorra;37
2022-05-01;Torrevieja;Reino Unido;176
2022-05-01;Torrevieja;Alemania;145
2022-05-01;Torrevieja;Rumanía;55
2022-05-01;Torrevieja;Suecia;33
2022-05-01;Torrevieja;Suiza;48
2022-05-01;Torrevieja;Marruecos;40
2022-05-01;Torrevieja;Estados Unidos de América;56
2022-05-01;Torrevieja;Turquía;47
2022-06-01;Torrevieja;Total;2406
2022-06-01;Torrevieja;Europa;2199
2022-06-01;Torrevieja;Unión Europea;1856
2022-06-01;Torrevieja;África;89
2022-06-01;Torrevieja;América;100
2022-06-01;Torrevieja;América del Norte;62
2022-06-01;Torrevieja;Bélgica;94
2022-06-01;Torrevieja;Dinamarca;34
2022-06-01;Torrevieja;Francia;786
2022-06-01;Torrevieja;Italia;214
2022-06-01;Torrevieja;Noruega;30
2022-06-01;Torrevieja;Países Bajos;65
2022-06-01;Torrevieja;Polonia;61
2022-06-01;Torrevieja;Portugal;163
2022-06-01;Torrevieja;Reino Unido;168
2022-06-01;Torrevieja;Alemania;191
2022-06-01;Torrevieja;Rumanía;37
2022-06-01;Torrevieja;Suecia;43
2022-06-01;Torrevieja;Suiza;54
2022-06-01;Torrevieja;Marruecos;71
2022-06-01;Torrevieja;Estados Unidos de América;38
2022-06-01;Torrevieja;Turquía;46
2022-07-01;Torrevieja;Total;2546
2022-07-01;Torrevieja;Europa;2347
2022-07-01;Torrevieja;Unión Europea;1990
2022-07-01;Torrevieja;África;82
2022-07-01;Torrevieja;América;85
2022-07-01;Torrevieja;América del Norte;37
2022-07-01;Torrevieja;Austria;31
2022-07-01;Torrevieja;Bélgica;92
2022-07-01;Torrevieja;Finlandia;36
2022-07-01;Torrevieja;Francia;817
2022-07-01;Torrevieja;Grecia;35
2022-07-01;Torrevieja;Italia;204
2022-07-01;Torrevieja;Noruega;34
2022-07-01;Torrevieja;Países Bajos;39
2022-07-01;Torrevieja;Polonia;40
2022-07-01;Torrevieja;Portugal;214
2022-07-01;Torrevieja;Reino Unido;150
2022-07-01;Torrevieja;Alemania;236
2022-07-01;Torrevieja;Rumanía;34
2022-07-01;Torrevieja;Suecia;42
2022-07-01;Torrevieja;Suiza;41
2022-07-01;Torrevieja;Marruecos;62
2022-07-01;Torrevieja;Turquía;49
2022-08-01;Torrevieja;Total;2408
2022-08-01;Torrevieja;Europa;2180
2022-08-01;Torrevieja;Unión Europea;1769
2022-08-01;Torrevieja;África;72
2022-08-01;Torrevieja;América;117
2022-08-01;Torrevieja;América del Norte;80
2022-08-01;Torrevieja;Austria;34
2022-08-01;Torrevieja;Bélgica;56
2022-08-01;Torrevieja;Bulgaria;30
2022-08-01;Torrevieja;Dinamarca;40
2022-08-01;Torrevieja;Finlandia;42
2022-08-01;Torrevieja;Francia;613
2022-08-01;Torrevieja;Grecia;40
2022-08-01;Torrevieja;Hungría;35
2022-08-01;Torrevieja;Italia;177
2022-08-01;Torrevieja;Noruega;67
2022-08-01;Torrevieja;Países Bajos;38
2022-08-01;Torrevieja;Polonia;47
2022-08-01;Torrevieja;Portugal;232
2022-08-01;Torrevieja;Andorra;32
2022-08-01;Torrevieja;Reino Unido;188
2022-08-01;Torrevieja;Alemania;124
2022-08-01;Torrevieja;Rumanía;46
2022-08-01;Torrevieja;Suecia;58
2022-08-01;Torrevieja;Suiza;34
2022-08-01;Torrevieja;República Checa;39
2022-08-01;Torrevieja;Marruecos;61
2022-08-01;Torrevieja;Estados Unidos de América;41
2022-08-01;Torrevieja;Turquía;40
2022-09-01;Torrevieja;Total;2846
2022-09-01;Torrevieja;Europa;2571
2022-09-01;Torrevieja;Unión Europea;2124
2022-09-01;Torrevieja;África;146
2022-09-01;Torrevieja;América;89
2022-09-01;Torrevieja;América del Norte;55
2022-09-01;Torrevieja;Bélgica;91
2022-09-01;Torrevieja;Bulgaria;62
2022-09-01;Torrevieja;Dinamarca;35
2022-09-01;Torrevieja;Finlandia;51
2022-09-01;Torrevieja;Francia;827
2022-09-01;Torrevieja;Irlanda;41
2022-09-01;Torrevieja;Italia;255
2022-09-01;Torrevieja;Noruega;36
2022-09-01;Torrevieja;Países Bajos;77
2022-09-01;Torrevieja;Polonia;64
2022-09-01;Torrevieja;Portugal;186
2022-09-01;Torrevieja;Andorra;34
2022-09-01;Torrevieja;Reino Unido;193
2022-09-01;Torrevieja;Alemania;182
2022-09-01;Torrevieja;Rumanía;64
2022-09-01;Torrevieja;Suecia;60
2022-09-01;Torrevieja;Suiza;63
2022-09-01;Torrevieja;Marruecos;124
2022-09-01;Torrevieja;Estados Unidos de América;41
2022-09-01;Torrevieja;Turquía;62
2022-10-01;Torrevieja;Total;2875
2022-10-01;Torrevieja;Europa;2580
2022-10-01;Torrevieja;Unión Europea;2130
2022-10-01;Torrevieja;África;110
2022-10-01;Torrevieja;América;145
2022-10-01;Torrevieja;América del Norte;74
2022-10-01;Torrevieja;Bélgica;96
2022-10-01;Torrevieja;Bulgaria;39
2022-10-01;Torrevieja;Dinamarca;31
2022-10-01;Torrevieja;Francia;824
2022-10-01;Torrevieja;Grecia;65
2022-10-01;Torrevieja;Irlanda;52
2022-10-01;Torrevieja;Italia;285
2022-10-01;Torrevieja;Países Bajos;57
2022-10-01;Torrevieja;Polonia;52
2022-10-01;Torrevieja;Portugal;200
2022-10-01;Torrevieja;Andorra;66
2022-10-01;Torrevieja;Reino Unido;213
2022-10-01;Torrevieja;Alemania;219
2022-10-01;Torrevieja;Rumanía;41
2022-10-01;Torrevieja;Suecia;36
2022-10-01;Torrevieja;Suiza;35
2022-10-01;Torrevieja;Marruecos;81
2022-10-01;Torrevieja;Estados Unidos de América;43
2022-10-01;Torrevieja;Turquía;68
2022-11-01;Torrevieja;Total;2450
2022-11-01;Torrevieja;Europa;2178
2022-11-01;Torrevieja;Unión Europea;1760
2022-11-01;Torrevieja;África;66
2022-11-01;Torrevieja;América;143
2022-11-01;Torrevieja;América del Norte;54
2022-11-01;Torrevieja;Centro América y Caribe;32
2022-11-01;Torrevieja;Sudamérica;57
2022-11-01;Torrevieja;Bélgica;88
2022-11-01;Torrevieja;Francia;783
2022-11-01;Torrevieja;Irlanda;35
2022-11-01;Torrevieja;Italia;167
2022-11-01;Torrevieja;Noruega;40
2022-11-01;Torrevieja;Países Bajos;65
2022-11-01;Torrevieja;Polonia;36
2022-11-01;Torrevieja;Portugal;129
2022-11-01;Torrevieja;Andorra;70
2022-11-01;Torrevieja;Reino Unido;190
2022-11-01;Torrevieja;Alemania;222
2022-11-01;Torrevieja;Rumanía;36
2022-11-01;Torrevieja;Suecia;35
2022-11-01;Torrevieja;Suiza;35
2022-11-01;Torrevieja;Marruecos;37
2022-11-01;Torrevieja;Estados Unidos de América;39
2022-11-01;Torrevieja;Turquía;60
2022-12-01;Torrevieja;Total;3130
2022-12-01;Torrevieja;Europa;2891
2022-12-01;Torrevieja;Unión Europea;2252
2022-12-01;Torrevieja;América;127
2022-12-01;Torrevieja;Sudamérica;65
2022-12-01;Torrevieja;Asia;65
2022-12-01;Torrevieja;Austria;38
2022-12-01;Torrevieja;Bélgica;118
2022-12-01;Torrevieja;Finlandia;51
2022-12-01;Torrevieja;Francia;1010
2022-12-01;Torrevieja;Hungría;41
2022-12-01;Torrevieja;Irlanda;45
2022-12-01;Torrevieja;Italia;129
2022-12-01;Torrevieja;Noruega;55
2022-12-01;Torrevieja;Países Bajos;97
2022-12-01;Torrevieja;Polonia;64
2022-12-01;Torrevieja;Portugal;151
2022-12-01;Torrevieja;Andorra;188
2022-12-01;Torrevieja;Reino Unido;246
2022-12-01;Torrevieja;Alemania;272
2022-12-01;Torrevieja;Rumanía;61
2022-12-01;Torrevieja;Suecia;35
2022-12-01;Torrevieja;Suiza;41
2022-12-01;Torrevieja;República Checa;30
2022-12-01;Torrevieja;Marruecos;43
2022-12-01;Torrevieja;Estados Unidos de América;30
2022-12-01;Torrevieja;Colombia;33
2022-12-01;Torrevieja;Emiratos Árabes Unidos;30
2022-12-01;Torrevieja;Turquía;65
2023-01-01;Torrevieja;Total;2991
2023-01-01;Torrevieja;Europa;2676
2023-01-01;Torrevieja;Unión Europea;2134
2023-01-01;Torrevieja;África;60
2023-01-01;Torrevieja;América;216
2023-01-01;Torrevieja;América del Norte;71
2023-01-01;Torrevieja;Centro América y Caribe;35
2023-01-01;Torrevieja;Sudamérica;110
2023-01-01;Torrevieja;Austria;30
2023-01-01;Torrevieja;Bélgica;117
2023-01-01;Torrevieja;Bulgaria;51
2023-01-01;Torrevieja;Francia;832
2023-01-01;Torrevieja;Italia;199
2023-01-01;Torrevieja;Noruega;45
2023-01-01;Torrevieja;Países Bajos;127
2023-01-01;Torrevieja;Polonia;48
2023-01-01;Torrevieja;Portugal;157
2023-01-01;Torrevieja;Andorra;78
2023-01-01;Torrevieja;Reino Unido;236
2023-01-01;Torrevieja;Alemania;324
2023-01-01;Torrevieja;Rumanía;31
2023-01-01;Torrevieja;Suecia;62
2023-01-01;Torrevieja;Suiza;60
2023-01-01;Torrevieja;Marruecos;36
2023-01-01;Torrevieja;Estados Unidos de América;40
2023-01-01;Torrevieja;Colombia;40
2023-01-01;Torrevieja;Turquía;72
2023-02-01;Torrevieja;Total;2246
2023-02-01;Torrevieja;Europa;1979
2023-02-01;Torrevieja;Unión Europea;1611
2023-02-01;Torrevieja;África;76
2023-02-01;Torrevieja;América;131
2023-02-01;Torrevieja;Sudamérica;74
2023-02-01;Torrevieja;Bélgica;77
2023-02-01;Torrevieja;Francia;763
2023-02-01;Torrevieja;Irlanda;52
2023-02-01;Torrevieja;Italia;93
2023-02-01;Torrevieja;Países Bajos;118
2023-02-01;Torrevieja;Polonia;41
2023-02-01;Torrevieja;Portugal;76
2023-02-01;Torrevieja;Andorra;71
2023-02-01;Torrevieja;Reino Unido;169
2023-02-01;Torrevieja;Alemania;151
2023-02-01;Torrevieja;Rumanía;50
2023-02-01;Torrevieja;Suecia;36
2023-02-01;Torrevieja;Suiza;37
2023-02-01;Torrevieja;Marruecos;62
2023-02-01;Torrevieja;Colombia;33
2023-03-01;Torrevieja;Total;2693
2023-03-01;Torrevieja;Europa;2400
2023-03-01;Torrevieja;Unión Europea;1946
2023-03-01;Torrevieja;África;93
2023-03-01;Torrevieja;América;160
2023-03-01;Torrevieja;América del Norte;92
2023-03-01;Torrevieja;Bélgica;98
2023-03-01;Torrevieja;Dinamarca;36
2023-03-01;Torrevieja;Francia;886
2023-03-01;Torrevieja;Hungría;30
2023-03-01;Torrevieja;Irlanda;38
2023-03-01;Torrevieja;Italia;193
2023-03-01;Torrevieja;Países Bajos;132
2023-03-01;Torrevieja;Polonia;50
2023-03-01;Torrevieja;Portugal;117
2023-03-01;Torrevieja;Andorra;68
2023-03-01;Torrevieja;Reino Unido;200
2023-03-01;Torrevieja;Alemania;205
2023-03-01;Torrevieja;Suecia;36
2023-03-01;Torrevieja;Suiza;66
2023-03-01;Torrevieja;Marruecos;69
2023-03-01;Torrevieja;Estados Unidos de América;67
2023-03-01;Torrevieja;Turquía;41
2023-04-01;Torrevieja;Total;2819
2023-04-01;Torrevieja;Europa;2586
2023-04-01;Torrevieja;Unión Europea;2137
2023-04-01;Torrevieja;África;81
2023-04-01;Torrevieja;América;116
2023-04-01;Torrevieja;América del Norte;58
2023-04-01;Torrevieja;Austria;34
2023-04-01;Torrevieja;Bélgica;73
2023-04-01;Torrevieja;Francia;911
2023-04-01;Torrevieja;Italia;273
2023-04-01;Torrevieja;Noruega;40
2023-04-01;Torrevieja;Países Bajos;87
2023-04-01;Torrevieja;Polonia;62
2023-04-01;Torrevieja;Portugal;131
2023-04-01;Torrevieja;Andorra;72
2023-04-01;Torrevieja;Reino Unido;189
2023-04-01;Torrevieja;Alemania;239
2023-04-01;Torrevieja;Rumanía;41
2023-04-01;Torrevieja;Suecia;44
2023-04-01;Torrevieja;Suiza;39
2023-04-01;Torrevieja;Marruecos;58
2023-04-01;Torrevieja;Estados Unidos de América;54
2023-04-01;Torrevieja;Turquía;49
2023-05-01;Torrevieja;Total;2594
2023-05-01;Torrevieja;Europa;2399
2023-05-01;Torrevieja;Unión Europea;2028
2023-05-01;Torrevieja;África;101
2023-05-01;Torrevieja;América;60
2023-05-01;Torrevieja;América del Norte;34
2023-05-01;Torrevieja;Bélgica;99
2023-05-01;Torrevieja;Francia;866
2023-05-01;Torrevieja;Irlanda;48
2023-05-01;Torrevieja;Italia;240
2023-05-01;Torrevieja;Noruega;44
2023-05-01;Torrevieja;Países Bajos;99
2023-05-01;Torrevieja;Polonia;36
2023-05-01;Torrevieja;Portugal;145
2023-05-01;Torrevieja;Reino Unido;166
2023-05-01;Torrevieja;Alemania;224
2023-05-01;Torrevieja;Rumanía;43
2023-05-01;Torrevieja;Suecia;36
2023-05-01;Torrevieja;Suiza;41
2023-05-01;Torrevieja;Marruecos;88
2023-05-01;Torrevieja;Turquía;50
2023-06-01;Torrevieja;Total;2955
2023-06-01;Torrevieja;Europa;2716
2023-06-01;Torrevieja;Unión Europea;2280
2023-06-01;Torrevieja;América;148
2023-06-01;Torrevieja;América del Norte;89
2023-06-01;Torrevieja;Asia;51
2023-06-01;Torrevieja;Bélgica;73
2023-06-01;Torrevieja;Finlandia;33
2023-06-01;Torrevieja;Francia;1025
2023-06-01;Torrevieja;Hungría;40
2023-06-01;Torrevieja;Irlanda;46
2023-06-01;Torrevieja;Italia;205
2023-06-01;Torrevieja;Noruega;48
2023-06-01;Torrevieja;Países Bajos;102
2023-06-01;Torrevieja;Polonia;78
2023-06-01;Torrevieja;Portugal;199
2023-06-01;Torrevieja;Reino Unido;228
2023-06-01;Torrevieja;Alemania;248
2023-06-01;Torrevieja;Rumanía;35
2023-06-01;Torrevieja;Suecia;45
2023-06-01;Torrevieja;Suiza;33
2023-06-01;Torrevieja;República Checa;33
2023-06-01;Torrevieja;Marruecos;30
2023-06-01;Torrevieja;Estados Unidos de América;48
2023-06-01;Torrevieja;Turquía;39
2023-07-01;Torrevieja;Total;3276
2023-07-01;Torrevieja;Europa;2981
2023-07-01;Torrevieja;Unión Europea;2489
2023-07-01;Torrevieja;África;123
2023-07-01;Torrevieja;América;128
2023-07-01;Torrevieja;Sudamérica;70
2023-07-01;Torrevieja;Austria;44
2023-07-01;Torrevieja;Bélgica;101
2023-07-01;Torrevieja;Finlandia;64
2023-07-01;Torrevieja;Francia;1049
2023-07-01;Torrevieja;Grecia;63
2023-07-01;Torrevieja;Hungría;31
2023-07-01;Torrevieja;Irlanda;63
2023-07-01;Torrevieja;Italia;237
2023-07-01;Torrevieja;Malta;30
2023-07-01;Torrevieja;Noruega;35
2023-07-01;Torrevieja;Países Bajos;60
2023-07-01;Torrevieja;Polonia;46
2023-07-01;Torrevieja;Portugal;214
2023-07-01;Torrevieja;Reino Unido;242
2023-07-01;Torrevieja;Alemania;285
2023-07-01;Torrevieja;Rumanía;45
2023-07-01;Torrevieja;Suecia;51
2023-07-01;Torrevieja;Suiza;62
2023-07-01;Torrevieja;Rusia;43
2023-07-01;Torrevieja;Marruecos;112
2023-07-01;Torrevieja;Brasil;30
2023-07-01;Torrevieja;Turquía;32
2023-08-01;Torrevieja;Total;3726
2023-08-01;Torrevieja;Europa;3422
2023-08-01;Torrevieja;Unión Europea;2848
2023-08-01;Torrevieja;África;71
2023-08-01;Torrevieja;América;200
2023-08-01;Torrevieja;América del Norte;110
2023-08-01;Torrevieja;Centro América y Caribe;41
2023-08-01;Torrevieja;Sudamérica;49
2023-08-01;Torrevieja;Bélgica;77
2023-08-01;Torrevieja;Bulgaria;91
2023-08-01;Torrevieja;Dinamarca;30
2023-08-01;Torrevieja;Finlandia;47
2023-08-01;Torrevieja;Francia;1012
2023-08-01;Torrevieja;Grecia;40
2023-08-01;Torrevieja;Italia;240
2023-08-01;Torrevieja;Malta;37
2023-08-01;Torrevieja;Noruega;65
2023-08-01;Torrevieja;Países Bajos;109
2023-08-01;Torrevieja;Polonia;104
2023-08-01;Torrevieja;Portugal;330
2023-08-01;Torrevieja;Andorra;59
2023-08-01;Torrevieja;Reino Unido;206
2023-08-01;Torrevieja;Alemania;297
2023-08-01;Torrevieja;Rumanía;102
2023-08-01;Torrevieja;Suecia;98
2023-08-01;Torrevieja;Suiza;76
2023-08-01;Torrevieja;República Checa;68
2023-08-01;Torrevieja;Rusia;45
2023-08-01;Torrevieja;Marruecos;55
2023-08-01;Torrevieja;Estados Unidos de América;86
2023-08-01;Torrevieja;Turquía;50
2023-09-01;Torrevieja;Total;3593
2023-09-01;Torrevieja;Europa;3331
2023-09-01;Torrevieja;Unión Europea;2890
2023-09-01;Torrevieja;África;83
2023-09-01;Torrevieja;América;130
2023-09-01;Torrevieja;América del Norte;88
2023-09-01;Torrevieja;Bélgica;123
2023-09-01;Torrevieja;Bulgaria;66
2023-09-01;Torrevieja;Dinamarca;55
2023-09-01;Torrevieja;Finlandia;36
2023-09-01;Torrevieja;Francia;1125
2023-09-01;Torrevieja;Grecia;40
2023-09-01;Torrevieja;Hungría;34
2023-09-01;Torrevieja;Irlanda;48
2023-09-01;Torrevieja;Italia;366
2023-09-01;Torrevieja;Noruega;51
2023-09-01;Torrevieja;Países Bajos;96
2023-09-01;Torrevieja;Polonia;82
2023-09-01;Torrevieja;Portugal;291
2023-09-01;Torrevieja;Andorra;30
2023-09-01;Torrevieja;Reino Unido;198
2023-09-01;Torrevieja;Alemania;250
2023-09-01;Torrevieja;Rumanía;72
2023-09-01;Torrevieja;Suecia;66
2023-09-01;Torrevieja;Suiza;38
2023-09-01;Torrevieja;República Checa;41
2023-09-01;Torrevieja;Marruecos;65
2023-09-01;Torrevieja;Estados Unidos de América;58
2023-09-01;Torrevieja;Turquía;53
2023-10-01;Torrevieja;Total;3732
2023-10-01;Torrevieja;Europa;3287
2023-10-01;Torrevieja;Unión Europea;2711
2023-10-01;Torrevieja;África;145
2023-10-01;Torrevieja;América;241
2023-10-01;Torrevieja;América del Norte;168
2023-10-01;Torrevieja;Centro América y Caribe;30
2023-10-01;Torrevieja;Sudamérica;43
2023-10-01;Torrevieja;Bélgica;116
2023-10-01;Torrevieja;Bulgaria;48
2023-10-01;Torrevieja;Dinamarca;36
2023-10-01;Torrevieja;Finlandia;45
2023-10-01;Torrevieja;Francia;1016
2023-10-01;Torrevieja;Grecia;32
2023-10-01;Torrevieja;Hungría;41
2023-10-01;Torrevieja;Irlanda;73
2023-10-01;Torrevieja;Italia;434
2023-10-01;Torrevieja;Noruega;55
2023-10-01;Torrevieja;Países Bajos;96
2023-10-01;Torrevieja;Polonia;83
2023-10-01;Torrevieja;Portugal;236
2023-10-01;Torrevieja;Andorra;50
2023-10-01;Torrevieja;Reino Unido;274
2023-10-01;Torrevieja;Alemania;234
2023-10-01;Torrevieja;Rumanía;61
2023-10-01;Torrevieja;Suecia;58
2023-10-01;Torrevieja;Suiza;65
2023-10-01;Torrevieja;Egipto;41
2023-10-01;Torrevieja;Marruecos;91
2023-10-01;Torrevieja;Estados Unidos de América;153
2023-10-01;Torrevieja;Turquía;36
2023-11-01;Torrevieja;Total;3263
2023-11-01;Torrevieja;Europa;2970
2023-11-01;Torrevieja;Unión Europea;2393
2023-11-01;Torrevieja;América;173
2023-11-01;Torrevieja;América del Norte;99
2023-11-01;Torrevieja;Asia;70
2023-11-01;Torrevieja;Bélgica;111
2023-11-01;Torrevieja;Francia;1105
2023-11-01;Torrevieja;Hungría;53
2023-11-01;Torrevieja;Italia;238
2023-11-01;Torrevieja;Noruega;36
2023-11-01;Torrevieja;Países Bajos;96
2023-11-01;Torrevieja;Polonia;72
2023-11-01;Torrevieja;Portugal;153
2023-11-01;Torrevieja;Reino Unido;349
2023-11-01;Torrevieja;Alemania;322
2023-11-01;Torrevieja;Rumanía;72
2023-11-01;Torrevieja;Suecia;31
2023-11-01;Torrevieja;Suiza;54
2023-11-01;Torrevieja;Marruecos;50
2023-11-01;Torrevieja;Estados Unidos de América;79
2023-11-01;Torrevieja;Turquía;54
2023-12-01;Torrevieja;Total;4349
2023-12-01;Torrevieja;Europa;3896
2023-12-01;Torrevieja;Unión Europea;3092
2023-12-01;Torrevieja;América;279
2023-12-01;Torrevieja;América del Norte;119
2023-12-01;Torrevieja;Centro América y Caribe;59
2023-12-01;Torrevieja;Sudamérica;101
2023-12-01;Torrevieja;Asia;91
2023-12-01;Torrevieja;Austria;50
2023-12-01;Torrevieja;Bélgica;155
2023-12-01;Torrevieja;Bulgaria;32
2023-12-01;Torrevieja;Dinamarca;32
2023-12-01;Torrevieja;Finlandia;58
2023-12-01;Torrevieja;Francia;1310
2023-12-01;Torrevieja;Hungría;135
2023-12-01;Torrevieja;Irlanda;36
2023-12-01;Torrevieja;Italia;222
2023-12-01;Torrevieja;Noruega;61
2023-12-01;Torrevieja;Países Bajos;81
2023-12-01;Torrevieja;Polonia;140
2023-12-01;Torrevieja;Portugal;201
2023-12-01;Torrevieja;Andorra;64
2023-12-01;Torrevieja;Reino Unido;441
2023-12-01;Torrevieja;Alemania;380
2023-12-01;Torrevieja;Rumanía;81
2023-12-01;Torrevieja;Suecia;67
2023-12-01;Torrevieja;Suiza;101
2023-12-01;Torrevieja;República Checa;55
2023-12-01;Torrevieja;Marruecos;68
2023-12-01;Torrevieja;Estados Unidos de América;103
2023-12-01;Torrevieja;Argentina;34
2023-12-01;Torrevieja;Turquía;72
2024-01-01;Torrevieja;Total;4298
2024-01-01;Torrevieja;Europa;3794
2024-01-01;Torrevieja;Unión Europea;2995
2024-01-01;Torrevieja;América;259
2024-01-01;Torrevieja;América del Norte;155
2024-01-01;Torrevieja;Centro América y Caribe;39
2024-01-01;Torrevieja;Sudamérica;65
2024-01-01;Torrevieja;Asia;163
2024-01-01;Torrevieja;Austria;97
2024-01-01;Torrevieja;Bélgica;165
2024-01-01;Torrevieja;Bulgaria;36
2024-01-01;Torrevieja;Finlandia;60
2024-01-01;Torrevieja;Francia;1202
2024-01-01;Torrevieja;Hungría;85
2024-01-01;Torrevieja;Irlanda;60
2024-01-01;Torrevieja;Italia;220
2024-01-01;Torrevieja;Noruega;65
2024-01-01;Torrevieja;Países Bajos;84
2024-01-01;Torrevieja;Polonia;120
2024-01-01;Torrevieja;Portugal;202
2024-01-01;Torrevieja;Andorra;142
2024-01-01;Torrevieja;Reino Unido;333
2024-01-01;Torrevieja;Alemania;392
2024-01-01;Torrevieja;Rumanía;69
2024-01-01;Torrevieja;Suecia;86
2024-01-01;Torrevieja;Suiza;115
2024-01-01;Torrevieja;Marruecos;50
2024-01-01;Torrevieja;Estados Unidos de América;123
2024-01-01;Torrevieja;China;48
2024-01-01;Torrevieja;Israel;30
2024-01-01;Torrevieja;Turquía;86
2024-02-01;Torrevieja;Total;3509
2024-02-01;Torrevieja;Europa;3148
2024-02-01;Torrevieja;Unión Europea;2527
2024-02-01;Torrevieja;África;108
2024-02-01;Torrevieja;América;186
2024-02-01;Torrevieja;América del Norte;75
2024-02-01;Torrevieja;Centro América y Caribe;41
2024-02-01;Torrevieja;Sudamérica;70
2024-02-01;Torrevieja;Bélgica;89
2024-02-01;Torrevieja;Francia;1187
2024-02-01;Torrevieja;Hungría;34
2024-02-01;Torrevieja;Italia;267
2024-02-01;Torrevieja;Noruega;44
2024-02-01;Torrevieja;Países Bajos;53
2024-02-01;Torrevieja;Polonia;87
2024-02-01;Torrevieja;Portugal;181
2024-02-01;Torrevieja;Andorra;44
2024-02-01;Torrevieja;Reino Unido;325
2024-02-01;Torrevieja;Alemania;303
2024-02-01;Torrevieja;Rumanía;58
2024-02-01;Torrevieja;Suiza;73
2024-02-01;Torrevieja;República Checa;45
2024-02-01;Torrevieja;Montenegro;53
2024-02-01;Torrevieja;Marruecos;89
2024-02-01;Torrevieja;Estados Unidos de América;65
2024-02-01;Torrevieja;Turquía;43
2024-03-01;Torrevieja;Total;3609
2024-03-01;Torrevieja;Europa;3334
2024-03-01;Torrevieja;Unión Europea;2876
2024-03-01;Torrevieja;África;73
2024-03-01;Torrevieja;América;158
2024-03-01;Torrevieja;América del Norte;49
2024-03-01;Torrevieja;Centro América y Caribe;37
2024-03-01;Torrevieja;Sudamérica;72
2024-03-01;Torrevieja;Austria;86
2024-03-01;Torrevieja;Bélgica;144
2024-03-01;Torrevieja;Dinamarca;38
2024-03-01;Torrevieja;Finlandia;42
2024-03-01;Torrevieja;Francia;1291
2024-03-01;Torrevieja;Hungría;80
2024-03-01;Torrevieja;Irlanda;38
2024-03-01;Torrevieja;Italia;228
2024-03-01;Torrevieja;Países Bajos;108
2024-03-01;Torrevieja;Polonia;99
2024-03-01;Torrevieja;Portugal;155
2024-03-01;Torrevieja;Andorra;75
2024-03-01;Torrevieja;Reino Unido;218
2024-03-01;Torrevieja;Alemania;331
2024-03-01;Torrevieja;Rumanía;68
2024-03-01;Torrevieja;Suecia;48
2024-03-01;Torrevieja;Suiza;58
2024-03-01;Torrevieja;República Checa;41
2024-03-01;Torrevieja;Marruecos;64
2024-03-01;Torrevieja;Estados Unidos de América;33
2024-03-01;Torrevieja;Turquía;37
2024-04-01;Torrevieja;Total;3773
2024-04-01;Torrevieja;Europa;3452
2024-04-01;Torrevieja;Unión Europea;2891
2024-04-01;Torrevieja;África;89
2024-04-01;Torrevieja;América;173
2024-04-01;Torrevieja;Sudamérica;80
2024-04-01;Torrevieja;Bélgica;117
2024-04-01;Torrevieja;Bulgaria;63
2024-04-01;Torrevieja;Dinamarca;40
2024-04-01;Torrevieja;Francia;1225
2024-04-01;Torrevieja;Hungría;69
2024-04-01;Torrevieja;Irlanda;34
2024-04-01;Torrevieja;Italia;350
2024-04-01;Torrevieja;Noruega;44
2024-04-01;Torrevieja;Países Bajos;81
2024-04-01;Torrevieja;Polonia;106
2024-04-01;Torrevieja;Portugal;210
2024-04-01;Torrevieja;Andorra;37
2024-04-01;Torrevieja;Reino Unido;344
2024-04-01;Torrevieja;Alemania;274
2024-04-01;Torrevieja;Rumanía;49
2024-04-01;Torrevieja;Suecia;66
2024-04-01;Torrevieja;Suiza;48
2024-04-01;Torrevieja;República Checa;85
2024-04-01;Torrevieja;Marruecos;74
2024-04-01;Torrevieja;Estados Unidos de América;60
2024-04-01;Torrevieja;Brasil;31
2024-04-01;Torrevieja;Turquía;64
2024-05-01;Torrevieja;Total;3638
2024-05-01;Torrevieja;Europa;3330
2024-05-01;Torrevieja;Unión Europea;2798
2024-05-01;Torrevieja;África;110
2024-05-01;Torrevieja;América;125
2024-05-01;Torrevieja;América del Norte;69
2024-05-01;Torrevieja;Austria;50
2024-05-01;Torrevieja;Bélgica;124
2024-05-01;Torrevieja;Bulgaria;69
2024-05-01;Torrevieja;Dinamarca;53
2024-05-01;Torrevieja;Finlandia;32
2024-05-01;Torrevieja;Francia;1163
2024-05-01;Torrevieja;Grecia;57
2024-05-01;Torrevieja;Hungría;32
2024-05-01;Torrevieja;Italia;330
2024-05-01;Torrevieja;Noruega;61
2024-05-01;Torrevieja;Países Bajos;54
2024-05-01;Torrevieja;Polonia;94
2024-05-01;Torrevieja;Portugal;217
2024-05-01;Torrevieja;Reino Unido;250
2024-05-01;Torrevieja;Alemania;290
2024-05-01;Torrevieja;Rumanía;49
2024-05-01;Torrevieja;Suecia;65
2024-05-01;Torrevieja;Suiza;45
2024-05-01;Torrevieja;República Checa;34
2024-05-01;Torrevieja;Marruecos;110
2024-05-01;Torrevieja;Estados Unidos de América;55
2024-05-01;Torrevieja;Turquía;74
2024-06-01;Torrevieja;Total;3817
2024-06-01;Torrevieja;Europa;3539
2024-06-01;Torrevieja;Unión Europea;3014
2024-06-01;Torrevieja;América;161
2024-06-01;Torrevieja;América del Norte;100
2024-06-01;Torrevieja;Asia;56
2024-06-01;Torrevieja;Austria;42
2024-06-01;Torrevieja;Bélgica;159
2024-06-01;Torrevieja;Bulgaria;53
2024-06-01;Torrevieja;Dinamarca;63
2024-06-01;Torrevieja;Finlandia;43
2024-06-01;Torrevieja;Francia;1257
2024-06-01;Torrevieja;Grecia;59
2024-06-01;Torrevieja;Hungría;33
2024-06-01;Torrevieja;Irlanda;46
2024-06-01;Torrevieja;Italia;345
2024-06-01;Torrevieja;Noruega;50
2024-06-01;Torrevieja;Países Bajos;79
2024-06-01;Torrevieja;Polonia;67
2024-06-01;Torrevieja;Portugal;226
2024-06-01;Torrevieja;Reino Unido;277
2024-06-01;Torrevieja;Alemania;293
2024-06-01;Torrevieja;Rumanía;63
2024-06-01;Torrevieja;Suecia;47
2024-06-01;Torrevieja;Suiza;51
2024-06-01;Torrevieja;República Checa;62
2024-06-01;Torrevieja;Marruecos;49
2024-06-01;Torrevieja;Estados Unidos de América;69
2024-06-01;Torrevieja;Colombia;31
2024-06-01;Torrevieja;Turquía;53
2024-07-01;Torrevieja;Total;3906
2024-07-01;Torrevieja;Europa;3682
2024-07-01;Torrevieja;Unión Europea;3100
2024-07-01;Torrevieja;África;81
2024-07-01;Torrevieja;América;132
2024-07-01;Torrevieja;América del Norte;78
2024-07-01;Torrevieja;Austria;51
2024-07-01;Torrevieja;Bélgica;118
2024-07-01;Torrevieja;Bulgaria;55
2024-07-01;Torrevieja;Finlandia;37
2024-07-01;Torrevieja;Francia;1214
2024-07-01;Torrevieja;Grecia;50
2024-07-01;Torrevieja;Hungría;73
2024-07-01;Torrevieja;Irlanda;107
2024-07-01;Torrevieja;Italia;277
2024-07-01;Torrevieja;Noruega;31
2024-07-01;Torrevieja;Países Bajos;99
2024-07-01;Torrevieja;Polonia;96
2024-07-01;Torrevieja;Portugal;211
2024-07-01;Torrevieja;Reino Unido;264
2024-07-01;Torrevieja;Alemania;381
2024-07-01;Torrevieja;Rumanía;78
2024-07-01;Torrevieja;Suecia;83
2024-07-01;Torrevieja;Suiza;97
2024-07-01;Torrevieja;Estonia;43
2024-07-01;Torrevieja;Lituania;32
2024-07-01;Torrevieja;República Checa;43
2024-07-01;Torrevieja;Rusia;31
2024-07-01;Torrevieja;Marruecos;58
2024-07-01;Torrevieja;Estados Unidos de América;61
2024-07-01;Torrevieja;Turquía;90
2024-08-01;Torrevieja;Total;4480
2024-08-01;Torrevieja;Europa;4030
2024-08-01;Torrevieja;Unión Europea;3289
2024-08-01;Torrevieja;África;184
2024-08-01;Torrevieja;América;189
2024-08-01;Torrevieja;América del Norte;102
2024-08-01;Torrevieja;Austria;32
2024-08-01;Torrevieja;Bélgica;108
2024-08-01;Torrevieja;Bulgaria;59
2024-08-01;Torrevieja;Dinamarca;30
2024-08-01;Torrevieja;Finlandia;31
2024-08-01;Torrevieja;Francia;1187
2024-08-01;Torrevieja;Grecia;60
2024-08-01;Torrevieja;Hungría;65
2024-08-01;Torrevieja;Irlanda;34
2024-08-01;Torrevieja;Italia;273
2024-08-01;Torrevieja;Noruega;71
2024-08-01;Torrevieja;Países Bajos;78
2024-08-01;Torrevieja;Polonia;113
2024-08-01;Torrevieja;Portugal;325
2024-08-01;Torrevieja;Andorra;101
2024-08-01;Torrevieja;Reino Unido;277
2024-08-01;Torrevieja;Alemania;341
2024-08-01;Torrevieja;Rumanía;99
2024-08-01;Torrevieja;Suecia;149
2024-08-01;Torrevieja;Suiza;104
2024-08-01;Torrevieja;Letonia;51
2024-08-01;Torrevieja;Lituania;51
2024-08-01;Torrevieja;República Checa;66
2024-08-01;Torrevieja;Croacia;58
2024-08-01;Torrevieja;Rusia;65
2024-08-01;Torrevieja;Marruecos;136
2024-08-01;Torrevieja;Estados Unidos de América;78
2024-08-01;Torrevieja;Colombia;50
2024-08-01;Torrevieja;Turquía;64
2024-09-01;Torrevieja;Total;4694
2024-09-01;Torrevieja;Europa;4241
2024-09-01;Torrevieja;Unión Europea;3483
2024-09-01;Torrevieja;África;110
2024-09-01;Torrevieja;América;256
2024-09-01;Torrevieja;América del Norte;105
2024-09-01;Torrevieja;Centro América y Caribe;53
2024-09-01;Torrevieja;Sudamérica;98
2024-09-01;Torrevieja;Bélgica;164
2024-09-01;Torrevieja;Bulgaria;83
2024-09-01;Torrevieja;Francia;1179
2024-09-01;Torrevieja;Grecia;72
2024-09-01;Torrevieja;Hungría;89
2024-09-01;Torrevieja;Irlanda;69
2024-09-01;Torrevieja;Italia;439
2024-09-01;Torrevieja;Noruega;96
2024-09-01;Torrevieja;Países Bajos;114
2024-09-01;Torrevieja;Polonia;134
2024-09-01;Torrevieja;Portugal;292
2024-09-01;Torrevieja;Reino Unido;346
2024-09-01;Torrevieja;Alemania;356
2024-09-01;Torrevieja;Rumanía;83
2024-09-01;Torrevieja;Suecia;101
2024-09-01;Torrevieja;Suiza;67
2024-09-01;Torrevieja;Ucrania;44
2024-09-01;Torrevieja;Letonia;41
2024-09-01;Torrevieja;República Checa;55
2024-09-01;Torrevieja;Croacia;52
2024-09-01;Torrevieja;Rusia;60
2024-09-01;Torrevieja;Marruecos;68
2024-09-01;Torrevieja;Estados Unidos de América;94
2024-09-01;Torrevieja;Colombia;30
2024-09-01;Torrevieja;Turquía;97
2024-10-01;Torrevieja;Total;4197
2024-10-01;Torrevieja;Europa;3753
2024-10-01;Torrevieja;Unión Europea;3205
2024-10-01;Torrevieja;África;147
2024-10-01;Torrevieja;América;184
2024-10-01;Torrevieja;América del Norte;91
2024-10-01;Torrevieja;Austria;32
2024-10-01;Torrevieja;Bélgica;125
2024-10-01;Torrevieja;Bulgaria;55
2024-10-01;Torrevieja;Dinamarca;41
2024-10-01;Torrevieja;Finlandia;32
2024-10-01;Torrevieja;Francia;1139
2024-10-01;Torrevieja;Grecia;45
2024-10-01;Torrevieja;Hungría;53
2024-10-01;Torrevieja;Irlanda;64
2024-10-01;Torrevieja;Italia;490
2024-10-01;Torrevieja;Noruega;57
2024-10-01;Torrevieja;Países Bajos;90
2024-10-01;Torrevieja;Polonia;106
2024-10-01;Torrevieja;Portugal;398
2024-10-01;Torrevieja;Andorra;39
2024-10-01;Torrevieja;Reino Unido;223
2024-10-01;Torrevieja;Alemania;269
2024-10-01;Torrevieja;Rumanía;71
2024-10-01;Torrevieja;Suecia;90
2024-10-01;Torrevieja;Suiza;92
2024-10-01;Torrevieja;República Checa;35
2024-10-01;Torrevieja;Marruecos;98
2024-10-01;Torrevieja;Estados Unidos de América;70
2024-10-01;Torrevieja;Colombia;30
2024-10-01;Torrevieja;Turquía;84
2024-11-01;Torrevieja;Total;3745
2024-11-01;Torrevieja;Europa;3394
2024-11-01;Torrevieja;Unión Europea;2885
2024-11-01;Torrevieja;África;124
2024-11-01;Torrevieja;Sudamérica;67
2024-11-01;Torrevieja;Asia;114
2024-11-01;Torrevieja;Austria;41
2024-11-01;Torrevieja;Bélgica;95
2024-11-01;Torrevieja;Bulgaria;39
2024-11-01;Torrevieja;Francia;1246
2024-11-01;Torrevieja;Grecia;39
2024-11-01;Torrevieja;Hungría;37
2024-11-01;Torrevieja;Italia;327
2024-11-01;Torrevieja;Noruega;33
2024-11-01;Torrevieja;Países Bajos;107
2024-11-01;Torrevieja;Polonia;106
2024-11-01;Torrevieja;Portugal;181
2024-11-01;Torrevieja;Reino Unido;269
2024-11-01;Torrevieja;Alemania;402
2024-11-01;Torrevieja;Rumanía;47
2024-11-01;Torrevieja;Suecia;49
2024-11-01;Torrevieja;Suiza;54
2024-11-01;Torrevieja;Marruecos;95
2024-11-01;Torrevieja;Estados Unidos de América;35
2024-11-01;Torrevieja;Colombia;34
2024-11-01;Torrevieja;Turquía;76
2024-12-01;Torrevieja;Total;4736
2024-12-01;Torrevieja;Europa;4389
2024-12-01;Torrevieja;Unión Europea;3546
2024-12-01;Torrevieja;África;93
2024-12-01;Torrevieja;América;182
2024-12-01;Torrevieja;América del Norte;52
2024-12-01;Torrevieja;Centro América y Caribe;47
2024-12-01;Torrevieja;Sudamérica;83
2024-12-01;Torrevieja;Austria;62
2024-12-01;Torrevieja;Bélgica;169
2024-12-01;Torrevieja;Bulgaria;37
2024-12-01;Torrevieja;Dinamarca;35
2024-12-01;Torrevieja;Francia;1487
2024-12-01;Torrevieja;Hungría;57
2024-12-01;Torrevieja;Italia;326
2024-12-01;Torrevieja;Noruega;64
2024-12-01;Torrevieja;Países Bajos;87
2024-12-01;Torrevieja;Polonia;135
2024-12-01;Torrevieja;Portugal;206
2024-12-01;Torrevieja;Andorra;56
2024-12-01;Torrevieja;Reino Unido;490
2024-12-01;Torrevieja;Alemania;558
2024-12-01;Torrevieja;Rumanía;79
2024-12-01;Torrevieja;Suecia;110
2024-12-01;Torrevieja;Suiza;92
2024-12-01;Torrevieja;Lituania;36
2024-12-01;Torrevieja;República Checa;55
2024-12-01;Torrevieja;Rusia;40
2024-12-01;Torrevieja;Marruecos;58
2024-12-01;Torrevieja;Estados Unidos de América;44
2024-12-01;Torrevieja;Colombia;37
2024-12-01;Torrevieja;Turquía;48
2025-01-01;Torrevieja;Total;4760
2025-01-01;Torrevieja;Europa;4138
2025-01-01;Torrevieja;Unión Europea;3359
2025-01-01;Torrevieja;África;199
2025-01-01;Torrevieja;América;293
2025-01-01;Torrevieja;América del Norte;85
2025-01-01;Torrevieja;Centro América y Caribe;68
2025-01-01;Torrevieja;Sudamérica;140
2025-01-01;Torrevieja;Austria;40
2025-01-01;Torrevieja;Bélgica;169
2025-01-01;Torrevieja;Bulgaria;44
2025-01-01;Torrevieja;Dinamarca;31
2025-01-01;Torrevieja;Finlandia;34
2025-01-01;Torrevieja;Francia;1431
2025-01-01;Torrevieja;Hungría;56
2025-01-01;Torrevieja;Irlanda;51
2025-01-01;Torrevieja;Italia;316
2025-01-01;Torrevieja;Noruega;48
2025-01-01;Torrevieja;Países Bajos;186
2025-01-01;Torrevieja;Polonia;153
2025-01-01;Torrevieja;Portugal;241
2025-01-01;Torrevieja;Andorra;159
2025-01-01;Torrevieja;Reino Unido;341
2025-01-01;Torrevieja;Alemania;333
2025-01-01;Torrevieja;Rumanía;49
2025-01-01;Torrevieja;Suecia;104
2025-01-01;Torrevieja;Suiza;46
2025-01-01;Torrevieja;República Checa;60
2025-01-01;Torrevieja;Marruecos;153
2025-01-01;Torrevieja;México;38
2025-01-01;Torrevieja;Cuba;42
2025-01-01;Torrevieja;Argentina;38
2025-01-01;Torrevieja;Colombia;49
2025-01-01;Torrevieja;China;31
2025-01-01;Torrevieja;Turquía;68
2025-02-01;Torrevieja;Total;3680
2025-02-01;Torrevieja;Europa;3244
2025-02-01;Torrevieja;Unión Europea;2703
2025-02-01;Torrevieja;África;155
2025-02-01;Torrevieja;América;190
2025-02-01;Torrevieja;Sudamérica;101
2025-02-01;Torrevieja;Austria;39
2025-02-01;Torrevieja;Bélgica;150
2025-02-01;Torrevieja;Bulgaria;32
2025-02-01;Torrevieja;Finlandia;53
2025-02-01;Torrevieja;Francia;1285
2025-02-01;Torrevieja;Hungría;47
2025-02-01;Torrevieja;Italia;333
2025-02-01;Torrevieja;Países Bajos;46
2025-02-01;Torrevieja;Polonia;80
2025-02-01;Torrevieja;Portugal;114
2025-02-01;Torrevieja;Andorra;118
2025-02-01;Torrevieja;Reino Unido;296
2025-02-01;Torrevieja;Alemania;249
2025-02-01;Torrevieja;Rumanía;53
2025-02-01;Torrevieja;Suecia;89
2025-02-01;Torrevieja;República Checa;31
2025-02-01;Torrevieja;Rusia;30
2025-02-01;Torrevieja;Argelia;34
2025-02-01;Torrevieja;Marruecos;93
2025-02-01;Torrevieja;Estados Unidos de América;38
2025-02-01;Torrevieja;Colombia;36
2025-02-01;Torrevieja;Emiratos Árabes Unidos;36
2025-03-01;Torrevieja;Total;4300
2025-03-01;Torrevieja;Europa;3802
2025-03-01;Torrevieja;Unión Europea;3164
2025-03-01;Torrevieja;África;127
2025-03-01;Torrevieja;América;255
2025-03-01;Torrevieja;América del Norte;106
2025-03-01;Torrevieja;Centro América y Caribe;37
2025-03-01;Torrevieja;Sudamérica;112
2025-03-01;Torrevieja;Bélgica;134
2025-03-01;Torrevieja;Francia;1435
2025-03-01;Torrevieja;Hungría;103
2025-03-01;Torrevieja;Irlanda;55
2025-03-01;Torrevieja;Italia;284
2025-03-01;Torrevieja;Noruega;47
2025-03-01;Torrevieja;Países Bajos;206
2025-03-01;Torrevieja;Polonia;119
2025-03-01;Torrevieja;Portugal;189
2025-03-01;Torrevieja;Andorra;83
2025-03-01;Torrevieja;Reino Unido;322
2025-03-01;Torrevieja;Alemania;345
2025-03-01;Torrevieja;Rumanía;36
2025-03-01;Torrevieja;Suecia;74
2025-03-01;Torrevieja;Suiza;88
2025-03-01;Torrevieja;Marruecos;85
2025-03-01;Torrevieja;Estados Unidos de América;78
2025-03-01;Torrevieja;Colombia;37
2025-04-01;Torrevieja;Total;4173
2025-04-01;Torrevieja;Europa;3760
2025-04-01;Torrevieja;Unión Europea;3146
2025-04-01;Torrevieja;África;128
2025-04-01;Torrevieja;América;167
2025-04-01;Torrevieja;América del Norte;99
2025-04-01;Torrevieja;Austria;36
2025-04-01;Torrevieja;Bélgica;101
2025-04-01;Torrevieja;Bulgaria;30
2025-04-01;Torrevieja;Dinamarca;31
2025-04-01;Torrevieja;Francia;1327
2025-04-01;Torrevieja;Grecia;35
2025-04-01;Torrevieja;Hungría;51
2025-04-01;Torrevieja;Irlanda;69
2025-04-01;Torrevieja;Italia;377
2025-04-01;Torrevieja;Noruega;39
2025-04-01;Torrevieja;Países Bajos;91
2025-04-01;Torrevieja;Polonia;82
2025-04-01;Torrevieja;Portugal;324
2025-04-01;Torrevieja;Andorra;42
2025-04-01;Torrevieja;Reino Unido;306
2025-04-01;Torrevieja;Alemania;305
2025-04-01;Torrevieja;Rumanía;41
2025-04-01;Torrevieja;Suecia;70
2025-04-01;Torrevieja;Suiza;66
2025-04-01;Torrevieja;Ucrania;35
2025-04-01;Torrevieja;República Checa;79
2025-04-01;Torrevieja;Rusia;35
2025-04-01;Torrevieja;Marruecos;85
2025-04-01;Torrevieja;Estados Unidos de América;52
2025-04-01;Torrevieja;Colombia;32
2025-04-01;Torrevieja;Turquía;44
2025-05-01;Torrevieja;Total;4104
2025-05-01;Torrevieja;Europa;3705
2025-05-01;Torrevieja;Unión Europea;3159
2025-05-01;Torrevieja;África;140
2025-05-01;Torrevieja;América;155
2025-05-01;Torrevieja;América del Norte;43
2025-05-01;Torrevieja;Centro América y Caribe;36
2025-05-01;Torrevieja;Sudamérica;76
2025-05-01;Torrevieja;Austria;48
2025-05-01;Torrevieja;Bélgica;140
2025-05-01;Torrevieja;Bulgaria;64
2025-05-01;Torrevieja;Francia;1260
2025-05-01;Torrevieja;Grecia;32
2025-05-01;Torrevieja;Hungría;35
2025-05-01;Torrevieja;Irlanda;46
2025-05-01;Torrevieja;Italia;248
2025-05-01;Torrevieja;Noruega;52
2025-05-01;Torrevieja;Países Bajos;225
2025-05-01;Torrevieja;Polonia;113
2025-05-01;Torrevieja;Portugal;296
2025-05-01;Torrevieja;Reino Unido;251
2025-05-01;Torrevieja;Alemania;316
2025-05-01;Torrevieja;Rumanía;49
2025-05-01;Torrevieja;Suecia;76
2025-05-01;Torrevieja;Ucrania;39
2025-05-01;Torrevieja;República Checa;45
2025-05-01;Torrevieja;Croacia;47
2025-05-01;Torrevieja;Rusia;46
2025-05-01;Torrevieja;Marruecos;114
2025-05-01;Torrevieja;Turquía;41
2025-06-01;Torrevieja;Total;3950
2025-06-01;Torrevieja;Europa;3627
2025-06-01;Torrevieja;Unión Europea;3022
2025-06-01;Torrevieja;África;118
2025-06-01;Torrevieja;América;130
2025-06-01;Torrevieja;América del Norte;88
2025-06-01;Torrevieja;Austria;73
2025-06-01;Torrevieja;Bélgica;207
2025-06-01;Torrevieja;Finlandia;35
2025-06-01;Torrevieja;Francia;1098
2025-06-01;Torrevieja;Grecia;31
2025-06-01;Torrevieja;Hungría;36
2025-06-01;Torrevieja;Irlanda;54
2025-06-01;Torrevieja;Italia;320
2025-06-01;Torrevieja;Noruega;69
2025-06-01;Torrevieja;Países Bajos;90
2025-06-01;Torrevieja;Polonia;118
2025-06-01;Torrevieja;Portugal;298
2025-06-01;Torrevieja;Reino Unido;316
2025-06-01;Torrevieja;Alemania;390
2025-06-01;Torrevieja;Suecia;87
2025-06-01;Torrevieja;Suiza;62
2025-06-01;Torrevieja;Croacia;46
2025-06-01;Torrevieja;Rusia;30
2025-06-01;Torrevieja;Marruecos;91
2025-06-01;Torrevieja;Estados Unidos de América;63
2025-06-01;Torrevieja;Turquía;40
2025-07-01;Torrevieja;Total;3956
2025-07-01;Torrevieja;Europa;3597
2025-07-01;Torrevieja;Unión Europea;2839
2025-07-01;Torrevieja;África;152
2025-07-01;Torrevieja;América;121
2025-07-01;Torrevieja;Sudamérica;61
2025-07-01;Torrevieja;Austria;68
2025-07-01;Torrevieja;Bélgica;163
2025-07-01;Torrevieja;Dinamarca;44
2025-07-01;Torrevieja;Finlandia;37
2025-07-01;Torrevieja;Francia;1079
2025-07-01;Torrevieja;Grecia;64
2025-07-01;Torrevieja;Hungría;51
2025-07-01;Torrevieja;Irlanda;39
2025-07-01;Torrevieja;Italia;196
2025-07-01;Torrevieja;Noruega;70
2025-07-01;Torrevieja;Países Bajos;52
2025-07-01;Torrevieja;Polonia;155
2025-07-01;Torrevieja;Portugal;227
2025-07-01;Torrevieja;Andorra;32
2025-07-01;Torrevieja;Reino Unido;395
2025-07-01;Torrevieja;Alemania;330
2025-07-01;Torrevieja;Rumanía;51
2025-07-01;Torrevieja;Suecia;78
2025-07-01;Torrevieja;Suiza;39
2025-07-01;Torrevieja;Ucrania;35
2025-07-01;Torrevieja;Estonia;35
2025-07-01;Torrevieja;República Checa;38
2025-07-01;Torrevieja;Rusia;46
2025-07-01;Torrevieja;Marruecos;125
2025-07-01;Torrevieja;Estados Unidos de América;36
2025-07-01;Torrevieja;Turquía;42
2025-08-01;Torrevieja;Total;4414
2025-08-01;Torrevieja;Europa;4031
2025-08-01;Torrevieja;Unión Europea;3216
2025-08-01;Torrevieja;África;141
2025-08-01;Torrevieja;América;154
2025-08-01;Torrevieja;América del Norte;54
2025-08-01;Torrevieja;Centro América y Caribe;44
2025-08-01;Torrevieja;Sudamérica;56
2025-08-01;Torrevieja;Austria;56
2025-08-01;Torrevieja;Bélgica;194
2025-08-01;Torrevieja;Bulgaria;50
2025-08-01;Torrevieja;Dinamarca;40
2025-08-01;Torrevieja;Finlandia;55
2025-08-01;Torrevieja;Francia;1124
2025-08-01;Torrevieja;Grecia;67
2025-08-01;Torrevieja;Hungría;62
2025-08-01;Torrevieja;Irlanda;47
2025-08-01;Torrevieja;Islandia;37
2025-08-01;Torrevieja;Italia;227
2025-08-01;Torrevieja;Noruega;73
2025-08-01;Torrevieja;Países Bajos;104
2025-08-01;Torrevieja;Polonia;107
2025-08-01;Torrevieja;Portugal;366
2025-08-01;Torrevieja;Andorra;33
2025-08-01;Torrevieja;Reino Unido;393
2025-08-01;Torrevieja;Alemania;307
2025-08-01;Torrevieja;Rumanía;64
2025-08-01;Torrevieja;Suecia;107
2025-08-01;Torrevieja;Suiza;60
2025-08-01;Torrevieja;Letonia;34
2025-08-01;Torrevieja;Lituania;40
2025-08-01;Torrevieja;República Checa;89
2025-08-01;Torrevieja;Rusia;48
2025-08-01;Torrevieja;Gibraltar;32
2025-08-01;Torrevieja;Marruecos;104
2025-08-01;Torrevieja;Estados Unidos de América;36
2025-08-01;Torrevieja;Turquía;61
2025-09-01;Torrevieja;Total;4355
2025-09-01;Torrevieja;Europa;3914
2025-09-01;Torrevieja;Unión Europea;3149
2025-09-01;Torrevieja;África;172
2025-09-01;Torrevieja;América;181
2025-09-01;Torrevieja;América del Norte;55
2025-09-01;Torrevieja;Centro América y Caribe;33
2025-09-01;Torrevieja;Sudamérica;93
2025-09-01;Torrevieja;Austria;50
2025-09-01;Torrevieja;Bélgica;231
2025-09-01;Torrevieja;Bulgaria;49
2025-09-01;Torrevieja;Dinamarca;37
2025-09-01;Torrevieja;Finlandia;43
2025-09-01;Torrevieja;Francia;1002
2025-09-01;Torrevieja;Grecia;44
2025-09-01;Torrevieja;Hungría;71
2025-09-01;Torrevieja;Irlanda;34
2025-09-01;Torrevieja;Italia;441
2025-09-01;Torrevieja;Noruega;57
2025-09-01;Torrevieja;Países Bajos;88
2025-09-01;Torrevieja;Polonia;120
2025-09-01;Torrevieja;Portugal;302
2025-09-01;Torrevieja;Andorra;34
2025-09-01;Torrevieja;Reino Unido;356
2025-09-01;Torrevieja;Alemania;268
2025-09-01;Torrevieja;Rumanía;78
2025-09-01;Torrevieja;Suecia;91
2025-09-01;Torrevieja;Suiza;48
2025-09-01;Torrevieja;Ucrania;37
2025-09-01;Torrevieja;República Checa;61
2025-09-01;Torrevieja;Croacia;35
2025-09-01;Torrevieja;Rusia;69
2025-09-01;Torrevieja;Marruecos;111
2025-09-01;Torrevieja;Estados Unidos de América;31
2025-09-01;Torrevieja;Colombia;38
2025-09-01;Torrevieja;Turquía;67
2025-10-01;Torrevieja;Total;4046
2025-10-01;Torrevieja;Europa;3536
2025-10-01;Torrevieja;Unión Europea;2831
2025-10-01;Torrevieja;África;222
2025-10-01;Torrevieja;América;181
2025-10-01;Torrevieja;América del Norte;60
2025-10-01;Torrevieja;Centro América y Caribe;50
2025-10-01;Torrevieja;Sudamérica;71
2025-10-01;Torrevieja;Austria;36
2025-10-01;Torrevieja;Bélgica;158
2025-10-01;Torrevieja;Francia;916
2025-10-01;Torrevieja;Grecia;32
2025-10-01;Torrevieja;Hungría;87
2025-10-01;Torrevieja;Irlanda;39
2025-10-01;Torrevieja;Italia;502
2025-10-01;Torrevieja;Noruega;42
2025-10-01;Torrevieja;Países Bajos;74
2025-10-01;Torrevieja;Polonia;79
2025-10-01;Torrevieja;Portugal;350
2025-10-01;Torrevieja;Reino Unido;394
2025-10-01;Torrevieja;Alemania;288
2025-10-01;Torrevieja;Rumanía;46
2025-10-01;Torrevieja;Suecia;52
2025-10-01;Torrevieja;Suiza;54
2025-10-01;Torrevieja;Ucrania;31
2025-10-01;Torrevieja;República Checa;32
2025-10-01;Torrevieja;Croacia;43
2025-10-01;Torrevieja;Marruecos;129
2025-10-01;Torrevieja;Estados Unidos de América;32
2025-10-01;Torrevieja;República Dominicana;35
2025-10-01;Torrevieja;Turquía;93
2025-11-01;Torrevieja;Total;3953
2025-11-01;Torrevieja;Europa;3574
2025-11-01;Torrevieja;Unión Europea;2983
2025-11-01;Torrevieja;América;126
2025-11-01;Torrevieja;América del Norte;59
2025-11-01;Torrevieja;Asia;141
2025-11-01;Torrevieja;Austria;57
2025-11-01;Torrevieja;Bélgica;158
2025-11-01;Torrevieja;Dinamarca;33
2025-11-01;Torrevieja;Francia;1135
2025-11-01;Torrevieja;Grecia;39
2025-11-01;Torrevieja;Hungría;102
2025-11-01;Torrevieja;Irlanda;69
2025-11-01;Torrevieja;Italia;454
2025-11-01;Torrevieja;Noruega;43
2025-11-01;Torrevieja;Países Bajos;102
2025-11-01;Torrevieja;Polonia;118
2025-11-01;Torrevieja;Portugal;150
2025-11-01;Torrevieja;Andorra;36
2025-11-01;Torrevieja;Reino Unido;321
2025-11-01;Torrevieja;Alemania;293
2025-11-01;Torrevieja;Rumanía;46
2025-11-01;Torrevieja;Suecia;68
2025-11-01;Torrevieja;Suiza;43
2025-11-01;Torrevieja;Rusia;35
2025-11-01;Torrevieja;Gibraltar;34
2025-11-01;Torrevieja;Marruecos;64
2025-11-01;Torrevieja;Estados Unidos de América;35
2025-11-01;Torrevieja;Emiratos Árabes Unidos;36
2025-11-01;Torrevieja;Turquía;39
2025-12-01;Torrevieja;Total;4298
2025-12-01;Torrevieja;Europa;3882
2025-12-01;Torrevieja;Unión Europea;3148
2025-12-01;Torrevieja;África;122
2025-12-01;Torrevieja;América;207
2025-12-01;Torrevieja;Sudamérica;121
2025-12-01;Torrevieja;Austria;59
2025-12-01;Torrevieja;Bélgica;261
2025-12-01;Torrevieja;Bulgaria;32
2025-12-01;Torrevieja;Dinamarca;52
2025-12-01;Torrevieja;Francia;1188
2025-12-01;Torrevieja;Hungría;75
2025-12-01;Torrevieja;Irlanda;43
2025-12-01;Torrevieja;Italia;294
2025-12-01;Torrevieja;Noruega;64
2025-12-01;Torrevieja;Países Bajos;78
2025-12-01;Torrevieja;Polonia;87
2025-12-01;Torrevieja;Portugal;212
2025-12-01;Torrevieja;Andorra;36
2025-12-01;Torrevieja;Reino Unido;443
2025-12-01;Torrevieja;Alemania;367
2025-12-01;Torrevieja;Rumanía;57
2025-12-01;Torrevieja;Suecia;156
2025-12-01;Torrevieja;Suiza;65
2025-12-01;Torrevieja;República Checa;73
2025-12-01;Torrevieja;República Eslovaca;40
2025-12-01;Torrevieja;Marruecos;68
2025-12-01;Torrevieja;Estados Unidos de América;48
2025-12-01;Torrevieja;Colombia;40
2025-12-01;Torrevieja;Turquía;59
2026-01-01;Torrevieja;Total;4032
2026-01-01;Torrevieja;Europa;3579
2026-01-01;Torrevieja;Unión Europea;2869
2026-01-01;Torrevieja;América;260
2026-01-01;Torrevieja;América del Norte;88
2026-01-01;Torrevieja;Centro América y Caribe;66
2026-01-01;Torrevieja;Sudamérica;106
2026-01-01;Torrevieja;Asia;100
2026-01-01;Torrevieja;Austria;34
2026-01-01;Torrevieja;Bélgica;123
2026-01-01;Torrevieja;Francia;998
2026-01-01;Torrevieja;Grecia;53
2026-01-01;Torrevieja;Hungría;80
2026-01-01;Torrevieja;Irlanda;37
2026-01-01;Torrevieja;Italia;200
2026-01-01;Torrevieja;Noruega;55
2026-01-01;Torrevieja;Países Bajos;158
2026-01-01;Torrevieja;Polonia;180
2026-01-01;Torrevieja;Portugal;222
2026-01-01;Torrevieja;Andorra;161
2026-01-01;Torrevieja;Reino Unido;314
2026-01-01;Torrevieja;Alemania;355
2026-01-01;Torrevieja;Rumanía;93
2026-01-01;Torrevieja;Suecia;110
2026-01-01;Torrevieja;Suiza;36
2026-01-01;Torrevieja;República Checa;60
2026-01-01;Torrevieja;Marruecos;71
2026-01-01;Torrevieja;Estados Unidos de América;63
2026-01-01;Torrevieja;Colombia;30
2026-01-01;Torrevieja;China;32
2026-01-01;Torrevieja;Turquía;65
