Signatura;Cod. Estado;Estado;Cod. Categoria;Categoría;Nombre;Cod. Provincia;Provincia;Cod. Municipio;Municipio;Comarca;CP;Dirección;Cod. Tipo Via;Tipo Via;Via;Número;Email;Web;Cod. Grupo;Grupo;Cod. Modalidad;Modalidad;Habitaciones;Plazas;Cod. Cadena;Cadena;Fecha Alta;Fecha Baja;Periodo;Días periodo;Unnamed: 31
CV H01154 A;B;BAJA;0;PENSIÓN;LA FORTALEZA;3;ALACANT;80;JACARILLA;EL BAIX SEGURA/LA VEGA BAJA;03310;CARRETERA BIGASTRO-TORREVIEJA, KM., 12,;CR;CARRETERA;BIGASTRO-TORREVIEJA, KM.;12,; ; ;P;PENSIÓN;P;PENSIÓN;15;32;NCD;NO PERTENECE A NINGUNA CADENA;14/03/1996;28/02/2007;SIEMPRE ABIERTO;De Lunes a Domingo;
CV H00925 A;A;ALTA;0;PENSIÓN;HB TORREVIEJA;3;ALACANT;133;TORREVIEJA;EL BAIX SEGURA/LA VEGA BAJA;03182;CALLE APOLO, 45;C;CALLE;APOLO;45;hbasociados2018@gmail.com; ;P;PENSIÓN;P;PENSIÓN;24;38;NCD;NO PERTENECE A NINGUNA CADENA;10/12/1974; ;SIEMPRE ABIERTO;De Lunes a Domingo;
CV H01505 A;A;ALTA; ; ;7A;3;ALACANT;133;TORREVIEJA;EL BAIX SEGURA/LA VEGA BAJA;03182;CALLE ALMUDENA, 4-BJ;C;CALLE;ALMUDENA;4-BJ; ; ;HS;HOSTAL; ; ;7;12;NCD;NO PERTENECE A NINGUNA CADENA;28/06/2019; ;SIEMPRE ABIERTO;De Lunes a Domingo;
CV H01312 A;A;ALTA;1;1 ESTRELLA;ALBA;3;ALACANT;133;TORREVIEJA;EL BAIX SEGURA/LA VEGA BAJA;03188;AVENIDA ESPAÑOLES, 17;AV;AVENIDA;ESPAÑOLES;17;buzon@hostalbaplaya.com;http://www.hostalalbaplaya.com;HS;HOSTAL;SR;HOSTAL-RESIDENCIA;11;19;NCD;NO PERTENECE A NINGUNA CADENA;14/07/2005; ;SIEMPRE ABIERTO;De Lunes a Domingo;
CV H01466 A;A;ALTA;3;3 ESTRELLAS;APARTHOTEL SOLE BELLO;3;ALACANT;133;TORREVIEJA;EL BAIX SEGURA/LA VEGA BAJA;03188;AVENIDA DEL MAR, 1-3;AV;AVENIDA;DEL MAR;1-3;comercial@kenkohotels.com;https://aparthotel-sole-bello.business.site;H;HOTEL;HA;HOTEL-APARTAMENTO;49;118;NCD;NO PERTENECE A NINGUNA CADENA;03/08/2017; ;SIEMPRE ABIERTO;De Lunes a Domingo;
CV H00771 A;A;ALTA;3;3 ESTRELLAS;AS HOTEL MADRID;3;ALACANT;133;TORREVIEJA;EL BAIX SEGURA/LA VEGA BAJA;03181;CALLE VILLA MADRID, 15;C;CALLE;VILLA MADRID;15;reservas@ansahotel.com;http://www.ansahotel.com;H;HOTEL;H;HOTEL;40;73;NCD;NO PERTENECE A NINGUNA CADENA;10/03/1971; ;SIEMPRE ABIERTO;De Lunes a Domingo;
CV H00813 A;B;BAJA;2;2 ESTRELLAS;BRASIL;3;ALACANT;133;TORREVIEJA;EL BAIX SEGURA/LA VEGA BAJA;03180;MARIA PARODI, 4, S.N; ; ;MARIA PARODI, 4;S.N; ; ;HS;HOSTAL;SR;HOSTAL-RESIDENCIA;12;18;NCD;NO PERTENECE A NINGUNA CADENA;02/09/1971;06/07/1994;01/04 - 31/10;De Lunes a Domingo;
CV H00884 A;B;BAJA;0;PENSIÓN;CALICHE;3;ALACANT;133;TORREVIEJA;EL BAIX SEGURA/LA VEGA BAJA;03180;CALLE PEDRO LORCA, 017;C;CALLE;PEDRO LORCA;017; ; ;P;PENSIÓN;P;PENSIÓN;12;23;NCD;NO PERTENECE A NINGUNA CADENA;13/07/1973;18/06/1997;01/04 - 30/10;De Lunes a Domingo;
CV H01110 A;A;ALTA;1;1 ESTRELLA;CANO;3;ALACANT;133;TORREVIEJA;EL BAIX SEGURA/LA VEGA BAJA;03182;CALLE ZOA, 53;C;CALLE;ZOA;53;info@hotelcano.com;http://hotelcano.com;H;HOTEL;H;HOTEL;57;94;NCD;NO PERTENECE A NINGUNA CADENA;25/05/1992; ;SIEMPRE ABIERTO;De Lunes a Domingo;
CV H01546 A;B;BAJA;0;PENSIÓN;CASTILLA;3;ALACANT;133;TORREVIEJA;EL BAIX SEGURA/LA VEGA BAJA;03182;CALLE LA SAL, 16;C;CALLE;LA SAL;16;rociocontento5@gmail.com;servigroup.com;HS;HOSTAL; ; ;22;36;NCD;NO PERTENECE A NINGUNA CADENA;21/08/2020;06/06/2022;SIEMPRE ABIERTO;De Lunes a Domingo;
CV H01135 A;B;BAJA;1;1 ESTRELLA;CASTILLA;3;ALACANT;133;TORREVIEJA;EL BAIX SEGURA/LA VEGA BAJA;03182;CALLE LA SAL, 16;C;CALLE;LA SAL;16;hostalcastilla@publisof.com;http://www.hostal-castilla.com;HS;HOSTAL;HS;HOSTAL;22;45;NCD;NO PERTENECE A NINGUNA CADENA;25/02/1995;31/05/2010;01/03 - 31/12;De Lunes a Domingo;
CV H01222 A;A;ALTA;1;1 ESTRELLA;CENTRAL;3;ALACANT;133;TORREVIEJA;EL BAIX SEGURA/LA VEGA BAJA;03181;RAMBLA JUAN MATEO, 18; ; ;RAMBLA JUAN MATEO;18;hotel.central@hotmail.com;https://hotel-central-torrevieja.business.site;H;HOTEL;H;HOTEL;28;47;NCD;NO PERTENECE A NINGUNA CADENA;20/07/2001; ;SIEMPRE ABIERTO;De Lunes a Domingo;
CV H01147 A;B;BAJA;1;1 ESTRELLA;DELFIN;3;ALACANT;133;TORREVIEJA;EL BAIX SEGURA/LA VEGA BAJA;03180;PLAZA MARINA ESPAÑOLA, 11;PL;PLAZA;MARINA ESPAÑOLA;11; ; ;H;HOTEL;H;HOTEL;12;22;NCD;NO PERTENECE A NINGUNA CADENA;04/10/1995;12/04/2001;SIEMPRE ABIERTO;De Lunes a Domingo;
CV H01402 A;A;ALTA;4;4 ESTRELLAS;DOÑA MONSE;3;ALACANT;133;TORREVIEJA;EL BAIX SEGURA/LA VEGA BAJA;03186;URBANIZACIÓN LOS BALCONES, AV. DE ORIHUELA, 75;UR;URBANIZACIÓN;LOS BALCONES, AV. DE ORIHUELA;75;reservas@hotelmonse.com;https://www.hotelmonse.com;H;HOTEL;H;HOTEL;69;134;NCD;NO PERTENECE A NINGUNA CADENA;04/05/2012; ;SIEMPRE ABIERTO;De Lunes a Domingo;
CV H00636 A;B;BAJA;1;1 ESTRELLA;EDEN ROC;3;ALACANT;133;TORREVIEJA;EL BAIX SEGURA/LA VEGA BAJA;03180;CALLE ALFREDO NOBEL, 108;C;CALLE;ALFREDO NOBEL;108; ; ;H;HOTEL;H;HOTEL;30;56;NCD;NO PERTENECE A NINGUNA CADENA;06/11/1969;14/04/1994;01/04 - 30/09;De Lunes a Domingo;
CV H00215 A;B;BAJA;0;PENSIÓN;FERNANDEZ;3;ALACANT;133;TORREVIEJA;EL BAIX SEGURA/LA VEGA BAJA;03180;CALLE RAMON GALLUD, 16;C;CALLE;RAMON GALLUD;16; ; ;P;PENSIÓN;P;PENSIÓN;19;32;NCD;NO PERTENECE A NINGUNA CADENA;01/01/1965;09/07/2001;SIEMPRE ABIERTO;De Lunes a Domingo;
CV H01055 A;B;BAJA;2;2 ESTRELLAS;FONTANA;3;ALACANT;133;TORREVIEJA;EL BAIX SEGURA/LA VEGA BAJA;03181;RAMBLA DE JUAN MATEO, 19; ; ;RAMBLA DE JUAN MATEO;19;hotel@hotelfontana.com;http://www.hotelfontana.com;H;HOTEL;H;HOTEL;156;294;NCD;NO PERTENECE A NINGUNA CADENA;15/12/1983;30/11/2009;SIEMPRE ABIERTO;De Lunes a Domingo;
CV H01397 A;A;ALTA;3;3 ESTRELLAS;FONTANA PLAZA;3;ALACANT;133;TORREVIEJA;EL BAIX SEGURA/LA VEGA BAJA;03181;RAMBLA JUAN MATEO GARCÍA, 19; ; ;RAMBLA JUAN MATEO GARCÍA;19;fontanaplaza@hotelfontanaplaza.com;http://www.hotelfontanaplaza.com;H;HOTEL;H;HOTEL;173;346;NCD;NO PERTENECE A NINGUNA CADENA;29/07/2011; ;SIEMPRE ABIERTO;De Lunes a Domingo;
CV H01275 A;A;ALTA;1;1 ESTRELLA;GRAN VIA;3;ALACANT;133;TORREVIEJA;EL BAIX SEGURA/LA VEGA BAJA;03182;CALLE PATRICIO ZAMMIT, 60;C;CALLE;PATRICIO ZAMMIT;60;andres1068@hotmail.es; ;HS;HOSTAL;SR;HOSTAL-RESIDENCIA;17;33;NCD;NO PERTENECE A NINGUNA CADENA;13/06/2003; ; ; ;
CV H01670 A;A;ALTA; ; ;H'S BEACH;3;ALACANT;133;TORREVIEJA;EL BAIX SEGURA/LA VEGA BAJA;03182;CALLE FRAGATA, 1, LOCAL 4;C;CALLE;FRAGATA;1, LOCAL 4;paseobeach@hotmail.com; ;HS;HOSTAL; ; ;6;12;NCD;NO PERTENECE A NINGUNA CADENA;19/08/2024; ;SIEMPRE ABIERTO;De Lunes a Domingo;
CV H01132 A;A;ALTA;1;1 ESTRELLA;JUAN CARLOS;3;ALACANT;133;TORREVIEJA;EL BAIX SEGURA/LA VEGA BAJA;03182;CALLE APOLO, 85;C;CALLE;APOLO;85;info@hoteljuancarlos.com;http://www.hoteljuancarlos.com;H;HOTEL;H;HOTEL;24;49;NCD;NO PERTENECE A NINGUNA CADENA;07/02/1995; ;SIEMPRE ABIERTO;De Lunes a Domingo;
CV H00484 A;B;BAJA;2;2 ESTRELLAS;LA CIBELES;3;ALACANT;133;TORREVIEJA;EL BAIX SEGURA/LA VEGA BAJA;03180;AVENIDA GREGORIO MARAÑON, 28;AV;AVENIDA;GREGORIO MARAÑON;28; ; ;HS;HOSTAL;SR;HOSTAL-RESIDENCIA;40;80;NCD;NO PERTENECE A NINGUNA CADENA;21/07/1965;11/12/1998;SIEMPRE ABIERTO;De Lunes a Domingo;
CV H01772 A;A;ALTA;0;PENSIÓN;LA MAR SALÁ I;3;ALACANT;133;TORREVIEJA;EL BAIX SEGURA/LA VEGA BAJA;03181;CALLE GABRIEL MIRO, 9 ESC 1 P1;C;CALLE;GABRIEL MIRO;9 ESC 1 P1;oficina@consultingvegatec.com; ;P;PENSIÓN; ; ;2;4;NCD;NO PERTENECE A NINGUNA CADENA;23/12/2025; ;SIEMPRE ABIERTO;De Lunes a Domingo;
CV H01244 A;A;ALTA;1;1 ESTRELLA;LAGUNA SALADA;3;ALACANT;133;TORREVIEJA;EL BAIX SEGURA/LA VEGA BAJA;03185;CALLE MONTEPERDIDO, URB. LOS ALTOS, 22;C;CALLE;MONTEPERDIDO, URB. LOS ALTOS;22;aparthotelatlas@hotmail.com;https://aparthotelatlas.negocio.site;H;HOTEL;HA;HOTEL-APARTAMENTO;16;40;NCD;NO PERTENECE A NINGUNA CADENA;21/06/2002; ;SIEMPRE ABIERTO;De Lunes a Domingo;
CV H01630 A;A;ALTA; ; ;LAVELA;3;ALACANT;133;TORREVIEJA;EL BAIX SEGURA/LA VEGA BAJA;03182;CALLE SAN PASCUAL, 210;C;CALLE;SAN PASCUAL;210;lavelaturistico2023@gmail.com; ;HS;HOSTAL; ; ;5;10;NCD;NO PERTENECE A NINGUNA CADENA;11/08/2023; ;SIEMPRE ABIERTO;De Lunes a Domingo;
CV H00381 A;B;BAJA;0;PENSIÓN;LEANDRO;3;ALACANT;133;TORREVIEJA;EL BAIX SEGURA/LA VEGA BAJA;03181;CALLE HUERTO, 2;C;CALLE;HUERTO;2; ; ;P;PENSIÓN;P;PENSIÓN;14;18;NCD;NO PERTENECE A NINGUNA CADENA;05/03/1964;20/12/2013;SIEMPRE ABIERTO;De Lunes a Domingo;
CV H01138 A;A;ALTA;3;3 ESTRELLAS;LLOYDS BEACH CLUB;3;ALACANT;133;TORREVIEJA;EL BAIX SEGURA/LA VEGA BAJA;03188;AVENIDA HOLANDESES, 2;AV;AVENIDA;HOLANDESES;2;info@lloydsclub.com;http://www.lloydsclub.com;H;HOTEL;HA;HOTEL-APARTAMENTO;28;72;NCD;NO PERTENECE A NINGUNA CADENA;21/04/1995; ;SIEMPRE ABIERTO;De Lunes a Domingo;
CV H00997 A;B;BAJA;2;2 ESTRELLAS;MARBELLA;3;ALACANT;133;TORREVIEJA;EL BAIX SEGURA/LA VEGA BAJA;03180;CALLE ALFREDO NOBEL, 002;C;CALLE;ALFREDO NOBEL;002; ; ;H;HOTEL;H;HOTEL;30;50;NCD;NO PERTENECE A NINGUNA CADENA;19/04/1978;25/01/1994;SIEMPRE ABIERTO;De Lunes a Domingo;
CV H00301 A;A;ALTA;3;3 ESTRELLAS;MASA INTERNATIONAL;3;ALACANT;133;TORREVIEJA;EL BAIX SEGURA/LA VEGA BAJA;03183;CALLE ALFREDO NOBEL, 150;C;CALLE;ALFREDO NOBEL;150;info@hotelmasa.com;http://www.hotelmasa.com;H;HOTEL;H;HOTEL;50;99;NCD;NO PERTENECE A NINGUNA CADENA;15/10/1963; ;SIEMPRE ABIERTO;De Lunes a Domingo;
CV H00953 A;B;BAJA;2;2 ESTRELLAS;MAZU;3;ALACANT;133;TORREVIEJA;EL BAIX SEGURA/LA VEGA BAJA;03180;CALLE FOTOGRAFOS DARBLADE, 001;C;CALLE;FOTOGRAFOS DARBLADE;001; ; ;HS;HOSTAL;SR;HOSTAL-RESIDENCIA;39;54;NCD;NO PERTENECE A NINGUNA CADENA;09/10/1975;27/07/1993;SIEMPRE ABIERTO;De Lunes a Domingo;
CV H01068 A;B;BAJA;2;2 ESTRELLAS;MOTEL LAS BARCAS;3;ALACANT;133;TORREVIEJA;EL BAIX SEGURA/LA VEGA BAJA;03185;CARRETERA TORREVIEJA-CARTAGENA, KM., 4,5;CR;CARRETERA;TORREVIEJA-CARTAGENA, KM.;4,5;m966705505@hotmail.com; ;H;HOTEL;H;HOTEL;28;56;NCD;NO PERTENECE A NINGUNA CADENA;21/05/1987;22/05/2012;SIEMPRE ABIERTO;De Lunes a Domingo;
CV H01125 A;A;ALTA;3;3 ESTRELLAS;PLAYAS DE TORREVIEJA;3;ALACANT;133;TORREVIEJA;EL BAIX SEGURA/LA VEGA BAJA;03188;URBANIZACIÓN CABO CERVERA. C/ DEL CABO, S/N;UR;URBANIZACIÓN;CABO CERVERA. C/ DEL CABO;S/N;reservas.torrevieja@hotelesposeidon.com;https://www.hotelplayasdetorrevieja.com;H;HOTEL;H;HOTEL;187;439;POS;HOTELES POSEIDÓN;06/10/1993; ;SIEMPRE ABIERTO;De Lunes a Domingo;
CV H00889 A;B;BAJA;0;PENSIÓN;REINA;3;ALACANT;133;TORREVIEJA;EL BAIX SEGURA/LA VEGA BAJA;03181;AVENIDA GREGORIO MARAÑÓN, 22;AV;AVENIDA;GREGORIO MARAÑÓN;22;tore@arrakis.es; ;P;PENSIÓN;P;PENSIÓN;14;26;NCD;NO PERTENECE A NINGUNA CADENA;27/09/1973;30/11/2009;SIEMPRE ABIERTO;De Lunes a Domingo;
CV H00596 A;B;BAJA;0;PENSIÓN;REY DE ORIENTE;3;ALACANT;133;TORREVIEJA;EL BAIX SEGURA/LA VEGA BAJA;03180;PLAZA PLAZA DE ORIENTE, 24;PL;PLAZA;PLAZA DE ORIENTE;24; ; ;P;PENSIÓN;P;PENSIÓN;11;12;NCD;NO PERTENECE A NINGUNA CADENA;19/01/1968;21/05/2002;SIEMPRE ABIERTO;De Lunes a Domingo;
CV H01423 A;B;BAJA;3;3 ESTRELLAS;SOLE BELLO;3;ALACANT;133;TORREVIEJA;EL BAIX SEGURA/LA VEGA BAJA;03188;CALLE DEL MAR  - LA MATA, 3;C;CALLE;DEL MAR  - LA MATA;3;renfrag@gmail.com; ;H;HOTEL;HA;HOTEL-APARTAMENTO;49;120;NCD;NO PERTENECE A NINGUNA CADENA;24/04/2015;16/11/2015;SIEMPRE ABIERTO;De Lunes a Domingo;
CV H01152 A;B;BAJA;3;3 ESTRELLAS;SOLE-BELLO RESORT;3;ALACANT;133;TORREVIEJA;EL BAIX SEGURA/LA VEGA BAJA;03188;CALLE DEL MAR - LA MATA, 3;C;CALLE;DEL MAR - LA MATA;3;solebello_apt@hotmail.com; ;H;HOTEL;HA;HOTEL-APARTAMENTO;49;119;NCD;NO PERTENECE A NINGUNA CADENA;17/11/1995;25/04/2007;SIEMPRE ABIERTO;De Lunes a Domingo;
CV H01077 A;A;ALTA;3;3 ESTRELLAS;TORREJOVEN;3;ALACANT;133;TORREVIEJA;EL BAIX SEGURA/LA VEGA BAJA;03185;CARRETERA TORREVIEJA-CARTAGENA, KM., 4,7;CR;CARRETERA;TORREVIEJA-CARTAGENA, KM.;4,7;reservas@hoteltorrejoven.com;http://hoteltorrejoven.com;H;HOTEL;H;HOTEL;110;220;NCD;NO PERTENECE A NINGUNA CADENA;29/05/1987; ;SIEMPRE ABIERTO;De Lunes a Domingo;
CV H01746 A;A;ALTA;0;PENSIÓN;TORRESAL;3;ALACANT;133;TORREVIEJA;EL BAIX SEGURA/LA VEGA BAJA;03181;CALLE TORRESAL, 2;C;CALLE;TORRESAL;2;pensiontorresal@gmail.com; ;P;PENSIÓN; ; ;18;32;NCD;NO PERTENECE A NINGUNA CADENA;19/09/2025; ;SIEMPRE ABIERTO;De Lunes a Domingo;
CV H01009 A;B;BAJA;0;PENSIÓN;TUTO;3;ALACANT;133;TORREVIEJA;EL BAIX SEGURA/LA VEGA BAJA;03180;CALLE CALLOSA DE SEGURA, 000;C;CALLE;CALLOSA DE SEGURA;000; ; ;P;PENSIÓN;P;PENSIÓN;15;18;NCD;NO PERTENECE A NINGUNA CADENA;20/02/1980;17/07/1995;SIEMPRE ABIERTO;De Lunes a Domingo;
CV H01210 A;A;ALTA;3;3 ESTRELLAS;TUTO;3;ALACANT;133;TORREVIEJA;EL BAIX SEGURA/LA VEGA BAJA;03185;CALLE CALLOSA DEL SEGURA (PLAYA DE LOS NAUFRAGOS), 4;C;CALLE;CALLOSA DEL SEGURA (PLAYA DE LOS NAUFRAGOS);4;info@hoteltuto.com;http://www.hoteltuto.com;H;HOTEL;H;HOTEL;31;50;NCD;NO PERTENECE A NINGUNA CADENA;05/02/2001; ;SIEMPRE ABIERTO;De Lunes a Domingo;
CV H01750 A;A;ALTA; ; ;VITA VERDE;3;ALACANT;133;TORREVIEJA;EL BAIX SEGURA/LA VEGA BAJA;03180;CALLE SAN PASCUAL, 175;C;CALLE;SAN PASCUAL;175;FAJNO.TM@GMAIL.COM; ;HS;HOSTAL; ; ;12;28;NCD;NO PERTENECE A NINGUNA CADENA;15/09/2025; ;SIEMPRE ABIERTO;De Lunes a Domingo;
