Playa;Fecha;E_Coli;Enterococo;Estado
PLAYA DE CALA MAR AZUL;09/09/2025;1 UFC/100 mL;20 NMP/100 mL;Zona Apta para el baño
PLAYA DE CALA MAR AZUL;02/09/2025;5 UFC/100 mL;10 NMP/100 mL;Zona Apta para el baño
PLAYA DE CALA MAR AZUL;26/08/2025;1 UFC/100 mL;10 NMP/100 mL;Zona Apta para el baño
PLAYA DE CALA MAR AZUL;19/08/2025;4 UFC/100 mL;1 NMP/100 mL;Zona Apta para el baño
PLAYA DE CALA MAR AZUL;12/08/2025;1 UFC/100 mL;1 NMP/100 mL;Zona Apta para el baño
PLAYA DE CALA MAR AZUL;05/08/2025;2 UFC/100 mL;1 NMP/100 mL;Zona Apta para el baño
PLAYA DE CALA MAR AZUL;29/07/2025;5 UFC/100 mL;1 NMP/100 mL;Zona Apta para el baño
PLAYA DE CALA MAR AZUL;22/07/2025;3 UFC/100 mL;31 NMP/100 mL;Zona Apta para el baño
PLAYA DE CALA MAR AZUL;15/07/2025;1 UFC/100 mL;10 NMP/100 mL;Zona Apta para el baño
PLAYA DE CALA MAR AZUL;08/07/2025;2 UFC/100 mL;1 NMP/100 mL;Zona Apta para el baño
PLAYA DE CALA MAR AZUL;01/07/2025;2 UFC/100 mL;10 NMP/100 mL;Zona Apta para el baño
PLAYA DE CALA MAR AZUL;20/06/2025;1 UFC/100 mL;1 NMP/100 mL;Zona Apta para el baño
PLAYA DE CALA MAR AZUL;10/06/2025;9 UFC/100 mL;9 NMP/100 mL;Zona Apta para el baño
PLAYA DE CALA MAR AZUL;27/05/2025;9 UFC/100 mL;9 NMP/100 mL;Zona Apta para el baño
PLAYA DE CALA MAR AZUL;03/09/2024;4 UFC/100 mL;1 NMP/100 mL;Zona Apta para el baño
PLAYA DE CALA MAR AZUL;27/08/2024;1 UFC/100 mL;1 NMP/100 mL;Zona Apta para el baño
PLAYA DE CALA MAR AZUL;20/08/2024;1 UFC/100 mL;10 NMP/100 mL;Zona Apta para el baño
PLAYA DE CALA MAR AZUL;13/08/2024;1 UFC/100 mL;1 NMP/100 mL;Zona Apta para el baño
PLAYA DE CALA MAR AZUL;06/08/2024;1 UFC/100 mL;1 NMP/100 mL;Zona Apta para el baño
PLAYA DE CALA MAR AZUL;30/07/2024;1 UFC/100 mL;1 NMP/100 mL;Zona Apta para el baño
PLAYA DE CALA MAR AZUL;23/07/2024;1 UFC/100 mL;1 NMP/100 mL;Zona Apta para el baño
PLAYA DE CALA MAR AZUL;16/07/2024;3 UFC/100 mL;1 NMP/100 mL;Zona Apta para el baño
PLAYA DE CALA MAR AZUL;09/07/2024;1 UFC/100 mL;1 NMP/100 mL;Zona Apta para el baño
PLAYA DE CALA MAR AZUL;02/07/2024;1 UFC/100 mL;1 NMP/100 mL;Zona Apta para el baño
PLAYA DE CALA MAR AZUL;26/06/2024;1 UFC/100 mL;1 NMP/100 mL;Zona Apta para el baño
PLAYA DE CALA MAR AZUL;18/06/2024;1 UFC/100 mL;10 NMP/100 mL;Zona Apta para el baño
PLAYA DE CALA MAR AZUL;11/06/2024;1 UFC/100 mL;1 NMP/100 mL;Zona Apta para el baño
PLAYA DE CALA MAR AZUL;04/06/2024;1 UFC/100 mL;1 NMP/100 mL;Zona Apta para el baño
PLAYA DE CALA MAR AZUL;27/05/2024;1 UFC/100 mL;1 NMP/100 mL;Zona Apta para el baño
PLAYA DE CALA MAR AZUL;12/09/2023;3 UFC/100 mL;1 NMP/100 mL;Zona Apta para el baño
PLAYA DE CALA MAR AZUL;05/09/2023;5 UFC/100 mL;20 NMP/100 mL;Zona Apta para el baño
PLAYA DE CALA MAR AZUL;29/08/2023;1 UFC/100 mL;10 NMP/100 mL;Zona Apta para el baño
PLAYA DE CALA MAR AZUL;22/08/2023;1 UFC/100 mL;10 NMP/100 mL;Zona Apta para el baño
PLAYA DE CALA MAR AZUL;14/08/2023;1 UFC/100 mL;1 NMP/100 mL;Zona Apta para el baño
PLAYA DE CALA MAR AZUL;08/08/2023;3 UFC/100 mL;1 NMP/100 mL;Zona Apta para el baño
PLAYA DE CALA MAR AZUL;01/08/2023;2 UFC/100 mL;10 NMP/100 mL;Zona Apta para el baño
PLAYA DE CALA MAR AZUL;25/07/2023;1 UFC/100 mL;10 NMP/100 mL;Zona Apta para el baño
PLAYA DE CALA MAR AZUL;18/07/2023;1 UFC/100 mL;1 NMP/100 mL;Zona Apta para el baño
PLAYA DE CALA MAR AZUL;11/07/2023;3 UFC/100 mL;1 NMP/100 mL;Zona Apta para el baño
PLAYA DE CALA MAR AZUL;05/07/2023;6 UFC/100 mL;1 NMP/100 mL;Zona Apta para el baño
PLAYA DE CALA MAR AZUL;27/06/2023;1 UFC/100 mL;1 NMP/100 mL;Zona Apta para el baño
PLAYA DE CALA MAR AZUL;21/06/2023;5 UFC/100 mL;1 NMP/100 mL;Zona Apta para el baño
PLAYA DE CALA MAR AZUL;13/06/2023;6 UFC/100 mL;1 NMP/100 mL;Zona Apta para el baño
PLAYA DE CALA MAR AZUL;06/06/2023;10 UFC/100 mL;1 NMP/100 mL;Zona Apta para el baño
PLAYA DE CALA MAR AZUL;18/05/2023;5 UFC/100 mL;1 NMP/100 mL;Zona Apta para el baño
PLAYA DE LA MATA;09/09/2025;2 UFC/100 mL;1 NMP/100 mL;Zona Apta para el baño
PLAYA DE LA MATA;02/09/2025;1 UFC/100 mL;1 NMP/100 mL;Zona Apta para el baño
PLAYA DE LA MATA;26/08/2025;1 UFC/100 mL;1 NMP/100 mL;Zona Apta para el baño
PLAYA DE LA MATA;19/08/2025;3 UFC/100 mL;1 NMP/100 mL;Zona Apta para el baño
PLAYA DE LA MATA;12/08/2025;1 UFC/100 mL;10 NMP/100 mL;Zona Apta para el baño
PLAYA DE LA MATA;05/08/2025;1 UFC/100 mL;1 NMP/100 mL;Zona Apta para el baño
PLAYA DE LA MATA;29/07/2025;1 UFC/100 mL;1 NMP/100 mL;Zona Apta para el baño
PLAYA DE LA MATA;22/07/2025;1 UFC/100 mL;1 NMP/100 mL;Zona Apta para el baño
PLAYA DE LA MATA;15/07/2025;2 UFC/100 mL;1 NMP/100 mL;Zona Apta para el baño
PLAYA DE LA MATA;08/07/2025;1 UFC/100 mL;1 NMP/100 mL;Zona Apta para el baño
PLAYA DE LA MATA;01/07/2025;4 UFC/100 mL;1 NMP/100 mL;Zona Apta para el baño
PLAYA DE LA MATA;20/06/2025;1 UFC/100 mL;1 NMP/100 mL;Zona Apta para el baño
PLAYA DE LA MATA;10/06/2025;9 UFC/100 mL;9 NMP/100 mL;Zona Apta para el baño
PLAYA DE LA MATA;27/05/2025;9 UFC/100 mL;9 NMP/100 mL;Zona Apta para el baño
PLAYA DE LA MATA;03/09/2024;1 UFC/100 mL;1 NMP/100 mL;Zona Apta para el baño
PLAYA DE LA MATA;27/08/2024;1 UFC/100 mL;10 NMP/100 mL;Zona Apta para el baño
PLAYA DE LA MATA;20/08/2024;1 UFC/100 mL;1 NMP/100 mL;Zona Apta para el baño
PLAYA DE LA MATA;13/08/2024;1 UFC/100 mL;1 NMP/100 mL;Zona Apta para el baño
PLAYA DE LA MATA;06/08/2024;13 UFC/100 mL;20 NMP/100 mL;Zona Apta para el baño
PLAYA DE LA MATA;30/07/2024;4 UFC/100 mL;1 NMP/100 mL;Zona Apta para el baño
PLAYA DE LA MATA;23/07/2024;4 UFC/100 mL;10 NMP/100 mL;Zona Apta para el baño
PLAYA DE LA MATA;16/07/2024;1 UFC/100 mL;52 NMP/100 mL;Zona Apta para el baño
PLAYA DE LA MATA;12/07/2024;2 UFC/100 mL;1 NMP/100 mL;Zona Apta para el baño
PLAYA DE LA MATA;09/07/2024;1 UFC/100 mL;20 NMP/100 mL;Zona Apta para el baño
PLAYA DE LA MATA;02/07/2024;1 UFC/100 mL;110 NMP/100 mL;Zona Apta para el baño
PLAYA DE LA MATA;26/06/2024;1 UFC/100 mL;1 NMP/100 mL;Zona Apta para el baño
PLAYA DE LA MATA;18/06/2024;1 UFC/100 mL;1 UFC/100 mL;Zona Apta para el baño
PLAYA DE LA MATA;11/06/2024;1 UFC/100 mL;1 NMP/100 mL;Zona Apta para el baño
PLAYA DE LA MATA;04/06/2024;1 UFC/100 mL;10 NMP/100 mL;Zona Apta para el baño
PLAYA DE LA MATA;27/05/2024;1 UFC/100 mL;1 UFC/100 mL;Zona Apta para el baño
PLAYA DE LAS PISCINAS DEL PASEO;09/09/2025;24 UFC/100 mL;10 NMP/100 mL;Zona Apta para el baño
PLAYA DE LAS PISCINAS DEL PASEO;02/09/2025;7 UFC/100 mL;31 NMP/100 mL;Zona Apta para el baño
PLAYA DE LAS PISCINAS DEL PASEO;26/08/2025;52 UFC/100 mL;10 NMP/100 mL;Zona Apta para el baño
PLAYA DE LAS PISCINAS DEL PASEO;19/08/2025;4 UFC/100 mL;1 NMP/100 mL;Zona Apta para el baño
PLAYA DE LAS PISCINAS DEL PASEO;12/08/2025;21 UFC/100 mL;1 NMP/100 mL;Zona Apta para el baño
PLAYA DE LAS PISCINAS DEL PASEO;08/08/2025;5 UFC/100 mL;1 NMP/100 mL;Zona Apta para el baño
PLAYA DE LAS PISCINAS DEL PASEO;05/08/2025;18 UFC/100 mL;20 NMP/100 mL;Zona Apta para el baño
PLAYA DE LAS PISCINAS DEL PASEO;29/07/2025;8 UFC/100 mL;10 NMP/100 mL;Zona Apta para el baño
PLAYA DE LAS PISCINAS DEL PASEO;22/07/2025;3 UFC/100 mL;1 NMP/100 mL;Zona Apta para el baño
PLAYA DE LAS PISCINAS DEL PASEO;15/07/2025;8 UFC/100 mL;10 NMP/100 mL;Zona Apta para el baño
PLAYA DE LAS PISCINAS DEL PASEO;08/07/2025;5 UFC/100 mL;1 NMP/100 mL;Zona Apta para el baño
PLAYA DE LAS PISCINAS DEL PASEO;01/07/2025;8 UFC/100 mL;20 NMP/100 mL;Zona Apta para el baño
PLAYA DE LAS PISCINAS DEL PASEO;20/06/2025;1 UFC/100 mL;1 NMP/100 mL;Zona Apta para el baño
PLAYA DE LAS PISCINAS DEL PASEO;10/06/2025;31 UFC/100 mL;9 NMP/100 mL;Zona Apta para el baño
PLAYA DE LAS PISCINAS DEL PASEO;27/05/2025;63 UFC/100 mL;52 NMP/100 mL;Zona Apta para el baño
PLAYA DE LAS PISCINAS DEL PASEO;03/09/2024;2 UFC/100 mL;1 NMP/100 mL;Zona Apta para el baño
PLAYA DE LAS PISCINAS DEL PASEO;27/08/2024;19 UFC/100 mL;1 NMP/100 mL;Zona Apta para el baño
PLAYA DE LAS PISCINAS DEL PASEO;20/08/2024;5 UFC/100 mL;20 NMP/100 mL;Zona Apta para el baño
PLAYA DE LAS PISCINAS DEL PASEO;13/08/2024;22 UFC/100 mL;1 NMP/100 mL;Zona Apta para el baño
PLAYA DE LAS PISCINAS DEL PASEO;06/08/2024;47 UFC/100 mL;10 NMP/100 mL;Zona Apta para el baño
PLAYA DE LAS PISCINAS DEL PASEO;30/07/2024;31 UFC/100 mL;20 NMP/100 mL;Zona Apta para el baño
PLAYA DE LAS PISCINAS DEL PASEO;23/07/2024;30 UFC/100 mL;10 NMP/100 mL;Zona Apta para el baño
PLAYA DE LAS PISCINAS DEL PASEO;16/07/2024;7 UFC/100 mL;1 NMP/100 mL;Zona Apta para el baño
PLAYA DE LAS PISCINAS DEL PASEO;09/07/2024;13 UFC/100 mL;1 NMP/100 mL;Zona Apta para el baño
PLAYA DE LAS PISCINAS DEL PASEO;02/07/2024;1 UFC/100 mL;1 NMP/100 mL;Zona Apta para el baño
PLAYA DE LAS PISCINAS DEL PASEO;26/06/2024;7 UFC/100 mL;1 NMP/100 mL;Zona Apta para el baño
PLAYA DE LAS PISCINAS DEL PASEO;18/06/2024;1 UFC/100 mL;1 NMP/100 mL;Zona Apta para el baño
PLAYA DE LAS PISCINAS DEL PASEO;11/06/2024;2 UFC/100 mL;1 NMP/100 mL;Zona Apta para el baño
PLAYA DE LAS PISCINAS DEL PASEO;04/06/2024;1 UFC/100 mL;1 NMP/100 mL;Zona Apta para el baño
PLAYA DE LAS PISCINAS DEL PASEO;27/05/2024;4 UFC/100 mL;20 NMP/100 mL;Zona Apta para el baño
PLAYA DE LAS PISCINAS DEL PASEO;12/09/2023;31 UFC/100 mL;31 NMP/100 mL;Zona Apta para el baño
PLAYA DE LAS PISCINAS DEL PASEO;05/09/2023;14 UFC/100 mL;30 NMP/100 mL;Zona Apta para el baño
PLAYA DE LAS PISCINAS DEL PASEO;29/08/2023;4 UFC/100 mL;41 NMP/100 mL;Zona Apta para el baño
PLAYA DE LAS PISCINAS DEL PASEO;22/08/2023;1 UFC/100 mL;1 NMP/100 mL;Zona Apta para el baño
PLAYA DE LAS PISCINAS DEL PASEO;14/08/2023;80 UFC/100 mL;20 NMP/100 mL;Zona Apta para el baño
PLAYA DE LAS PISCINAS DEL PASEO;08/08/2023;5 UFC/100 mL;1 NMP/100 mL;Zona Apta para el baño
PLAYA DE LAS PISCINAS DEL PASEO;01/08/2023;11 UFC/100 mL;30 NMP/100 mL;Zona Apta para el baño
PLAYA DE LAS PISCINAS DEL PASEO;25/07/2023;5 UFC/100 mL;61 NMP/100 mL;Zona Apta para el baño
PLAYA DE LAS PISCINAS DEL PASEO;18/07/2023;3 UFC/100 mL;1 NMP/100 mL;Zona Apta para el baño
PLAYA DE LAS PISCINAS DEL PASEO;11/07/2023;37 UFC/100 mL;96 NMP/100 mL;Zona Apta para el baño
PLAYA DE LAS PISCINAS DEL PASEO;05/07/2023;48 UFC/100 mL;20 NMP/100 mL;Zona Apta para el baño
PLAYA DE LAS PISCINAS DEL PASEO;27/06/2023;3 UFC/100 mL;10 NMP/100 mL;Zona Apta para el baño
PLAYA DE LAS PISCINAS DEL PASEO;21/06/2023;15 UFC/100 mL;120 NMP/100 mL;Zona Apta para el baño
PLAYA DE LAS PISCINAS DEL PASEO;13/06/2023;3 UFC/100 mL;1 NMP/100 mL;Zona Apta para el baño
PLAYA DE LAS PISCINAS DEL PASEO;06/06/2023;190 UFC/100 mL;110 NMP/100 mL;Zona Apta para el baño
PLAYA DE LAS PISCINAS DEL PASEO;18/05/2023;20 UFC/100 mL;130 NMP/100 mL;Zona Apta para el baño
PLAYA DE LOS LOCOS;09/09/2025;1 UFC/100 mL;10 NMP/100 mL;Zona Apta para el baño
PLAYA DE LOS LOCOS;02/09/2025;8 UFC/100 mL;10 NMP/100 mL;Zona Apta para el baño
PLAYA DE LOS LOCOS;26/08/2025;3 UFC/100 mL;1 NMP/100 mL;Zona Apta para el baño
PLAYA DE LOS LOCOS;19/08/2025;7 UFC/100 mL;1 NMP/100 mL;Zona Apta para el baño
PLAYA DE LOS LOCOS;12/08/2025;1 UFC/100 mL;1 NMP/100 mL;Zona Apta para el baño
PLAYA DE LOS LOCOS;05/08/2025;11 UFC/100 mL;1 NMP/100 mL;Zona Apta para el baño
PLAYA DE LOS LOCOS;29/07/2025;12 UFC/100 mL;84 NMP/100 mL;Zona Apta para el baño
PLAYA DE LOS LOCOS;22/07/2025;8 UFC/100 mL;30 NMP/100 mL;Zona Apta para el baño
PLAYA DE LOS LOCOS;15/07/2025;13 UFC/100 mL;10 NMP/100 mL;Zona Apta para el baño
PLAYA DE LOS LOCOS;08/07/2025;1 UFC/100 mL;1 NMP/100 mL;Zona Apta para el baño
PLAYA DE LOS LOCOS;01/07/2025;11 UFC/100 mL;1 NMP/100 mL;Zona Apta para el baño
PLAYA DE LOS LOCOS;20/06/2025;1 UFC/100 mL;1 NMP/100 mL;Zona Apta para el baño
PLAYA DE LOS LOCOS;10/06/2025;9 UFC/100 mL;10 NMP/100 mL;Zona Apta para el baño
PLAYA DE LOS LOCOS;27/05/2025;9 UFC/100 mL;10 NMP/100 mL;Zona Apta para el baño
PLAYA DE LOS LOCOS;03/09/2024;16 UFC/100 mL;1 NMP/100 mL;Zona Apta para el baño
PLAYA DE LOS LOCOS;27/08/2024;3 UFC/100 mL;1 NMP/100 mL;Zona Apta para el baño
PLAYA DE LOS LOCOS;20/08/2024;1 UFC/100 mL;20 NMP/100 mL;Zona Apta para el baño
PLAYA DE LOS LOCOS;13/08/2024;1 UFC/100 mL;1 NMP/100 mL;Zona Apta para el baño
PLAYA DE LOS LOCOS;06/08/2024;4 UFC/100 mL;86 NMP/100 mL;Zona Apta para el baño
PLAYA DE LOS LOCOS;30/07/2024;6 UFC/100 mL;1 NMP/100 mL;Zona Apta para el baño
PLAYA DE LOS LOCOS;23/07/2024;1 UFC/100 mL;1 NMP/100 mL;Zona Apta para el baño
PLAYA DE LOS LOCOS;16/07/2024;4 UFC/100 mL;10 NMP/100 mL;Zona Apta para el baño
PLAYA DE LOS LOCOS;09/07/2024;2 UFC/100 mL;10 NMP/100 mL;Zona Apta para el baño
PLAYA DE LOS LOCOS;02/07/2024;11 UFC/100 mL;1 NMP/100 mL;Zona Apta para el baño
PLAYA DE LOS LOCOS;26/06/2024;1 UFC/100 mL;1 NMP/100 mL;Zona Apta para el baño
PLAYA DE LOS LOCOS;18/06/2024;3 UFC/100 mL;1 NMP/100 mL;Zona Apta para el baño
PLAYA DE LOS LOCOS;11/06/2024;1 UFC/100 mL;1 NMP/100 mL;Zona Apta para el baño
PLAYA DE LOS LOCOS;04/06/2024;1 UFC/100 mL;1 NMP/100 mL;Zona Apta para el baño
PLAYA DE LOS LOCOS;27/05/2024;1 UFC/100 mL;1 NMP/100 mL;Zona Apta para el baño
PLAYA DE LOS LOCOS;12/09/2023;4 UFC/100 mL;31 NMP/100 mL;Zona Apta para el baño
PLAYA DE LOS LOCOS;05/09/2023;5 UFC/100 mL;52 NMP/100 mL;Zona Apta para el baño
PLAYA DE LOS LOCOS;29/08/2023;9 UFC/100 mL;1 NMP/100 mL;Zona Apta para el baño
PLAYA DE LOS LOCOS;22/08/2023;16 UFC/100 mL;52 NMP/100 mL;Zona Apta para el baño
PLAYA DE LOS LOCOS;14/08/2023;1 UFC/100 mL;20 NMP/100 mL;Zona Apta para el baño
PLAYA DE LOS LOCOS;08/08/2023;7 UFC/100 mL;20 NMP/100 mL;Zona Apta para el baño
PLAYA DE LOS LOCOS;01/08/2023;25 UFC/100 mL;20 NMP/100 mL;Zona Apta para el baño
PLAYA DE LOS LOCOS;25/07/2023;1 UFC/100 mL;1 NMP/100 mL;Zona Apta para el baño
PLAYA DE LOS LOCOS;18/07/2023;1 UFC/100 mL;20 NMP/100 mL;Zona Apta para el baño
PLAYA DE LOS LOCOS;11/07/2023;2 UFC/100 mL;1 NMP/100 mL;Zona Apta para el baño
PLAYA DE LOS LOCOS;05/07/2023;1 UFC/100 mL;1 NMP/100 mL;Zona Apta para el baño
PLAYA DE LOS LOCOS;27/06/2023;1 UFC/100 mL;1 NMP/100 mL;Zona Apta para el baño
PLAYA DE LOS LOCOS;21/06/2023;1 UFC/100 mL;85 NMP/100 mL;Zona Apta para el baño
PLAYA DE LOS LOCOS;13/06/2023;1 UFC/100 mL;10 NMP/100 mL;Zona Apta para el baño
PLAYA DE LOS LOCOS;06/06/2023;1 UFC/100 mL;1 NMP/100 mL;Zona Apta para el baño
PLAYA DE LOS LOCOS;18/05/2023;7 UFC/100 mL;1 NMP/100 mL;Zona Apta para el baño
PLAYA DE TORRELAMATA;09/09/2025;1 UFC/100 mL;1 NMP/100 mL;Zona Apta para el baño
PLAYA DE TORRELAMATA;02/09/2025;2 UFC/100 mL;10 NMP/100 mL;Zona Apta para el baño
PLAYA DE TORRELAMATA;26/08/2025;1 UFC/100 mL;1 NMP/100 mL;Zona Apta para el baño
PLAYA DE TORRELAMATA;19/08/2025;9 UFC/100 mL;20 NMP/100 mL;Zona Apta para el baño
PLAYA DE TORRELAMATA;12/08/2025;1 UFC/100 mL;1 NMP/100 mL;Zona Apta para el baño
PLAYA DE TORRELAMATA;05/08/2025;1 UFC/100 mL;10 NMP/100 mL;Zona Apta para el baño
PLAYA DE TORRELAMATA;29/07/2025;2 UFC/100 mL;1 NMP/100 mL;Zona Apta para el baño
PLAYA DE TORRELAMATA;22/07/2025;4 UFC/100 mL;20 NMP/100 mL;Zona Apta para el baño
PLAYA DE TORRELAMATA;15/07/2025;2 UFC/100 mL;120 NMP/100 mL;Zona Apta para el baño
PLAYA DE TORRELAMATA;08/07/2025;1 UFC/100 mL;1 NMP/100 mL;Zona Apta para el baño
PLAYA DE TORRELAMATA;01/07/2025;1 UFC/100 mL;1 NMP/100 mL;Zona Apta para el baño
PLAYA DE TORRELAMATA;20/06/2025;1 UFC/100 mL;1 NMP/100 mL;Zona Apta para el baño
PLAYA DE TORRELAMATA;10/06/2025;9 UFC/100 mL;9 NMP/100 mL;Zona Apta para el baño
PLAYA DE TORRELAMATA;27/05/2025;9 UFC/100 mL;9 NMP/100 mL;Zona Apta para el baño
PLAYA DE TORRELAMATA;03/09/2024;1 UFC/100 mL;1 NMP/100 mL;Zona Apta para el baño
PLAYA DE TORRELAMATA;27/08/2024;1 UFC/100 mL;1 NMP/100 mL;Zona Apta para el baño
PLAYA DE TORRELAMATA;20/08/2024;1 UFC/100 mL;1 NMP/100 mL;Zona Apta para el baño
PLAYA DE TORRELAMATA;13/08/2024;1 UFC/100 mL;1 NMP/100 mL;Zona Apta para el baño
PLAYA DE TORRELAMATA;06/08/2024;1 UFC/100 mL;1 NMP/100 mL;Zona Apta para el baño
PLAYA DE TORRELAMATA;30/07/2024;4 UFC/100 mL;1 NMP/100 mL;Zona Apta para el baño
PLAYA DE TORRELAMATA;23/07/2024;1 UFC/100 mL;1 NMP/100 mL;Zona Apta para el baño
PLAYA DE TORRELAMATA;16/07/2024;1 UFC/100 mL;52 NMP/100 mL;Zona Apta para el baño
PLAYA DE TORRELAMATA;09/07/2024;1 UFC/100 mL;1 NMP/100 mL;Zona Apta para el baño
PLAYA DE TORRELAMATA;02/07/2024;1 UFC/100 mL;1 NMP/100 mL;Zona Apta para el baño
PLAYA DE TORRELAMATA;26/06/2024;1 UFC/100 mL;1 NMP/100 mL;Zona Apta para el baño
PLAYA DE TORRELAMATA;18/06/2024;1 UFC/100 mL;1 NMP/100 mL;Zona Apta para el baño
PLAYA DE TORRELAMATA;11/06/2024;1 UFC/100 mL;1 NMP/100 mL;Zona Apta para el baño
PLAYA DE TORRELAMATA;04/06/2024;1 UFC/100 mL;1 NMP/100 mL;Zona Apta para el baño
PLAYA DE TORRELAMATA;27/05/2024;1 UFC/100 mL;1 NMP/100 mL;Zona Apta para el baño
PLAYA DE TORRELAMATA;12/09/2023;6 UFC/100 mL;52 NMP/100 mL;Zona Apta para el baño
PLAYA DE TORRELAMATA;05/09/2023;1 UFC/100 mL;20 NMP/100 mL;Zona Apta para el baño
PLAYA DE TORRELAMATA;29/08/2023;2 UFC/100 mL;1 NMP/100 mL;Zona Apta para el baño
PLAYA DE TORRELAMATA;22/08/2023;1 UFC/100 mL;41 NMP/100 mL;Zona Apta para el baño
PLAYA DE TORRELAMATA;14/08/2023;1 UFC/100 mL;1 NMP/100 mL;Zona Apta para el baño
PLAYA DE TORRELAMATA;08/08/2023;1 UFC/100 mL;1 NMP/100 mL;Zona Apta para el baño
PLAYA DE TORRELAMATA;01/08/2023;17 UFC/100 mL;20 NMP/100 mL;Zona Apta para el baño
PLAYA DE TORRELAMATA;25/07/2023;10 UFC/100 mL;1 NMP/100 mL;Zona Apta para el baño
PLAYA DE TORRELAMATA;18/07/2023;3 UFC/100 mL;1 NMP/100 mL;Zona Apta para el baño
PLAYA DE TORRELAMATA;11/07/2023;12 UFC/100 mL;10 NMP/100 mL;Zona Apta para el baño
PLAYA DE TORRELAMATA;05/07/2023;3 UFC/100 mL;63 NMP/100 mL;Zona Apta para el baño
PLAYA DE TORRELAMATA;27/06/2023;5 UFC/100 mL;10 NMP/100 mL;Zona Apta para el baño
PLAYA DE TORRELAMATA;21/06/2023;1 UFC/100 mL;1 NMP/100 mL;Zona Apta para el baño
PLAYA DE TORRELAMATA;13/06/2023;1 UFC/100 mL;1 NMP/100 mL;Zona Apta para el baño
PLAYA DE TORRELAMATA;06/06/2023;1 UFC/100 mL;1 NMP/100 mL;Zona Apta para el baño
PLAYA DE TORRELAMATA;18/05/2023;1 UFC/100 mL;1 NMP/100 mL;Zona Apta para el baño
PLAYA DEL CURA;09/09/2025;2 UFC/100 mL;20 NMP/100 mL;Zona Apta para el baño
PLAYA DEL CURA;02/09/2025;1 UFC/100 mL;1 NMP/100 mL;Zona Apta para el baño
PLAYA DEL CURA;26/08/2025;1 UFC/100 mL;1 NMP/100 mL;Zona Apta para el baño
PLAYA DEL CURA;19/08/2025;20 UFC/100 mL;20 NMP/100 mL;Zona Apta para el baño
PLAYA DEL CURA;12/08/2025;36 UFC/100 mL;73 NMP/100 mL;Zona Apta para el baño
PLAYA DEL CURA;05/08/2025;6 UFC/100 mL;1 NMP/100 mL;Zona Apta para el baño
PLAYA DEL CURA;29/07/2025;5 UFC/100 mL;1 NMP/100 mL;Zona Apta para el baño
PLAYA DEL CURA;22/07/2025;14 UFC/100 mL;10 NMP/100 mL;Zona Apta para el baño
PLAYA DEL CURA;15/07/2025;25 UFC/100 mL;10 NMP/100 mL;Zona Apta para el baño
PLAYA DEL CURA;08/07/2025;1 UFC/100 mL;1 NMP/100 mL;Zona Apta para el baño
PLAYA DEL CURA;01/07/2025;18 UFC/100 mL;52 NMP/100 mL;Zona Apta para el baño
PLAYA DEL CURA;20/06/2025;6 UFC/100 mL;10 NMP/100 mL;Zona Apta para el baño
PLAYA DEL CURA;10/06/2025;10 UFC/100 mL;9 NMP/100 mL;Zona Apta para el baño
PLAYA DEL CURA;27/05/2025;230 UFC/100 mL;9 NMP/100 mL;Zona Apta para el baño
PLAYA DEL CURA;03/09/2024;9 UFC/100 mL;41 NMP/100 mL;Zona Apta para el baño
PLAYA DEL CURA;27/08/2024;19 UFC/100 mL;1 NMP/100 mL;Zona Apta para el baño
PLAYA DEL CURA;20/08/2024;3 UFC/100 mL;1 NMP/100 mL;Zona Apta para el baño
PLAYA DEL CURA;13/08/2024;10 UFC/100 mL;10 NMP/100 mL;Zona Apta para el baño
PLAYA DEL CURA;06/08/2024;11 UFC/100 mL;1 NMP/100 mL;Zona Apta para el baño
PLAYA DEL CURA;30/07/2024;5 UFC/100 mL;1 NMP/100 mL;Zona Apta para el baño
PLAYA DEL CURA;23/07/2024;10 UFC/100 mL;1 NMP/100 mL;Zona Apta para el baño
PLAYA DEL CURA;16/07/2024;27 UFC/100 mL;1 NMP/100 mL;Zona Apta para el baño
PLAYA DEL CURA;09/07/2024;21 UFC/100 mL;1 NMP/100 mL;Zona Apta para el baño
PLAYA DEL CURA;02/07/2024;1 UFC/100 mL;1 NMP/100 mL;Zona Apta para el baño
PLAYA DEL CURA;26/06/2024;1 UFC/100 mL;1 NMP/100 mL;Zona Apta para el baño
PLAYA DEL CURA;18/06/2024;1 UFC/100 mL;1 NMP/100 mL;Zona Apta para el baño
PLAYA DEL CURA;11/06/2024;3 UFC/100 mL;20 NMP/100 mL;Zona Apta para el baño
PLAYA DEL CURA;04/06/2024;1 UFC/100 mL;1 NMP/100 mL;Zona Apta para el baño
PLAYA DEL CURA;27/05/2024;1 UFC/100 mL;1 NMP/100 mL;Zona Apta para el baño
PLAYA DEL CURA;12/09/2023;1 UFC/100 mL;20 NMP/100 mL;Zona Apta para el baño
PLAYA DEL CURA;05/09/2023;22 UFC/100 mL;20 NMP/100 mL;Zona Apta para el baño
PLAYA DEL CURA;29/08/2023;7 UFC/100 mL;1 NMP/100 mL;Zona Apta para el baño
PLAYA DEL CURA;22/08/2023;10 UFC/100 mL;1 NMP/100 mL;Zona Apta para el baño
PLAYA DEL CURA;14/08/2023;1 UFC/100 mL;1 NMP/100 mL;Zona Apta para el baño
PLAYA DEL CURA;08/08/2023;26 UFC/100 mL;1 NMP/100 mL;Zona Apta para el baño
PLAYA DEL CURA;01/08/2023;11 UFC/100 mL;10 NMP/100 mL;Zona Apta para el baño
PLAYA DEL CURA;18/07/2023;1 UFC/100 mL;1 NMP/100 mL;Zona Apta para el baño
PLAYA DEL CURA;11/07/2023;9 UFC/100 mL;1 NMP/100 mL;Zona Apta para el baño
PLAYA DEL CURA;05/07/2023;1 UFC/100 mL;1 NMP/100 mL;Zona Apta para el baño
PLAYA DEL CURA;27/06/2023;8 UFC/100 mL;1 NMP/100 mL;Zona Apta para el baño
PLAYA DEL CURA;21/06/2023;27 UFC/100 mL;20 NMP/100 mL;Zona Apta para el baño
PLAYA DEL CURA;13/06/2023;1 UFC/100 mL;20 NMP/100 mL;Zona Apta para el baño
PLAYA DEL CURA;06/06/2023;1 UFC/100 mL;1 NMP/100 mL;Zona Apta para el baño
PLAYA DEL CURA;18/05/2023;17 UFC/100 mL;20 NMP/100 mL;Zona Apta para el baño
PLAYA LOS NAUFRAGOS;09/09/2025;1 UFC/100 mL;1 NMP/100 mL;Zona Apta para el baño
PLAYA LOS NAUFRAGOS;02/09/2025;1 UFC/100 mL;1 NMP/100 mL;Zona Apta para el baño
PLAYA LOS NAUFRAGOS;26/08/2025;21 UFC/100 mL;20 NMP/100 mL;Zona Apta para el baño
PLAYA LOS NAUFRAGOS;19/08/2025;1 UFC/100 mL;1 NMP/100 mL;Zona Apta para el baño
PLAYA LOS NAUFRAGOS;12/08/2025;1 UFC/100 mL;1 NMP/100 mL;Zona Apta para el baño
PLAYA LOS NAUFRAGOS;05/08/2025;6 UFC/100 mL;1 NMP/100 mL;Zona Apta para el baño
PLAYA LOS NAUFRAGOS;29/07/2025;1 UFC/100 mL;30 NMP/100 mL;Zona Apta para el baño
PLAYA LOS NAUFRAGOS;22/07/2025;11 UFC/100 mL;1 NMP/100 mL;Zona Apta para el baño
PLAYA LOS NAUFRAGOS;15/07/2025;13 UFC/100 mL;1 NMP/100 mL;Zona Apta para el baño
PLAYA LOS NAUFRAGOS;08/07/2025;7 UFC/100 mL;1 NMP/100 mL;Zona Apta para el baño
PLAYA LOS NAUFRAGOS;01/07/2025;9 UFC/100 mL;10 NMP/100 mL;Zona Apta para el baño
PLAYA LOS NAUFRAGOS;20/06/2025;7 UFC/100 mL;1 NMP/100 mL;Zona Apta para el baño
PLAYA LOS NAUFRAGOS;10/06/2025;9 UFC/100 mL;9 NMP/100 mL;Zona Apta para el baño
PLAYA LOS NAUFRAGOS;27/05/2025;63 UFC/100 mL;9 NMP/100 mL;Zona Apta para el baño
PLAYA LOS NAUFRAGOS;03/09/2024;2 UFC/100 mL;1 NMP/100 mL;Zona Apta para el baño
PLAYA LOS NAUFRAGOS;27/08/2024;2 UFC/100 mL;1 NMP/100 mL;Zona Apta para el baño
PLAYA LOS NAUFRAGOS;20/08/2024;1 UFC/100 mL;1 NMP/100 mL;Zona Apta para el baño
PLAYA LOS NAUFRAGOS;13/08/2024;19 UFC/100 mL;1 NMP/100 mL;Zona Apta para el baño
PLAYA LOS NAUFRAGOS;06/08/2024;9 UFC/100 mL;1 NMP/100 mL;Zona Apta para el baño
PLAYA LOS NAUFRAGOS;30/07/2024;1 UFC/100 mL;1 NMP/100 mL;Zona Apta para el baño
PLAYA LOS NAUFRAGOS;23/07/2024;5 UFC/100 mL;1 NMP/100 mL;Zona Apta para el baño
PLAYA LOS NAUFRAGOS;16/07/2024;1 UFC/100 mL;10 NMP/100 mL;Zona Apta para el baño
PLAYA LOS NAUFRAGOS;09/07/2024;2 UFC/100 mL;10 NMP/100 mL;Zona Apta para el baño
PLAYA LOS NAUFRAGOS;02/07/2024;1 UFC/100 mL;1 NMP/100 mL;Zona Apta para el baño
PLAYA LOS NAUFRAGOS;26/06/2024;2 UFC/100 mL;10 NMP/100 mL;Zona Apta para el baño
PLAYA LOS NAUFRAGOS;18/06/2024;9 UFC/100 mL;10 NMP/100 mL;Zona Apta para el baño
PLAYA LOS NAUFRAGOS;11/06/2024;10 UFC/100 mL;10 NMP/100 mL;Zona Apta para el baño
PLAYA LOS NAUFRAGOS;04/06/2024;8 UFC/100 mL;1 NMP/100 mL;Zona Apta para el baño
PLAYA LOS NAUFRAGOS;27/05/2024;5 UFC/100 mL;10 NMP/100 mL;Zona Apta para el baño
PLAYA LOS NAUFRAGOS;12/09/2023;1 UFC/100 mL;1 NMP/100 mL;Zona Apta para el baño
PLAYA LOS NAUFRAGOS;05/09/2023;29 UFC/100 mL;150 NMP/100 mL;Zona Apta para el baño
PLAYA LOS NAUFRAGOS;29/08/2023;1 UFC/100 mL;1 NMP/100 mL;Zona Apta para el baño
PLAYA LOS NAUFRAGOS;22/08/2023;79 UFC/100 mL;1 NMP/100 mL;Zona Apta para el baño
PLAYA LOS NAUFRAGOS;14/08/2023;4 UFC/100 mL;1 NMP/100 mL;Zona Apta para el baño
PLAYA LOS NAUFRAGOS;08/08/2023;2 UFC/100 mL;1 NMP/100 mL;Zona Apta para el baño
PLAYA LOS NAUFRAGOS;01/08/2023;19 UFC/100 mL;20 NMP/100 mL;Zona Apta para el baño
PLAYA LOS NAUFRAGOS;25/07/2023;2 UFC/100 mL;41 NMP/100 mL;Zona Apta para el baño
PLAYA LOS NAUFRAGOS;18/07/2023;2 UFC/100 mL;1 NMP/100 mL;Zona Apta para el baño
PLAYA LOS NAUFRAGOS;11/07/2023;2 UFC/100 mL;1 NMP/100 mL;Zona Apta para el baño
PLAYA LOS NAUFRAGOS;05/07/2023;13 UFC/100 mL;1 NMP/100 mL;Zona Apta para el baño
PLAYA LOS NAUFRAGOS;27/06/2023;1 UFC/100 mL;1 NMP/100 mL;Zona Apta para el baño
PLAYA LOS NAUFRAGOS;21/06/2023;4 UFC/100 mL;1 NMP/100 mL;Zona Apta para el baño
PLAYA LOS NAUFRAGOS;13/06/2023;19 UFC/100 mL;1 NMP/100 mL;Zona Apta para el baño
PLAYA LOS NAUFRAGOS;06/06/2023;3 UFC/100 mL;10 NMP/100 mL;Zona Apta para el baño
PLAYA LOS NAUFRAGOS;18/05/2023;1 UFC/100 mL;1 NMP/100 mL;Zona Apta para el baño
CALA DE LAS PITERAS;09/09/2025;1 UFC/100 mL;1 NMP/100 mL;Zona Apta para el baño
CALA DE LAS PITERAS;02/09/2025;1 UFC/100 mL;1 NMP/100 mL;Zona Apta para el baño
CALA DE LAS PITERAS;26/08/2025;1 UFC/100 mL;1 NMP/100 mL;Zona Apta para el baño
CALA DE LAS PITERAS;19/08/2025;2 UFC/100 mL;1 NMP/100 mL;Zona Apta para el baño
CALA DE LAS PITERAS;12/08/2025;1 UFC/100 mL;10 NMP/100 mL;Zona Apta para el baño
CALA DE LAS PITERAS;05/08/2025;1 UFC/100 mL;1 NMP/100 mL;Zona Apta para el baño
CALA DE LAS PITERAS;29/07/2025;1 UFC/100 mL;10 NMP/100 mL;Zona Apta para el baño
CALA DE LAS PITERAS;22/07/2025;1 UFC/100 mL;1 NMP/100 mL;Zona Apta para el baño
CALA DE LAS PITERAS;15/07/2025;1 UFC/100 mL;10 NMP/100 mL;Zona Apta para el baño
CALA DE LAS PITERAS;08/07/2025;2 UFC/100 mL;20 NMP/100 mL;Zona Apta para el baño
CALA DE LAS PITERAS;01/07/2025;5 UFC/100 mL;1 NMP/100 mL;Zona Apta para el baño
CALA DE LAS PITERAS;20/06/2025;1 UFC/100 mL;1 NMP/100 mL;Zona Apta para el baño
CALA DE LAS PITERAS;10/06/2025;9 UFC/100 mL;9 NMP/100 mL;Zona Apta para el baño
CALA DE LAS PITERAS;27/05/2025;9 UFC/100 mL;9 NMP/100 mL;Zona Apta para el baño
CALA DE LAS PITERAS;03/09/2024;1 UFC/100 mL;1 NMP/100 mL;Zona Apta para el baño
CALA DE LAS PITERAS;27/08/2024;1 UFC/100 mL;30 NMP/100 mL;Zona Apta para el baño
CALA DE LAS PITERAS;20/08/2024;1 UFC/100 mL;1 NMP/100 mL;Zona Apta para el baño
CALA DE LAS PITERAS;13/08/2024;8 UFC/100 mL;10 NMP/100 mL;Zona Apta para el baño
CALA DE LAS PITERAS;06/08/2024;1 UFC/100 mL;10 NMP/100 mL;Zona Apta para el baño
CALA DE LAS PITERAS;30/07/2024;1 UFC/100 mL;1 NMP/100 mL;Zona Apta para el baño
CALA DE LAS PITERAS;23/07/2024;1 UFC/100 mL;1 NMP/100 mL;Zona Apta para el baño
CALA DE LAS PITERAS;16/07/2024;2 UFC/100 mL;10 NMP/100 mL;Zona Apta para el baño
CALA DE LAS PITERAS;09/07/2024;1 UFC/100 mL;1 NMP/100 mL;Zona Apta para el baño
CALA DE LAS PITERAS;02/07/2024;1 UFC/100 mL;1 NMP/100 mL;Zona Apta para el baño
CALA DE LAS PITERAS;26/06/2024;2 UFC/100 mL;1 NMP/100 mL;Zona Apta para el baño
CALA DE LAS PITERAS;18/06/2024;1 UFC/100 mL;1 NMP/100 mL;Zona Apta para el baño
CALA DE LAS PITERAS;11/06/2024;1 UFC/100 mL;1 NMP/100 mL;Zona Apta para el baño
CALA DE LAS PITERAS;04/06/2024;1 UFC/100 mL;1 NMP/100 mL;Zona Apta para el baño
CALA DE LAS PITERAS;27/05/2024;18 UFC/100 mL;1 NMP/100 mL;Zona Apta para el baño
CALA DE LAS PITERAS;12/09/2023;1 UFC/100 mL;20 NMP/100 mL;Zona Apta para el baño
CALA DE LAS PITERAS;05/09/2023;8 UFC/100 mL;1 NMP/100 mL;Zona Apta para el baño
CALA DE LAS PITERAS;29/08/2023;4 UFC/100 mL;84 NMP/100 mL;Zona Apta para el baño
CALA DE LAS PITERAS;22/08/2023;1 UFC/100 mL;30 NMP/100 mL;Zona Apta para el baño
CALA DE LAS PITERAS;14/08/2023;1 UFC/100 mL;1 NMP/100 mL;Zona Apta para el baño
CALA DE LAS PITERAS;08/08/2023;1 UFC/100 mL;1 NMP/100 mL;Zona Apta para el baño
CALA DE LAS PITERAS;01/08/2023;16 UFC/100 mL;20 NMP/100 mL;Zona Apta para el baño
CALA DE LAS PITERAS;25/07/2023;1 UFC/100 mL;1 NMP/100 mL;Zona Apta para el baño
CALA DE LAS PITERAS;18/07/2023;1 UFC/100 mL;20 NMP/100 mL;Zona Apta para el baño
CALA DE LAS PITERAS;11/07/2023;1 UFC/100 mL;1 NMP/100 mL;Zona Apta para el baño
CALA DE LAS PITERAS;05/07/2023;1 UFC/100 mL;1 NMP/100 mL;Zona Apta para el baño
CALA DE LAS PITERAS;27/06/2023;14 UFC/100 mL;1 NMP/100 mL;Zona Apta para el baño
CALA DE LAS PITERAS;21/06/2023;1 UFC/100 mL;1 NMP/100 mL;Zona Apta para el baño
CALA DE LAS PITERAS;13/06/2023;1 UFC/100 mL;1 NMP/100 mL;Zona Apta para el baño
CALA DE LAS PITERAS;06/06/2023;1 UFC/100 mL;1 NMP/100 mL;Zona Apta para el baño
CALA DE LAS PITERAS;18/05/2023;1 UFC/100 mL;1 NMP/100 mL;Zona Apta para el baño
