Sexo;Provincias;Municipios;Nacionalidad;Edad (grandes grupos);Periodo;Total
Total;03 Alicante/Alacant;03133 Torrevieja;Total;Todas las edades;1 de enero de 2022;83.547
Total;03 Alicante/Alacant;03133 Torrevieja;Total;Todas las edades;1 de enero de 2021;82.842
Total;03 Alicante/Alacant;03133 Torrevieja;Total;Todas las edades;1 de enero de 2020;84.667
Total;03 Alicante/Alacant;03133 Torrevieja;Total;Todas las edades;1 de enero de 2019;83.337
Total;03 Alicante/Alacant;03133 Torrevieja;Total;Todas las edades;1 de enero de 2018;82.599
Total;03 Alicante/Alacant;03133 Torrevieja;Total;Todas las edades;1 de enero de 2017;83.252
Total;03 Alicante/Alacant;03133 Torrevieja;Total;Todas las edades;1 de enero de 2016;84.213
Total;03 Alicante/Alacant;03133 Torrevieja;Total;Todas las edades;1 de enero de 2015;88.447
Total;03 Alicante/Alacant;03133 Torrevieja;Total;Todas las edades;1 de enero de 2014;91.415
Total;03 Alicante/Alacant;03133 Torrevieja;Total;Todas las edades;1 de enero de 2013;105.205
Total;03 Alicante/Alacant;03133 Torrevieja;Total;Todas las edades;1 de enero de 2012;103.720
Total;03 Alicante/Alacant;03133 Torrevieja;Total;Todas las edades;1 de enero de 2011;102.136
Total;03 Alicante/Alacant;03133 Torrevieja;Total;Todas las edades;1 de enero de 2010;101.091
Total;03 Alicante/Alacant;03133 Torrevieja;Total;Todas las edades;1 de enero de 2009;101.792
Total;03 Alicante/Alacant;03133 Torrevieja;Total;Todas las edades;1 de enero de 2008;101.381
Total;03 Alicante/Alacant;03133 Torrevieja;Total;Todas las edades;1 de enero de 2007;94.006
Total;03 Alicante/Alacant;03133 Torrevieja;Total;Todas las edades;1 de enero de 2006;92.034
Total;03 Alicante/Alacant;03133 Torrevieja;Total;Todas las edades;1 de enero de 2005;84.348
Total;03 Alicante/Alacant;03133 Torrevieja;Total;Todas las edades;1 de enero de 2004;75.530
Total;03 Alicante/Alacant;03133 Torrevieja;Total;Todas las edades;1 de enero de 2003;77.943
Total;03 Alicante/Alacant;03133 Torrevieja;Total;Menos de 16 años;1 de enero de 2022;11.753
Total;03 Alicante/Alacant;03133 Torrevieja;Total;Menos de 16 años;1 de enero de 2021;11.801
Total;03 Alicante/Alacant;03133 Torrevieja;Total;Menos de 16 años;1 de enero de 2020;12.253
Total;03 Alicante/Alacant;03133 Torrevieja;Total;Menos de 16 años;1 de enero de 2019;12.224
Total;03 Alicante/Alacant;03133 Torrevieja;Total;Menos de 16 años;1 de enero de 2018;12.254
Total;03 Alicante/Alacant;03133 Torrevieja;Total;Menos de 16 años;1 de enero de 2017;12.398
Total;03 Alicante/Alacant;03133 Torrevieja;Total;Menos de 16 años;1 de enero de 2016;12.536
Total;03 Alicante/Alacant;03133 Torrevieja;Total;Menos de 16 años;1 de enero de 2015;12.899
Total;03 Alicante/Alacant;03133 Torrevieja;Total;Menos de 16 años;1 de enero de 2014;12.858
Total;03 Alicante/Alacant;03133 Torrevieja;Total;Menos de 16 años;1 de enero de 2013;13.573
Total;03 Alicante/Alacant;03133 Torrevieja;Total;Menos de 16 años;1 de enero de 2012;13.487
Total;03 Alicante/Alacant;03133 Torrevieja;Total;Menos de 16 años;1 de enero de 2011;13.621
Total;03 Alicante/Alacant;03133 Torrevieja;Total;Menos de 16 años;1 de enero de 2010;13.692
Total;03 Alicante/Alacant;03133 Torrevieja;Total;Menos de 16 años;1 de enero de 2009;13.915
Total;03 Alicante/Alacant;03133 Torrevieja;Total;Menos de 16 años;1 de enero de 2008;13.963
Total;03 Alicante/Alacant;03133 Torrevieja;Total;Menos de 16 años;1 de enero de 2007;12.958
Total;03 Alicante/Alacant;03133 Torrevieja;Total;Menos de 16 años;1 de enero de 2006;12.396
Total;03 Alicante/Alacant;03133 Torrevieja;Total;Menos de 16 años;1 de enero de 2005;11.128
Total;03 Alicante/Alacant;03133 Torrevieja;Total;Menos de 16 años;1 de enero de 2004;10.273
Total;03 Alicante/Alacant;03133 Torrevieja;Total;Menos de 16 años;1 de enero de 2003;9.861
Total;03 Alicante/Alacant;03133 Torrevieja;Total;De 16 a 64 años;1 de enero de 2022;52.396
Total;03 Alicante/Alacant;03133 Torrevieja;Total;De 16 a 64 años;1 de enero de 2021;51.767
Total;03 Alicante/Alacant;03133 Torrevieja;Total;De 16 a 64 años;1 de enero de 2020;52.952
Total;03 Alicante/Alacant;03133 Torrevieja;Total;De 16 a 64 años;1 de enero de 2019;52.172
Total;03 Alicante/Alacant;03133 Torrevieja;Total;De 16 a 64 años;1 de enero de 2018;51.804
Total;03 Alicante/Alacant;03133 Torrevieja;Total;De 16 a 64 años;1 de enero de 2017;52.689
Total;03 Alicante/Alacant;03133 Torrevieja;Total;De 16 a 64 años;1 de enero de 2016;53.913
Total;03 Alicante/Alacant;03133 Torrevieja;Total;De 16 a 64 años;1 de enero de 2015;56.177
Total;03 Alicante/Alacant;03133 Torrevieja;Total;De 16 a 64 años;1 de enero de 2014;57.573
Total;03 Alicante/Alacant;03133 Torrevieja;Total;De 16 a 64 años;1 de enero de 2013;64.023
Total;03 Alicante/Alacant;03133 Torrevieja;Total;De 16 a 64 años;1 de enero de 2012;63.780
Total;03 Alicante/Alacant;03133 Torrevieja;Total;De 16 a 64 años;1 de enero de 2011;63.352
Total;03 Alicante/Alacant;03133 Torrevieja;Total;De 16 a 64 años;1 de enero de 2010;63.746
Total;03 Alicante/Alacant;03133 Torrevieja;Total;De 16 a 64 años;1 de enero de 2009;65.451
Total;03 Alicante/Alacant;03133 Torrevieja;Total;De 16 a 64 años;1 de enero de 2008;66.365
Total;03 Alicante/Alacant;03133 Torrevieja;Total;De 16 a 64 años;1 de enero de 2007;61.653
Total;03 Alicante/Alacant;03133 Torrevieja;Total;De 16 a 64 años;1 de enero de 2006;61.353
Total;03 Alicante/Alacant;03133 Torrevieja;Total;De 16 a 64 años;1 de enero de 2005;56.589
Total;03 Alicante/Alacant;03133 Torrevieja;Total;De 16 a 64 años;1 de enero de 2004;50.703
Total;03 Alicante/Alacant;03133 Torrevieja;Total;De 16 a 64 años;1 de enero de 2003;50.826
Total;03 Alicante/Alacant;03133 Torrevieja;Total;65 y más años;1 de enero de 2022;19.398
Total;03 Alicante/Alacant;03133 Torrevieja;Total;65 y más años;1 de enero de 2021;19.274
Total;03 Alicante/Alacant;03133 Torrevieja;Total;65 y más años;1 de enero de 2020;19.462
Total;03 Alicante/Alacant;03133 Torrevieja;Total;65 y más años;1 de enero de 2019;18.941
Total;03 Alicante/Alacant;03133 Torrevieja;Total;65 y más años;1 de enero de 2018;18.541
Total;03 Alicante/Alacant;03133 Torrevieja;Total;65 y más años;1 de enero de 2017;18.165
Total;03 Alicante/Alacant;03133 Torrevieja;Total;65 y más años;1 de enero de 2016;17.764
Total;03 Alicante/Alacant;03133 Torrevieja;Total;65 y más años;1 de enero de 2015;19.371
Total;03 Alicante/Alacant;03133 Torrevieja;Total;65 y más años;1 de enero de 2014;20.984
Total;03 Alicante/Alacant;03133 Torrevieja;Total;65 y más años;1 de enero de 2013;27.609
Total;03 Alicante/Alacant;03133 Torrevieja;Total;65 y más años;1 de enero de 2012;26.453
Total;03 Alicante/Alacant;03133 Torrevieja;Total;65 y más años;1 de enero de 2011;25.163
Total;03 Alicante/Alacant;03133 Torrevieja;Total;65 y más años;1 de enero de 2010;23.653
Total;03 Alicante/Alacant;03133 Torrevieja;Total;65 y más años;1 de enero de 2009;22.426
Total;03 Alicante/Alacant;03133 Torrevieja;Total;65 y más años;1 de enero de 2008;21.053
Total;03 Alicante/Alacant;03133 Torrevieja;Total;65 y más años;1 de enero de 2007;19.395
Total;03 Alicante/Alacant;03133 Torrevieja;Total;65 y más años;1 de enero de 2006;18.285
Total;03 Alicante/Alacant;03133 Torrevieja;Total;65 y más años;1 de enero de 2005;16.631
Total;03 Alicante/Alacant;03133 Torrevieja;Total;65 y más años;1 de enero de 2004;14.554
Total;03 Alicante/Alacant;03133 Torrevieja;Total;65 y más años;1 de enero de 2003;17.256
Total;03 Alicante/Alacant;03133 Torrevieja;Española;Todas las edades;1 de enero de 2022;49.586
Total;03 Alicante/Alacant;03133 Torrevieja;Española;Todas las edades;1 de enero de 2021;49.255
Total;03 Alicante/Alacant;03133 Torrevieja;Española;Todas las edades;1 de enero de 2020;49.602
Total;03 Alicante/Alacant;03133 Torrevieja;Española;Todas las edades;1 de enero de 2019;50.130
Total;03 Alicante/Alacant;03133 Torrevieja;Española;Todas las edades;1 de enero de 2018;50.566
Total;03 Alicante/Alacant;03133 Torrevieja;Española;Todas las edades;1 de enero de 2017;50.634
Total;03 Alicante/Alacant;03133 Torrevieja;Española;Todas las edades;1 de enero de 2016;50.548
Total;03 Alicante/Alacant;03133 Torrevieja;Española;Todas las edades;1 de enero de 2015;50.604
Total;03 Alicante/Alacant;03133 Torrevieja;Española;Todas las edades;1 de enero de 2014;49.981
Total;03 Alicante/Alacant;03133 Torrevieja;Española;Todas las edades;1 de enero de 2013;49.216
Total;03 Alicante/Alacant;03133 Torrevieja;Española;Todas las edades;1 de enero de 2012;48.851
Total;03 Alicante/Alacant;03133 Torrevieja;Española;Todas las edades;1 de enero de 2011;48.566
Total;03 Alicante/Alacant;03133 Torrevieja;Española;Todas las edades;1 de enero de 2010;47.759
Total;03 Alicante/Alacant;03133 Torrevieja;Española;Todas las edades;1 de enero de 2009;47.465
Total;03 Alicante/Alacant;03133 Torrevieja;Española;Todas las edades;1 de enero de 2008;47.099
Total;03 Alicante/Alacant;03133 Torrevieja;Española;Todas las edades;1 de enero de 2007;46.227
Total;03 Alicante/Alacant;03133 Torrevieja;Española;Todas las edades;1 de enero de 2006;45.697
Total;03 Alicante/Alacant;03133 Torrevieja;Española;Todas las edades;1 de enero de 2005;44.160
Total;03 Alicante/Alacant;03133 Torrevieja;Española;Todas las edades;1 de enero de 2004;42.989
Total;03 Alicante/Alacant;03133 Torrevieja;Española;Todas las edades;1 de enero de 2003;41.852
Total;03 Alicante/Alacant;03133 Torrevieja;Española;Menos de 16 años;1 de enero de 2022;7.362
Total;03 Alicante/Alacant;03133 Torrevieja;Española;Menos de 16 años;1 de enero de 2021;7.391
Total;03 Alicante/Alacant;03133 Torrevieja;Española;Menos de 16 años;1 de enero de 2020;7.506
Total;03 Alicante/Alacant;03133 Torrevieja;Española;Menos de 16 años;1 de enero de 2019;7.830
Total;03 Alicante/Alacant;03133 Torrevieja;Española;Menos de 16 años;1 de enero de 2018;8.089
Total;03 Alicante/Alacant;03133 Torrevieja;Española;Menos de 16 años;1 de enero de 2017;8.147
Total;03 Alicante/Alacant;03133 Torrevieja;Española;Menos de 16 años;1 de enero de 2016;8.248
Total;03 Alicante/Alacant;03133 Torrevieja;Española;Menos de 16 años;1 de enero de 2015;8.274
Total;03 Alicante/Alacant;03133 Torrevieja;Española;Menos de 16 años;1 de enero de 2014;8.114
Total;03 Alicante/Alacant;03133 Torrevieja;Española;Menos de 16 años;1 de enero de 2013;8.085
Total;03 Alicante/Alacant;03133 Torrevieja;Española;Menos de 16 años;1 de enero de 2012;7.958
Total;03 Alicante/Alacant;03133 Torrevieja;Española;Menos de 16 años;1 de enero de 2011;8.057
Total;03 Alicante/Alacant;03133 Torrevieja;Española;Menos de 16 años;1 de enero de 2010;7.924
Total;03 Alicante/Alacant;03133 Torrevieja;Española;Menos de 16 años;1 de enero de 2009;7.922
Total;03 Alicante/Alacant;03133 Torrevieja;Española;Menos de 16 años;1 de enero de 2008;7.953
Total;03 Alicante/Alacant;03133 Torrevieja;Española;Menos de 16 años;1 de enero de 2007;7.851
Total;03 Alicante/Alacant;03133 Torrevieja;Española;Menos de 16 años;1 de enero de 2006;7.754
Total;03 Alicante/Alacant;03133 Torrevieja;Española;Menos de 16 años;1 de enero de 2005;7.261
Total;03 Alicante/Alacant;03133 Torrevieja;Española;Menos de 16 años;1 de enero de 2004;7.138
Total;03 Alicante/Alacant;03133 Torrevieja;Española;Menos de 16 años;1 de enero de 2003;6.895
Total;03 Alicante/Alacant;03133 Torrevieja;Española;De 16 a 64 años;1 de enero de 2022;30.131
Total;03 Alicante/Alacant;03133 Torrevieja;Española;De 16 a 64 años;1 de enero de 2021;29.788
Total;03 Alicante/Alacant;03133 Torrevieja;Española;De 16 a 64 años;1 de enero de 2020;29.979
Total;03 Alicante/Alacant;03133 Torrevieja;Española;De 16 a 64 años;1 de enero de 2019;30.273
Total;03 Alicante/Alacant;03133 Torrevieja;Española;De 16 a 64 años;1 de enero de 2018;30.554
Total;03 Alicante/Alacant;03133 Torrevieja;Española;De 16 a 64 años;1 de enero de 2017;30.686
Total;03 Alicante/Alacant;03133 Torrevieja;Española;De 16 a 64 años;1 de enero de 2016;30.586
Total;03 Alicante/Alacant;03133 Torrevieja;Española;De 16 a 64 años;1 de enero de 2015;30.672
Total;03 Alicante/Alacant;03133 Torrevieja;Española;De 16 a 64 años;1 de enero de 2014;30.248
Total;03 Alicante/Alacant;03133 Torrevieja;Española;De 16 a 64 años;1 de enero de 2013;29.919
Total;03 Alicante/Alacant;03133 Torrevieja;Española;De 16 a 64 años;1 de enero de 2012;29.912
Total;03 Alicante/Alacant;03133 Torrevieja;Española;De 16 a 64 años;1 de enero de 2011;29.706
Total;03 Alicante/Alacant;03133 Torrevieja;Española;De 16 a 64 años;1 de enero de 2010;29.428
Total;03 Alicante/Alacant;03133 Torrevieja;Española;De 16 a 64 años;1 de enero de 2009;29.494
Total;03 Alicante/Alacant;03133 Torrevieja;Española;De 16 a 64 años;1 de enero de 2008;29.516
Total;03 Alicante/Alacant;03133 Torrevieja;Española;De 16 a 64 años;1 de enero de 2007;29.047
Total;03 Alicante/Alacant;03133 Torrevieja;Española;De 16 a 64 años;1 de enero de 2006;28.789
Total;03 Alicante/Alacant;03133 Torrevieja;Española;De 16 a 64 años;1 de enero de 2005;28.167
Total;03 Alicante/Alacant;03133 Torrevieja;Española;De 16 a 64 años;1 de enero de 2004;27.476
Total;03 Alicante/Alacant;03133 Torrevieja;Española;De 16 a 64 años;1 de enero de 2003;26.913
Total;03 Alicante/Alacant;03133 Torrevieja;Española;65 y más años;1 de enero de 2022;12.093
Total;03 Alicante/Alacant;03133 Torrevieja;Española;65 y más años;1 de enero de 2021;12.076
Total;03 Alicante/Alacant;03133 Torrevieja;Española;65 y más años;1 de enero de 2020;12.117
Total;03 Alicante/Alacant;03133 Torrevieja;Española;65 y más años;1 de enero de 2019;12.027
Total;03 Alicante/Alacant;03133 Torrevieja;Española;65 y más años;1 de enero de 2018;11.923
Total;03 Alicante/Alacant;03133 Torrevieja;Española;65 y más años;1 de enero de 2017;11.801
Total;03 Alicante/Alacant;03133 Torrevieja;Española;65 y más años;1 de enero de 2016;11.714
Total;03 Alicante/Alacant;03133 Torrevieja;Española;65 y más años;1 de enero de 2015;11.658
Total;03 Alicante/Alacant;03133 Torrevieja;Española;65 y más años;1 de enero de 2014;11.619
Total;03 Alicante/Alacant;03133 Torrevieja;Española;65 y más años;1 de enero de 2013;11.212
Total;03 Alicante/Alacant;03133 Torrevieja;Española;65 y más años;1 de enero de 2012;10.981
Total;03 Alicante/Alacant;03133 Torrevieja;Española;65 y más años;1 de enero de 2011;10.803
Total;03 Alicante/Alacant;03133 Torrevieja;Española;65 y más años;1 de enero de 2010;10.407
Total;03 Alicante/Alacant;03133 Torrevieja;Española;65 y más años;1 de enero de 2009;10.049
Total;03 Alicante/Alacant;03133 Torrevieja;Española;65 y más años;1 de enero de 2008;9.630
Total;03 Alicante/Alacant;03133 Torrevieja;Española;65 y más años;1 de enero de 2007;9.329
Total;03 Alicante/Alacant;03133 Torrevieja;Española;65 y más años;1 de enero de 2006;9.154
Total;03 Alicante/Alacant;03133 Torrevieja;Española;65 y más años;1 de enero de 2005;8.732
Total;03 Alicante/Alacant;03133 Torrevieja;Española;65 y más años;1 de enero de 2004;8.375
Total;03 Alicante/Alacant;03133 Torrevieja;Española;65 y más años;1 de enero de 2003;8.044
Total;03 Alicante/Alacant;03133 Torrevieja;Extranjera;Todas las edades;1 de enero de 2022;33.961
Total;03 Alicante/Alacant;03133 Torrevieja;Extranjera;Todas las edades;1 de enero de 2021;33.587
Total;03 Alicante/Alacant;03133 Torrevieja;Extranjera;Todas las edades;1 de enero de 2020;35.065
Total;03 Alicante/Alacant;03133 Torrevieja;Extranjera;Todas las edades;1 de enero de 2019;33.207
Total;03 Alicante/Alacant;03133 Torrevieja;Extranjera;Todas las edades;1 de enero de 2018;32.033
Total;03 Alicante/Alacant;03133 Torrevieja;Extranjera;Todas las edades;1 de enero de 2017;32.618
Total;03 Alicante/Alacant;03133 Torrevieja;Extranjera;Todas las edades;1 de enero de 2016;33.665
Total;03 Alicante/Alacant;03133 Torrevieja;Extranjera;Todas las edades;1 de enero de 2015;37.843
Total;03 Alicante/Alacant;03133 Torrevieja;Extranjera;Todas las edades;1 de enero de 2014;41.434
Total;03 Alicante/Alacant;03133 Torrevieja;Extranjera;Todas las edades;1 de enero de 2013;55.989
Total;03 Alicante/Alacant;03133 Torrevieja;Extranjera;Todas las edades;1 de enero de 2012;54.869
Total;03 Alicante/Alacant;03133 Torrevieja;Extranjera;Todas las edades;1 de enero de 2011;53.570
Total;03 Alicante/Alacant;03133 Torrevieja;Extranjera;Todas las edades;1 de enero de 2010;53.332
Total;03 Alicante/Alacant;03133 Torrevieja;Extranjera;Todas las edades;1 de enero de 2009;54.327
Total;03 Alicante/Alacant;03133 Torrevieja;Extranjera;Todas las edades;1 de enero de 2008;54.282
Total;03 Alicante/Alacant;03133 Torrevieja;Extranjera;Todas las edades;1 de enero de 2007;47.779
Total;03 Alicante/Alacant;03133 Torrevieja;Extranjera;Todas las edades;1 de enero de 2006;46.337
Total;03 Alicante/Alacant;03133 Torrevieja;Extranjera;Todas las edades;1 de enero de 2005;40.188
Total;03 Alicante/Alacant;03133 Torrevieja;Extranjera;Todas las edades;1 de enero de 2004;32.541
Total;03 Alicante/Alacant;03133 Torrevieja;Extranjera;Todas las edades;1 de enero de 2003;36.091
Total;03 Alicante/Alacant;03133 Torrevieja;Extranjera;Menos de 16 años;1 de enero de 2022;4.391
Total;03 Alicante/Alacant;03133 Torrevieja;Extranjera;Menos de 16 años;1 de enero de 2021;4.410
Total;03 Alicante/Alacant;03133 Torrevieja;Extranjera;Menos de 16 años;1 de enero de 2020;4.747
Total;03 Alicante/Alacant;03133 Torrevieja;Extranjera;Menos de 16 años;1 de enero de 2019;4.394
Total;03 Alicante/Alacant;03133 Torrevieja;Extranjera;Menos de 16 años;1 de enero de 2018;4.165
Total;03 Alicante/Alacant;03133 Torrevieja;Extranjera;Menos de 16 años;1 de enero de 2017;4.251
Total;03 Alicante/Alacant;03133 Torrevieja;Extranjera;Menos de 16 años;1 de enero de 2016;4.288
Total;03 Alicante/Alacant;03133 Torrevieja;Extranjera;Menos de 16 años;1 de enero de 2015;4.625
Total;03 Alicante/Alacant;03133 Torrevieja;Extranjera;Menos de 16 años;1 de enero de 2014;4.744
Total;03 Alicante/Alacant;03133 Torrevieja;Extranjera;Menos de 16 años;1 de enero de 2013;5.488
Total;03 Alicante/Alacant;03133 Torrevieja;Extranjera;Menos de 16 años;1 de enero de 2012;5.529
Total;03 Alicante/Alacant;03133 Torrevieja;Extranjera;Menos de 16 años;1 de enero de 2011;5.564
Total;03 Alicante/Alacant;03133 Torrevieja;Extranjera;Menos de 16 años;1 de enero de 2010;5.768
Total;03 Alicante/Alacant;03133 Torrevieja;Extranjera;Menos de 16 años;1 de enero de 2009;5.993
Total;03 Alicante/Alacant;03133 Torrevieja;Extranjera;Menos de 16 años;1 de enero de 2008;6.010
Total;03 Alicante/Alacant;03133 Torrevieja;Extranjera;Menos de 16 años;1 de enero de 2007;5.107
Total;03 Alicante/Alacant;03133 Torrevieja;Extranjera;Menos de 16 años;1 de enero de 2006;4.642
Total;03 Alicante/Alacant;03133 Torrevieja;Extranjera;Menos de 16 años;1 de enero de 2005;3.867
Total;03 Alicante/Alacant;03133 Torrevieja;Extranjera;Menos de 16 años;1 de enero de 2004;3.135
Total;03 Alicante/Alacant;03133 Torrevieja;Extranjera;Menos de 16 años;1 de enero de 2003;2.966
Total;03 Alicante/Alacant;03133 Torrevieja;Extranjera;De 16 a 64 años;1 de enero de 2022;22.265
Total;03 Alicante/Alacant;03133 Torrevieja;Extranjera;De 16 a 64 años;1 de enero de 2021;21.979
Total;03 Alicante/Alacant;03133 Torrevieja;Extranjera;De 16 a 64 años;1 de enero de 2020;22.973
Total;03 Alicante/Alacant;03133 Torrevieja;Extranjera;De 16 a 64 años;1 de enero de 2019;21.899
Total;03 Alicante/Alacant;03133 Torrevieja;Extranjera;De 16 a 64 años;1 de enero de 2018;21.250
Total;03 Alicante/Alacant;03133 Torrevieja;Extranjera;De 16 a 64 años;1 de enero de 2017;22.003
Total;03 Alicante/Alacant;03133 Torrevieja;Extranjera;De 16 a 64 años;1 de enero de 2016;23.327
Total;03 Alicante/Alacant;03133 Torrevieja;Extranjera;De 16 a 64 años;1 de enero de 2015;25.505
Total;03 Alicante/Alacant;03133 Torrevieja;Extranjera;De 16 a 64 años;1 de enero de 2014;27.325
Total;03 Alicante/Alacant;03133 Torrevieja;Extranjera;De 16 a 64 años;1 de enero de 2013;34.104
Total;03 Alicante/Alacant;03133 Torrevieja;Extranjera;De 16 a 64 años;1 de enero de 2012;33.868
Total;03 Alicante/Alacant;03133 Torrevieja;Extranjera;De 16 a 64 años;1 de enero de 2011;33.646
Total;03 Alicante/Alacant;03133 Torrevieja;Extranjera;De 16 a 64 años;1 de enero de 2010;34.318
Total;03 Alicante/Alacant;03133 Torrevieja;Extranjera;De 16 a 64 años;1 de enero de 2009;35.957
Total;03 Alicante/Alacant;03133 Torrevieja;Extranjera;De 16 a 64 años;1 de enero de 2008;36.849
Total;03 Alicante/Alacant;03133 Torrevieja;Extranjera;De 16 a 64 años;1 de enero de 2007;32.606
Total;03 Alicante/Alacant;03133 Torrevieja;Extranjera;De 16 a 64 años;1 de enero de 2006;32.564
Total;03 Alicante/Alacant;03133 Torrevieja;Extranjera;De 16 a 64 años;1 de enero de 2005;28.422
Total;03 Alicante/Alacant;03133 Torrevieja;Extranjera;De 16 a 64 años;1 de enero de 2004;23.227
Total;03 Alicante/Alacant;03133 Torrevieja;Extranjera;De 16 a 64 años;1 de enero de 2003;23.913
Total;03 Alicante/Alacant;03133 Torrevieja;Extranjera;65 y más años;1 de enero de 2022;7.305
Total;03 Alicante/Alacant;03133 Torrevieja;Extranjera;65 y más años;1 de enero de 2021;7.198
Total;03 Alicante/Alacant;03133 Torrevieja;Extranjera;65 y más años;1 de enero de 2020;7.345
Total;03 Alicante/Alacant;03133 Torrevieja;Extranjera;65 y más años;1 de enero de 2019;6.914
Total;03 Alicante/Alacant;03133 Torrevieja;Extranjera;65 y más años;1 de enero de 2018;6.618
Total;03 Alicante/Alacant;03133 Torrevieja;Extranjera;65 y más años;1 de enero de 2017;6.364
Total;03 Alicante/Alacant;03133 Torrevieja;Extranjera;65 y más años;1 de enero de 2016;6.050
Total;03 Alicante/Alacant;03133 Torrevieja;Extranjera;65 y más años;1 de enero de 2015;7.713
Total;03 Alicante/Alacant;03133 Torrevieja;Extranjera;65 y más años;1 de enero de 2014;9.365
Total;03 Alicante/Alacant;03133 Torrevieja;Extranjera;65 y más años;1 de enero de 2013;16.397
Total;03 Alicante/Alacant;03133 Torrevieja;Extranjera;65 y más años;1 de enero de 2012;15.472
Total;03 Alicante/Alacant;03133 Torrevieja;Extranjera;65 y más años;1 de enero de 2011;14.360
Total;03 Alicante/Alacant;03133 Torrevieja;Extranjera;65 y más años;1 de enero de 2010;13.246
Total;03 Alicante/Alacant;03133 Torrevieja;Extranjera;65 y más años;1 de enero de 2009;12.377
Total;03 Alicante/Alacant;03133 Torrevieja;Extranjera;65 y más años;1 de enero de 2008;11.423
Total;03 Alicante/Alacant;03133 Torrevieja;Extranjera;65 y más años;1 de enero de 2007;10.066
Total;03 Alicante/Alacant;03133 Torrevieja;Extranjera;65 y más años;1 de enero de 2006;9.131
Total;03 Alicante/Alacant;03133 Torrevieja;Extranjera;65 y más años;1 de enero de 2005;7.899
Total;03 Alicante/Alacant;03133 Torrevieja;Extranjera;65 y más años;1 de enero de 2004;6.179
Total;03 Alicante/Alacant;03133 Torrevieja;Extranjera;65 y más años;1 de enero de 2003;9.212
Hombres;03 Alicante/Alacant;03133 Torrevieja;Total;Todas las edades;1 de enero de 2022;41.023
Hombres;03 Alicante/Alacant;03133 Torrevieja;Total;Todas las edades;1 de enero de 2021;40.721
Hombres;03 Alicante/Alacant;03133 Torrevieja;Total;Todas las edades;1 de enero de 2020;41.717
Hombres;03 Alicante/Alacant;03133 Torrevieja;Total;Todas las edades;1 de enero de 2019;41.269
Hombres;03 Alicante/Alacant;03133 Torrevieja;Total;Todas las edades;1 de enero de 2018;41.038
Hombres;03 Alicante/Alacant;03133 Torrevieja;Total;Todas las edades;1 de enero de 2017;41.527
Hombres;03 Alicante/Alacant;03133 Torrevieja;Total;Todas las edades;1 de enero de 2016;42.302
Hombres;03 Alicante/Alacant;03133 Torrevieja;Total;Todas las edades;1 de enero de 2015;44.526
Hombres;03 Alicante/Alacant;03133 Torrevieja;Total;Todas las edades;1 de enero de 2014;46.089
Hombres;03 Alicante/Alacant;03133 Torrevieja;Total;Todas las edades;1 de enero de 2013;53.027
Hombres;03 Alicante/Alacant;03133 Torrevieja;Total;Todas las edades;1 de enero de 2012;52.271
Hombres;03 Alicante/Alacant;03133 Torrevieja;Total;Todas las edades;1 de enero de 2011;51.446
Hombres;03 Alicante/Alacant;03133 Torrevieja;Total;Todas las edades;1 de enero de 2010;51.161
Hombres;03 Alicante/Alacant;03133 Torrevieja;Total;Todas las edades;1 de enero de 2009;51.781
Hombres;03 Alicante/Alacant;03133 Torrevieja;Total;Todas las edades;1 de enero de 2008;52.035
Hombres;03 Alicante/Alacant;03133 Torrevieja;Total;Todas las edades;1 de enero de 2007;48.362
Hombres;03 Alicante/Alacant;03133 Torrevieja;Total;Todas las edades;1 de enero de 2006;47.714
Hombres;03 Alicante/Alacant;03133 Torrevieja;Total;Todas las edades;1 de enero de 2005;43.440
Hombres;03 Alicante/Alacant;03133 Torrevieja;Total;Todas las edades;1 de enero de 2004;38.709
Hombres;03 Alicante/Alacant;03133 Torrevieja;Total;Todas las edades;1 de enero de 2003;39.515
Hombres;03 Alicante/Alacant;03133 Torrevieja;Total;Menos de 16 años;1 de enero de 2022;6.084
Hombres;03 Alicante/Alacant;03133 Torrevieja;Total;Menos de 16 años;1 de enero de 2021;6.134
Hombres;03 Alicante/Alacant;03133 Torrevieja;Total;Menos de 16 años;1 de enero de 2020;6.380
Hombres;03 Alicante/Alacant;03133 Torrevieja;Total;Menos de 16 años;1 de enero de 2019;6.353
Hombres;03 Alicante/Alacant;03133 Torrevieja;Total;Menos de 16 años;1 de enero de 2018;6.336
Hombres;03 Alicante/Alacant;03133 Torrevieja;Total;Menos de 16 años;1 de enero de 2017;6.428
Hombres;03 Alicante/Alacant;03133 Torrevieja;Total;Menos de 16 años;1 de enero de 2016;6.546
Hombres;03 Alicante/Alacant;03133 Torrevieja;Total;Menos de 16 años;1 de enero de 2015;6.689
Hombres;03 Alicante/Alacant;03133 Torrevieja;Total;Menos de 16 años;1 de enero de 2014;6.651
Hombres;03 Alicante/Alacant;03133 Torrevieja;Total;Menos de 16 años;1 de enero de 2013;7.006
Hombres;03 Alicante/Alacant;03133 Torrevieja;Total;Menos de 16 años;1 de enero de 2012;6.973
Hombres;03 Alicante/Alacant;03133 Torrevieja;Total;Menos de 16 años;1 de enero de 2011;7.019
Hombres;03 Alicante/Alacant;03133 Torrevieja;Total;Menos de 16 años;1 de enero de 2010;7.087
Hombres;03 Alicante/Alacant;03133 Torrevieja;Total;Menos de 16 años;1 de enero de 2009;7.218
Hombres;03 Alicante/Alacant;03133 Torrevieja;Total;Menos de 16 años;1 de enero de 2008;7.273
Hombres;03 Alicante/Alacant;03133 Torrevieja;Total;Menos de 16 años;1 de enero de 2007;6.771
Hombres;03 Alicante/Alacant;03133 Torrevieja;Total;Menos de 16 años;1 de enero de 2006;6.479
Hombres;03 Alicante/Alacant;03133 Torrevieja;Total;Menos de 16 años;1 de enero de 2005;5.747
Hombres;03 Alicante/Alacant;03133 Torrevieja;Total;Menos de 16 años;1 de enero de 2004;5.275
Hombres;03 Alicante/Alacant;03133 Torrevieja;Total;Menos de 16 años;1 de enero de 2003;5.080
Hombres;03 Alicante/Alacant;03133 Torrevieja;Total;De 16 a 64 años;1 de enero de 2022;26.021
Hombres;03 Alicante/Alacant;03133 Torrevieja;Total;De 16 a 64 años;1 de enero de 2021;25.720
Hombres;03 Alicante/Alacant;03133 Torrevieja;Total;De 16 a 64 años;1 de enero de 2020;26.377
Hombres;03 Alicante/Alacant;03133 Torrevieja;Total;De 16 a 64 años;1 de enero de 2019;26.191
Hombres;03 Alicante/Alacant;03133 Torrevieja;Total;De 16 a 64 años;1 de enero de 2018;26.118
Hombres;03 Alicante/Alacant;03133 Torrevieja;Total;De 16 a 64 años;1 de enero de 2017;26.665
Hombres;03 Alicante/Alacant;03133 Torrevieja;Total;De 16 a 64 años;1 de enero de 2016;27.459
Hombres;03 Alicante/Alacant;03133 Torrevieja;Total;De 16 a 64 años;1 de enero de 2015;28.740
Hombres;03 Alicante/Alacant;03133 Torrevieja;Total;De 16 a 64 años;1 de enero de 2014;29.476
Hombres;03 Alicante/Alacant;03133 Torrevieja;Total;De 16 a 64 años;1 de enero de 2013;32.626
Hombres;03 Alicante/Alacant;03133 Torrevieja;Total;De 16 a 64 años;1 de enero de 2012;32.353
Hombres;03 Alicante/Alacant;03133 Torrevieja;Total;De 16 a 64 años;1 de enero de 2011;32.062
Hombres;03 Alicante/Alacant;03133 Torrevieja;Total;De 16 a 64 años;1 de enero de 2010;32.413
Hombres;03 Alicante/Alacant;03133 Torrevieja;Total;De 16 a 64 años;1 de enero de 2009;33.461
Hombres;03 Alicante/Alacant;03133 Torrevieja;Total;De 16 a 64 años;1 de enero de 2008;34.231
Hombres;03 Alicante/Alacant;03133 Torrevieja;Total;De 16 a 64 años;1 de enero de 2007;31.881
Hombres;03 Alicante/Alacant;03133 Torrevieja;Total;De 16 a 64 años;1 de enero de 2006;32.093
Hombres;03 Alicante/Alacant;03133 Torrevieja;Total;De 16 a 64 años;1 de enero de 2005;29.351
Hombres;03 Alicante/Alacant;03133 Torrevieja;Total;De 16 a 64 años;1 de enero de 2004;26.066
Hombres;03 Alicante/Alacant;03133 Torrevieja;Total;De 16 a 64 años;1 de enero de 2003;25.696
Hombres;03 Alicante/Alacant;03133 Torrevieja;Total;65 y más años;1 de enero de 2022;8.918
Hombres;03 Alicante/Alacant;03133 Torrevieja;Total;65 y más años;1 de enero de 2021;8.867
Hombres;03 Alicante/Alacant;03133 Torrevieja;Total;65 y más años;1 de enero de 2020;8.960
Hombres;03 Alicante/Alacant;03133 Torrevieja;Total;65 y más años;1 de enero de 2019;8.725
Hombres;03 Alicante/Alacant;03133 Torrevieja;Total;65 y más años;1 de enero de 2018;8.584
Hombres;03 Alicante/Alacant;03133 Torrevieja;Total;65 y más años;1 de enero de 2017;8.434
Hombres;03 Alicante/Alacant;03133 Torrevieja;Total;65 y más años;1 de enero de 2016;8.297
Hombres;03 Alicante/Alacant;03133 Torrevieja;Total;65 y más años;1 de enero de 2015;9.097
Hombres;03 Alicante/Alacant;03133 Torrevieja;Total;65 y más años;1 de enero de 2014;9.962
Hombres;03 Alicante/Alacant;03133 Torrevieja;Total;65 y más años;1 de enero de 2013;13.395
Hombres;03 Alicante/Alacant;03133 Torrevieja;Total;65 y más años;1 de enero de 2012;12.945
Hombres;03 Alicante/Alacant;03133 Torrevieja;Total;65 y más años;1 de enero de 2011;12.365
Hombres;03 Alicante/Alacant;03133 Torrevieja;Total;65 y más años;1 de enero de 2010;11.661
Hombres;03 Alicante/Alacant;03133 Torrevieja;Total;65 y más años;1 de enero de 2009;11.102
Hombres;03 Alicante/Alacant;03133 Torrevieja;Total;65 y más años;1 de enero de 2008;10.531
Hombres;03 Alicante/Alacant;03133 Torrevieja;Total;65 y más años;1 de enero de 2007;9.710
Hombres;03 Alicante/Alacant;03133 Torrevieja;Total;65 y más años;1 de enero de 2006;9.142
Hombres;03 Alicante/Alacant;03133 Torrevieja;Total;65 y más años;1 de enero de 2005;8.342
Hombres;03 Alicante/Alacant;03133 Torrevieja;Total;65 y más años;1 de enero de 2004;7.368
Hombres;03 Alicante/Alacant;03133 Torrevieja;Total;65 y más años;1 de enero de 2003;8.739
Hombres;03 Alicante/Alacant;03133 Torrevieja;Española;Todas las edades;1 de enero de 2022;24.426
Hombres;03 Alicante/Alacant;03133 Torrevieja;Española;Todas las edades;1 de enero de 2021;24.259
Hombres;03 Alicante/Alacant;03133 Torrevieja;Española;Todas las edades;1 de enero de 2020;24.443
Hombres;03 Alicante/Alacant;03133 Torrevieja;Española;Todas las edades;1 de enero de 2019;24.739
Hombres;03 Alicante/Alacant;03133 Torrevieja;Española;Todas las edades;1 de enero de 2018;24.999
Hombres;03 Alicante/Alacant;03133 Torrevieja;Española;Todas las edades;1 de enero de 2017;25.058
Hombres;03 Alicante/Alacant;03133 Torrevieja;Española;Todas las edades;1 de enero de 2016;24.954
Hombres;03 Alicante/Alacant;03133 Torrevieja;Española;Todas las edades;1 de enero de 2015;24.958
Hombres;03 Alicante/Alacant;03133 Torrevieja;Española;Todas las edades;1 de enero de 2014;24.606
Hombres;03 Alicante/Alacant;03133 Torrevieja;Española;Todas las edades;1 de enero de 2013;24.217
Hombres;03 Alicante/Alacant;03133 Torrevieja;Española;Todas las edades;1 de enero de 2012;24.038
Hombres;03 Alicante/Alacant;03133 Torrevieja;Española;Todas las edades;1 de enero de 2011;23.895
Hombres;03 Alicante/Alacant;03133 Torrevieja;Española;Todas las edades;1 de enero de 2010;23.547
Hombres;03 Alicante/Alacant;03133 Torrevieja;Española;Todas las edades;1 de enero de 2009;23.380
Hombres;03 Alicante/Alacant;03133 Torrevieja;Española;Todas las edades;1 de enero de 2008;23.333
Hombres;03 Alicante/Alacant;03133 Torrevieja;Española;Todas las edades;1 de enero de 2007;22.954
Hombres;03 Alicante/Alacant;03133 Torrevieja;Española;Todas las edades;1 de enero de 2006;22.725
Hombres;03 Alicante/Alacant;03133 Torrevieja;Española;Todas las edades;1 de enero de 2005;21.917
Hombres;03 Alicante/Alacant;03133 Torrevieja;Española;Todas las edades;1 de enero de 2004;21.365
Hombres;03 Alicante/Alacant;03133 Torrevieja;Española;Todas las edades;1 de enero de 2003;20.791
Hombres;03 Alicante/Alacant;03133 Torrevieja;Española;Menos de 16 años;1 de enero de 2022;3.843
Hombres;03 Alicante/Alacant;03133 Torrevieja;Española;Menos de 16 años;1 de enero de 2021;3.870
Hombres;03 Alicante/Alacant;03133 Torrevieja;Española;Menos de 16 años;1 de enero de 2020;3.936
Hombres;03 Alicante/Alacant;03133 Torrevieja;Española;Menos de 16 años;1 de enero de 2019;4.070
Hombres;03 Alicante/Alacant;03133 Torrevieja;Española;Menos de 16 años;1 de enero de 2018;4.192
Hombres;03 Alicante/Alacant;03133 Torrevieja;Española;Menos de 16 años;1 de enero de 2017;4.239
Hombres;03 Alicante/Alacant;03133 Torrevieja;Española;Menos de 16 años;1 de enero de 2016;4.307
Hombres;03 Alicante/Alacant;03133 Torrevieja;Española;Menos de 16 años;1 de enero de 2015;4.283
Hombres;03 Alicante/Alacant;03133 Torrevieja;Española;Menos de 16 años;1 de enero de 2014;4.188
Hombres;03 Alicante/Alacant;03133 Torrevieja;Española;Menos de 16 años;1 de enero de 2013;4.156
Hombres;03 Alicante/Alacant;03133 Torrevieja;Española;Menos de 16 años;1 de enero de 2012;4.087
Hombres;03 Alicante/Alacant;03133 Torrevieja;Española;Menos de 16 años;1 de enero de 2011;4.140
Hombres;03 Alicante/Alacant;03133 Torrevieja;Española;Menos de 16 años;1 de enero de 2010;4.057
Hombres;03 Alicante/Alacant;03133 Torrevieja;Española;Menos de 16 años;1 de enero de 2009;4.082
Hombres;03 Alicante/Alacant;03133 Torrevieja;Española;Menos de 16 años;1 de enero de 2008;4.134
Hombres;03 Alicante/Alacant;03133 Torrevieja;Española;Menos de 16 años;1 de enero de 2007;4.060
Hombres;03 Alicante/Alacant;03133 Torrevieja;Española;Menos de 16 años;1 de enero de 2006;4.015
Hombres;03 Alicante/Alacant;03133 Torrevieja;Española;Menos de 16 años;1 de enero de 2005;3.707
Hombres;03 Alicante/Alacant;03133 Torrevieja;Española;Menos de 16 años;1 de enero de 2004;3.643
Hombres;03 Alicante/Alacant;03133 Torrevieja;Española;Menos de 16 años;1 de enero de 2003;3.514
Hombres;03 Alicante/Alacant;03133 Torrevieja;Española;De 16 a 64 años;1 de enero de 2022;15.168
Hombres;03 Alicante/Alacant;03133 Torrevieja;Española;De 16 a 64 años;1 de enero de 2021;14.983
Hombres;03 Alicante/Alacant;03133 Torrevieja;Española;De 16 a 64 años;1 de enero de 2020;15.076
Hombres;03 Alicante/Alacant;03133 Torrevieja;Española;De 16 a 64 años;1 de enero de 2019;15.266
Hombres;03 Alicante/Alacant;03133 Torrevieja;Española;De 16 a 64 años;1 de enero de 2018;15.419
Hombres;03 Alicante/Alacant;03133 Torrevieja;Española;De 16 a 64 años;1 de enero de 2017;15.481
Hombres;03 Alicante/Alacant;03133 Torrevieja;Española;De 16 a 64 años;1 de enero de 2016;15.344
Hombres;03 Alicante/Alacant;03133 Torrevieja;Española;De 16 a 64 años;1 de enero de 2015;15.379
Hombres;03 Alicante/Alacant;03133 Torrevieja;Española;De 16 a 64 años;1 de enero de 2014;15.114
Hombres;03 Alicante/Alacant;03133 Torrevieja;Española;De 16 a 64 años;1 de enero de 2013;14.930
Hombres;03 Alicante/Alacant;03133 Torrevieja;Española;De 16 a 64 años;1 de enero de 2012;14.888
Hombres;03 Alicante/Alacant;03133 Torrevieja;Española;De 16 a 64 años;1 de enero de 2011;14.774
Hombres;03 Alicante/Alacant;03133 Torrevieja;Española;De 16 a 64 años;1 de enero de 2010;14.672
Hombres;03 Alicante/Alacant;03133 Torrevieja;Española;De 16 a 64 años;1 de enero de 2009;14.650
Hombres;03 Alicante/Alacant;03133 Torrevieja;Española;De 16 a 64 años;1 de enero de 2008;14.718
Hombres;03 Alicante/Alacant;03133 Torrevieja;Española;De 16 a 64 años;1 de enero de 2007;14.560
Hombres;03 Alicante/Alacant;03133 Torrevieja;Española;De 16 a 64 años;1 de enero de 2006;14.450
Hombres;03 Alicante/Alacant;03133 Torrevieja;Española;De 16 a 64 años;1 de enero de 2005;14.134
Hombres;03 Alicante/Alacant;03133 Torrevieja;Española;De 16 a 64 años;1 de enero de 2004;13.762
Hombres;03 Alicante/Alacant;03133 Torrevieja;Española;De 16 a 64 años;1 de enero de 2003;13.452
Hombres;03 Alicante/Alacant;03133 Torrevieja;Española;65 y más años;1 de enero de 2022;5.415
Hombres;03 Alicante/Alacant;03133 Torrevieja;Española;65 y más años;1 de enero de 2021;5.406
Hombres;03 Alicante/Alacant;03133 Torrevieja;Española;65 y más años;1 de enero de 2020;5.431
Hombres;03 Alicante/Alacant;03133 Torrevieja;Española;65 y más años;1 de enero de 2019;5.403
Hombres;03 Alicante/Alacant;03133 Torrevieja;Española;65 y más años;1 de enero de 2018;5.388
Hombres;03 Alicante/Alacant;03133 Torrevieja;Española;65 y más años;1 de enero de 2017;5.338
Hombres;03 Alicante/Alacant;03133 Torrevieja;Española;65 y más años;1 de enero de 2016;5.303
Hombres;03 Alicante/Alacant;03133 Torrevieja;Española;65 y más años;1 de enero de 2015;5.296
Hombres;03 Alicante/Alacant;03133 Torrevieja;Española;65 y más años;1 de enero de 2014;5.304
Hombres;03 Alicante/Alacant;03133 Torrevieja;Española;65 y más años;1 de enero de 2013;5.131
Hombres;03 Alicante/Alacant;03133 Torrevieja;Española;65 y más años;1 de enero de 2012;5.063
Hombres;03 Alicante/Alacant;03133 Torrevieja;Española;65 y más años;1 de enero de 2011;4.981
Hombres;03 Alicante/Alacant;03133 Torrevieja;Española;65 y más años;1 de enero de 2010;4.818
Hombres;03 Alicante/Alacant;03133 Torrevieja;Española;65 y más años;1 de enero de 2009;4.648
Hombres;03 Alicante/Alacant;03133 Torrevieja;Española;65 y más años;1 de enero de 2008;4.481
Hombres;03 Alicante/Alacant;03133 Torrevieja;Española;65 y más años;1 de enero de 2007;4.334
Hombres;03 Alicante/Alacant;03133 Torrevieja;Española;65 y más años;1 de enero de 2006;4.260
Hombres;03 Alicante/Alacant;03133 Torrevieja;Española;65 y más años;1 de enero de 2005;4.076
Hombres;03 Alicante/Alacant;03133 Torrevieja;Española;65 y más años;1 de enero de 2004;3.960
Hombres;03 Alicante/Alacant;03133 Torrevieja;Española;65 y más años;1 de enero de 2003;3.825
Hombres;03 Alicante/Alacant;03133 Torrevieja;Extranjera;Todas las edades;1 de enero de 2022;16.597
Hombres;03 Alicante/Alacant;03133 Torrevieja;Extranjera;Todas las edades;1 de enero de 2021;16.462
Hombres;03 Alicante/Alacant;03133 Torrevieja;Extranjera;Todas las edades;1 de enero de 2020;17.274
Hombres;03 Alicante/Alacant;03133 Torrevieja;Extranjera;Todas las edades;1 de enero de 2019;16.530
Hombres;03 Alicante/Alacant;03133 Torrevieja;Extranjera;Todas las edades;1 de enero de 2018;16.039
Hombres;03 Alicante/Alacant;03133 Torrevieja;Extranjera;Todas las edades;1 de enero de 2017;16.469
Hombres;03 Alicante/Alacant;03133 Torrevieja;Extranjera;Todas las edades;1 de enero de 2016;17.348
Hombres;03 Alicante/Alacant;03133 Torrevieja;Extranjera;Todas las edades;1 de enero de 2015;19.568
Hombres;03 Alicante/Alacant;03133 Torrevieja;Extranjera;Todas las edades;1 de enero de 2014;21.483
Hombres;03 Alicante/Alacant;03133 Torrevieja;Extranjera;Todas las edades;1 de enero de 2013;28.810
Hombres;03 Alicante/Alacant;03133 Torrevieja;Extranjera;Todas las edades;1 de enero de 2012;28.233
Hombres;03 Alicante/Alacant;03133 Torrevieja;Extranjera;Todas las edades;1 de enero de 2011;27.551
Hombres;03 Alicante/Alacant;03133 Torrevieja;Extranjera;Todas las edades;1 de enero de 2010;27.614
Hombres;03 Alicante/Alacant;03133 Torrevieja;Extranjera;Todas las edades;1 de enero de 2009;28.401
Hombres;03 Alicante/Alacant;03133 Torrevieja;Extranjera;Todas las edades;1 de enero de 2008;28.702
Hombres;03 Alicante/Alacant;03133 Torrevieja;Extranjera;Todas las edades;1 de enero de 2007;25.408
Hombres;03 Alicante/Alacant;03133 Torrevieja;Extranjera;Todas las edades;1 de enero de 2006;24.989
Hombres;03 Alicante/Alacant;03133 Torrevieja;Extranjera;Todas las edades;1 de enero de 2005;21.523
Hombres;03 Alicante/Alacant;03133 Torrevieja;Extranjera;Todas las edades;1 de enero de 2004;17.344
Hombres;03 Alicante/Alacant;03133 Torrevieja;Extranjera;Todas las edades;1 de enero de 2003;18.724
Hombres;03 Alicante/Alacant;03133 Torrevieja;Extranjera;Menos de 16 años;1 de enero de 2022;2.241
Hombres;03 Alicante/Alacant;03133 Torrevieja;Extranjera;Menos de 16 años;1 de enero de 2021;2.264
Hombres;03 Alicante/Alacant;03133 Torrevieja;Extranjera;Menos de 16 años;1 de enero de 2020;2.444
Hombres;03 Alicante/Alacant;03133 Torrevieja;Extranjera;Menos de 16 años;1 de enero de 2019;2.283
Hombres;03 Alicante/Alacant;03133 Torrevieja;Extranjera;Menos de 16 años;1 de enero de 2018;2.144
Hombres;03 Alicante/Alacant;03133 Torrevieja;Extranjera;Menos de 16 años;1 de enero de 2017;2.189
Hombres;03 Alicante/Alacant;03133 Torrevieja;Extranjera;Menos de 16 años;1 de enero de 2016;2.239
Hombres;03 Alicante/Alacant;03133 Torrevieja;Extranjera;Menos de 16 años;1 de enero de 2015;2.406
Hombres;03 Alicante/Alacant;03133 Torrevieja;Extranjera;Menos de 16 años;1 de enero de 2014;2.463
Hombres;03 Alicante/Alacant;03133 Torrevieja;Extranjera;Menos de 16 años;1 de enero de 2013;2.850
Hombres;03 Alicante/Alacant;03133 Torrevieja;Extranjera;Menos de 16 años;1 de enero de 2012;2.886
Hombres;03 Alicante/Alacant;03133 Torrevieja;Extranjera;Menos de 16 años;1 de enero de 2011;2.879
Hombres;03 Alicante/Alacant;03133 Torrevieja;Extranjera;Menos de 16 años;1 de enero de 2010;3.030
Hombres;03 Alicante/Alacant;03133 Torrevieja;Extranjera;Menos de 16 años;1 de enero de 2009;3.136
Hombres;03 Alicante/Alacant;03133 Torrevieja;Extranjera;Menos de 16 años;1 de enero de 2008;3.139
Hombres;03 Alicante/Alacant;03133 Torrevieja;Extranjera;Menos de 16 años;1 de enero de 2007;2.711
Hombres;03 Alicante/Alacant;03133 Torrevieja;Extranjera;Menos de 16 años;1 de enero de 2006;2.464
Hombres;03 Alicante/Alacant;03133 Torrevieja;Extranjera;Menos de 16 años;1 de enero de 2005;2.040
Hombres;03 Alicante/Alacant;03133 Torrevieja;Extranjera;Menos de 16 años;1 de enero de 2004;1.632
Hombres;03 Alicante/Alacant;03133 Torrevieja;Extranjera;Menos de 16 años;1 de enero de 2003;1.566
Hombres;03 Alicante/Alacant;03133 Torrevieja;Extranjera;De 16 a 64 años;1 de enero de 2022;10.853
Hombres;03 Alicante/Alacant;03133 Torrevieja;Extranjera;De 16 a 64 años;1 de enero de 2021;10.737
Hombres;03 Alicante/Alacant;03133 Torrevieja;Extranjera;De 16 a 64 años;1 de enero de 2020;11.301
Hombres;03 Alicante/Alacant;03133 Torrevieja;Extranjera;De 16 a 64 años;1 de enero de 2019;10.925
Hombres;03 Alicante/Alacant;03133 Torrevieja;Extranjera;De 16 a 64 años;1 de enero de 2018;10.699
Hombres;03 Alicante/Alacant;03133 Torrevieja;Extranjera;De 16 a 64 años;1 de enero de 2017;11.184
Hombres;03 Alicante/Alacant;03133 Torrevieja;Extranjera;De 16 a 64 años;1 de enero de 2016;12.115
Hombres;03 Alicante/Alacant;03133 Torrevieja;Extranjera;De 16 a 64 años;1 de enero de 2015;13.361
Hombres;03 Alicante/Alacant;03133 Torrevieja;Extranjera;De 16 a 64 años;1 de enero de 2014;14.362
Hombres;03 Alicante/Alacant;03133 Torrevieja;Extranjera;De 16 a 64 años;1 de enero de 2013;17.696
Hombres;03 Alicante/Alacant;03133 Torrevieja;Extranjera;De 16 a 64 años;1 de enero de 2012;17.465
Hombres;03 Alicante/Alacant;03133 Torrevieja;Extranjera;De 16 a 64 años;1 de enero de 2011;17.288
Hombres;03 Alicante/Alacant;03133 Torrevieja;Extranjera;De 16 a 64 años;1 de enero de 2010;17.741
Hombres;03 Alicante/Alacant;03133 Torrevieja;Extranjera;De 16 a 64 años;1 de enero de 2009;18.811
Hombres;03 Alicante/Alacant;03133 Torrevieja;Extranjera;De 16 a 64 años;1 de enero de 2008;19.513
Hombres;03 Alicante/Alacant;03133 Torrevieja;Extranjera;De 16 a 64 años;1 de enero de 2007;17.321
Hombres;03 Alicante/Alacant;03133 Torrevieja;Extranjera;De 16 a 64 años;1 de enero de 2006;17.643
Hombres;03 Alicante/Alacant;03133 Torrevieja;Extranjera;De 16 a 64 años;1 de enero de 2005;15.217
Hombres;03 Alicante/Alacant;03133 Torrevieja;Extranjera;De 16 a 64 años;1 de enero de 2004;12.304
Hombres;03 Alicante/Alacant;03133 Torrevieja;Extranjera;De 16 a 64 años;1 de enero de 2003;12.244
Hombres;03 Alicante/Alacant;03133 Torrevieja;Extranjera;65 y más años;1 de enero de 2022;3.503
Hombres;03 Alicante/Alacant;03133 Torrevieja;Extranjera;65 y más años;1 de enero de 2021;3.461
Hombres;03 Alicante/Alacant;03133 Torrevieja;Extranjera;65 y más años;1 de enero de 2020;3.529
Hombres;03 Alicante/Alacant;03133 Torrevieja;Extranjera;65 y más años;1 de enero de 2019;3.322
Hombres;03 Alicante/Alacant;03133 Torrevieja;Extranjera;65 y más años;1 de enero de 2018;3.196
Hombres;03 Alicante/Alacant;03133 Torrevieja;Extranjera;65 y más años;1 de enero de 2017;3.096
Hombres;03 Alicante/Alacant;03133 Torrevieja;Extranjera;65 y más años;1 de enero de 2016;2.994
Hombres;03 Alicante/Alacant;03133 Torrevieja;Extranjera;65 y más años;1 de enero de 2015;3.801
Hombres;03 Alicante/Alacant;03133 Torrevieja;Extranjera;65 y más años;1 de enero de 2014;4.658
Hombres;03 Alicante/Alacant;03133 Torrevieja;Extranjera;65 y más años;1 de enero de 2013;8.264
Hombres;03 Alicante/Alacant;03133 Torrevieja;Extranjera;65 y más años;1 de enero de 2012;7.882
Hombres;03 Alicante/Alacant;03133 Torrevieja;Extranjera;65 y más años;1 de enero de 2011;7.384
Hombres;03 Alicante/Alacant;03133 Torrevieja;Extranjera;65 y más años;1 de enero de 2010;6.843
Hombres;03 Alicante/Alacant;03133 Torrevieja;Extranjera;65 y más años;1 de enero de 2009;6.454
Hombres;03 Alicante/Alacant;03133 Torrevieja;Extranjera;65 y más años;1 de enero de 2008;6.050
Hombres;03 Alicante/Alacant;03133 Torrevieja;Extranjera;65 y más años;1 de enero de 2007;5.376
Hombres;03 Alicante/Alacant;03133 Torrevieja;Extranjera;65 y más años;1 de enero de 2006;4.882
Hombres;03 Alicante/Alacant;03133 Torrevieja;Extranjera;65 y más años;1 de enero de 2005;4.266
Hombres;03 Alicante/Alacant;03133 Torrevieja;Extranjera;65 y más años;1 de enero de 2004;3.408
Hombres;03 Alicante/Alacant;03133 Torrevieja;Extranjera;65 y más años;1 de enero de 2003;4.914
Mujeres;03 Alicante/Alacant;03133 Torrevieja;Total;Todas las edades;1 de enero de 2022;42.524
Mujeres;03 Alicante/Alacant;03133 Torrevieja;Total;Todas las edades;1 de enero de 2021;42.121
Mujeres;03 Alicante/Alacant;03133 Torrevieja;Total;Todas las edades;1 de enero de 2020;42.950
Mujeres;03 Alicante/Alacant;03133 Torrevieja;Total;Todas las edades;1 de enero de 2019;42.068
Mujeres;03 Alicante/Alacant;03133 Torrevieja;Total;Todas las edades;1 de enero de 2018;41.561
Mujeres;03 Alicante/Alacant;03133 Torrevieja;Total;Todas las edades;1 de enero de 2017;41.725
Mujeres;03 Alicante/Alacant;03133 Torrevieja;Total;Todas las edades;1 de enero de 2016;41.911
Mujeres;03 Alicante/Alacant;03133 Torrevieja;Total;Todas las edades;1 de enero de 2015;43.921
Mujeres;03 Alicante/Alacant;03133 Torrevieja;Total;Todas las edades;1 de enero de 2014;45.326
Mujeres;03 Alicante/Alacant;03133 Torrevieja;Total;Todas las edades;1 de enero de 2013;52.178
Mujeres;03 Alicante/Alacant;03133 Torrevieja;Total;Todas las edades;1 de enero de 2012;51.449
Mujeres;03 Alicante/Alacant;03133 Torrevieja;Total;Todas las edades;1 de enero de 2011;50.690
Mujeres;03 Alicante/Alacant;03133 Torrevieja;Total;Todas las edades;1 de enero de 2010;49.930
Mujeres;03 Alicante/Alacant;03133 Torrevieja;Total;Todas las edades;1 de enero de 2009;50.011
Mujeres;03 Alicante/Alacant;03133 Torrevieja;Total;Todas las edades;1 de enero de 2008;49.346
Mujeres;03 Alicante/Alacant;03133 Torrevieja;Total;Todas las edades;1 de enero de 2007;45.644
Mujeres;03 Alicante/Alacant;03133 Torrevieja;Total;Todas las edades;1 de enero de 2006;44.320
Mujeres;03 Alicante/Alacant;03133 Torrevieja;Total;Todas las edades;1 de enero de 2005;40.908
Mujeres;03 Alicante/Alacant;03133 Torrevieja;Total;Todas las edades;1 de enero de 2004;36.821
Mujeres;03 Alicante/Alacant;03133 Torrevieja;Total;Todas las edades;1 de enero de 2003;38.428
Mujeres;03 Alicante/Alacant;03133 Torrevieja;Total;Menos de 16 años;1 de enero de 2022;5.669
Mujeres;03 Alicante/Alacant;03133 Torrevieja;Total;Menos de 16 años;1 de enero de 2021;5.667
Mujeres;03 Alicante/Alacant;03133 Torrevieja;Total;Menos de 16 años;1 de enero de 2020;5.873
Mujeres;03 Alicante/Alacant;03133 Torrevieja;Total;Menos de 16 años;1 de enero de 2019;5.871
Mujeres;03 Alicante/Alacant;03133 Torrevieja;Total;Menos de 16 años;1 de enero de 2018;5.918
Mujeres;03 Alicante/Alacant;03133 Torrevieja;Total;Menos de 16 años;1 de enero de 2017;5.970
Mujeres;03 Alicante/Alacant;03133 Torrevieja;Total;Menos de 16 años;1 de enero de 2016;5.990
Mujeres;03 Alicante/Alacant;03133 Torrevieja;Total;Menos de 16 años;1 de enero de 2015;6.210
Mujeres;03 Alicante/Alacant;03133 Torrevieja;Total;Menos de 16 años;1 de enero de 2014;6.207
Mujeres;03 Alicante/Alacant;03133 Torrevieja;Total;Menos de 16 años;1 de enero de 2013;6.567
Mujeres;03 Alicante/Alacant;03133 Torrevieja;Total;Menos de 16 años;1 de enero de 2012;6.514
Mujeres;03 Alicante/Alacant;03133 Torrevieja;Total;Menos de 16 años;1 de enero de 2011;6.602
Mujeres;03 Alicante/Alacant;03133 Torrevieja;Total;Menos de 16 años;1 de enero de 2010;6.605
Mujeres;03 Alicante/Alacant;03133 Torrevieja;Total;Menos de 16 años;1 de enero de 2009;6.697
Mujeres;03 Alicante/Alacant;03133 Torrevieja;Total;Menos de 16 años;1 de enero de 2008;6.690
Mujeres;03 Alicante/Alacant;03133 Torrevieja;Total;Menos de 16 años;1 de enero de 2007;6.187
Mujeres;03 Alicante/Alacant;03133 Torrevieja;Total;Menos de 16 años;1 de enero de 2006;5.917
Mujeres;03 Alicante/Alacant;03133 Torrevieja;Total;Menos de 16 años;1 de enero de 2005;5.381
Mujeres;03 Alicante/Alacant;03133 Torrevieja;Total;Menos de 16 años;1 de enero de 2004;4.998
Mujeres;03 Alicante/Alacant;03133 Torrevieja;Total;Menos de 16 años;1 de enero de 2003;4.781
Mujeres;03 Alicante/Alacant;03133 Torrevieja;Total;De 16 a 64 años;1 de enero de 2022;26.375
Mujeres;03 Alicante/Alacant;03133 Torrevieja;Total;De 16 a 64 años;1 de enero de 2021;26.047
Mujeres;03 Alicante/Alacant;03133 Torrevieja;Total;De 16 a 64 años;1 de enero de 2020;26.575
Mujeres;03 Alicante/Alacant;03133 Torrevieja;Total;De 16 a 64 años;1 de enero de 2019;25.981
Mujeres;03 Alicante/Alacant;03133 Torrevieja;Total;De 16 a 64 años;1 de enero de 2018;25.686
Mujeres;03 Alicante/Alacant;03133 Torrevieja;Total;De 16 a 64 años;1 de enero de 2017;26.024
Mujeres;03 Alicante/Alacant;03133 Torrevieja;Total;De 16 a 64 años;1 de enero de 2016;26.454
Mujeres;03 Alicante/Alacant;03133 Torrevieja;Total;De 16 a 64 años;1 de enero de 2015;27.437
Mujeres;03 Alicante/Alacant;03133 Torrevieja;Total;De 16 a 64 años;1 de enero de 2014;28.097
Mujeres;03 Alicante/Alacant;03133 Torrevieja;Total;De 16 a 64 años;1 de enero de 2013;31.397
Mujeres;03 Alicante/Alacant;03133 Torrevieja;Total;De 16 a 64 años;1 de enero de 2012;31.427
Mujeres;03 Alicante/Alacant;03133 Torrevieja;Total;De 16 a 64 años;1 de enero de 2011;31.290
Mujeres;03 Alicante/Alacant;03133 Torrevieja;Total;De 16 a 64 años;1 de enero de 2010;31.333
Mujeres;03 Alicante/Alacant;03133 Torrevieja;Total;De 16 a 64 años;1 de enero de 2009;31.990
Mujeres;03 Alicante/Alacant;03133 Torrevieja;Total;De 16 a 64 años;1 de enero de 2008;32.134
Mujeres;03 Alicante/Alacant;03133 Torrevieja;Total;De 16 a 64 años;1 de enero de 2007;29.772
Mujeres;03 Alicante/Alacant;03133 Torrevieja;Total;De 16 a 64 años;1 de enero de 2006;29.260
Mujeres;03 Alicante/Alacant;03133 Torrevieja;Total;De 16 a 64 años;1 de enero de 2005;27.238
Mujeres;03 Alicante/Alacant;03133 Torrevieja;Total;De 16 a 64 años;1 de enero de 2004;24.637
Mujeres;03 Alicante/Alacant;03133 Torrevieja;Total;De 16 a 64 años;1 de enero de 2003;25.130
Mujeres;03 Alicante/Alacant;03133 Torrevieja;Total;65 y más años;1 de enero de 2022;10.480
Mujeres;03 Alicante/Alacant;03133 Torrevieja;Total;65 y más años;1 de enero de 2021;10.407
Mujeres;03 Alicante/Alacant;03133 Torrevieja;Total;65 y más años;1 de enero de 2020;10.502
Mujeres;03 Alicante/Alacant;03133 Torrevieja;Total;65 y más años;1 de enero de 2019;10.216
Mujeres;03 Alicante/Alacant;03133 Torrevieja;Total;65 y más años;1 de enero de 2018;9.957
Mujeres;03 Alicante/Alacant;03133 Torrevieja;Total;65 y más años;1 de enero de 2017;9.731
Mujeres;03 Alicante/Alacant;03133 Torrevieja;Total;65 y más años;1 de enero de 2016;9.467
Mujeres;03 Alicante/Alacant;03133 Torrevieja;Total;65 y más años;1 de enero de 2015;10.274
Mujeres;03 Alicante/Alacant;03133 Torrevieja;Total;65 y más años;1 de enero de 2014;11.022
Mujeres;03 Alicante/Alacant;03133 Torrevieja;Total;65 y más años;1 de enero de 2013;14.214
Mujeres;03 Alicante/Alacant;03133 Torrevieja;Total;65 y más años;1 de enero de 2012;13.508
Mujeres;03 Alicante/Alacant;03133 Torrevieja;Total;65 y más años;1 de enero de 2011;12.798
Mujeres;03 Alicante/Alacant;03133 Torrevieja;Total;65 y más años;1 de enero de 2010;11.992
Mujeres;03 Alicante/Alacant;03133 Torrevieja;Total;65 y más años;1 de enero de 2009;11.324
Mujeres;03 Alicante/Alacant;03133 Torrevieja;Total;65 y más años;1 de enero de 2008;10.522
Mujeres;03 Alicante/Alacant;03133 Torrevieja;Total;65 y más años;1 de enero de 2007;9.685
Mujeres;03 Alicante/Alacant;03133 Torrevieja;Total;65 y más años;1 de enero de 2006;9.143
Mujeres;03 Alicante/Alacant;03133 Torrevieja;Total;65 y más años;1 de enero de 2005;8.289
Mujeres;03 Alicante/Alacant;03133 Torrevieja;Total;65 y más años;1 de enero de 2004;7.186
Mujeres;03 Alicante/Alacant;03133 Torrevieja;Total;65 y más años;1 de enero de 2003;8.517
Mujeres;03 Alicante/Alacant;03133 Torrevieja;Española;Todas las edades;1 de enero de 2022;25.160
Mujeres;03 Alicante/Alacant;03133 Torrevieja;Española;Todas las edades;1 de enero de 2021;24.996
Mujeres;03 Alicante/Alacant;03133 Torrevieja;Española;Todas las edades;1 de enero de 2020;25.159
Mujeres;03 Alicante/Alacant;03133 Torrevieja;Española;Todas las edades;1 de enero de 2019;25.391
Mujeres;03 Alicante/Alacant;03133 Torrevieja;Española;Todas las edades;1 de enero de 2018;25.567
Mujeres;03 Alicante/Alacant;03133 Torrevieja;Española;Todas las edades;1 de enero de 2017;25.576
Mujeres;03 Alicante/Alacant;03133 Torrevieja;Española;Todas las edades;1 de enero de 2016;25.594
Mujeres;03 Alicante/Alacant;03133 Torrevieja;Española;Todas las edades;1 de enero de 2015;25.646
Mujeres;03 Alicante/Alacant;03133 Torrevieja;Española;Todas las edades;1 de enero de 2014;25.375
Mujeres;03 Alicante/Alacant;03133 Torrevieja;Española;Todas las edades;1 de enero de 2013;24.999
Mujeres;03 Alicante/Alacant;03133 Torrevieja;Española;Todas las edades;1 de enero de 2012;24.813
Mujeres;03 Alicante/Alacant;03133 Torrevieja;Española;Todas las edades;1 de enero de 2011;24.671
Mujeres;03 Alicante/Alacant;03133 Torrevieja;Española;Todas las edades;1 de enero de 2010;24.212
Mujeres;03 Alicante/Alacant;03133 Torrevieja;Española;Todas las edades;1 de enero de 2009;24.085
Mujeres;03 Alicante/Alacant;03133 Torrevieja;Española;Todas las edades;1 de enero de 2008;23.766
Mujeres;03 Alicante/Alacant;03133 Torrevieja;Española;Todas las edades;1 de enero de 2007;23.273
Mujeres;03 Alicante/Alacant;03133 Torrevieja;Española;Todas las edades;1 de enero de 2006;22.972
Mujeres;03 Alicante/Alacant;03133 Torrevieja;Española;Todas las edades;1 de enero de 2005;22.243
Mujeres;03 Alicante/Alacant;03133 Torrevieja;Española;Todas las edades;1 de enero de 2004;21.624
Mujeres;03 Alicante/Alacant;03133 Torrevieja;Española;Todas las edades;1 de enero de 2003;21.061
Mujeres;03 Alicante/Alacant;03133 Torrevieja;Española;Menos de 16 años;1 de enero de 2022;3.519
Mujeres;03 Alicante/Alacant;03133 Torrevieja;Española;Menos de 16 años;1 de enero de 2021;3.521
Mujeres;03 Alicante/Alacant;03133 Torrevieja;Española;Menos de 16 años;1 de enero de 2020;3.570
Mujeres;03 Alicante/Alacant;03133 Torrevieja;Española;Menos de 16 años;1 de enero de 2019;3.760
Mujeres;03 Alicante/Alacant;03133 Torrevieja;Española;Menos de 16 años;1 de enero de 2018;3.897
Mujeres;03 Alicante/Alacant;03133 Torrevieja;Española;Menos de 16 años;1 de enero de 2017;3.908
Mujeres;03 Alicante/Alacant;03133 Torrevieja;Española;Menos de 16 años;1 de enero de 2016;3.941
Mujeres;03 Alicante/Alacant;03133 Torrevieja;Española;Menos de 16 años;1 de enero de 2015;3.991
Mujeres;03 Alicante/Alacant;03133 Torrevieja;Española;Menos de 16 años;1 de enero de 2014;3.926
Mujeres;03 Alicante/Alacant;03133 Torrevieja;Española;Menos de 16 años;1 de enero de 2013;3.929
Mujeres;03 Alicante/Alacant;03133 Torrevieja;Española;Menos de 16 años;1 de enero de 2012;3.871
Mujeres;03 Alicante/Alacant;03133 Torrevieja;Española;Menos de 16 años;1 de enero de 2011;3.917
Mujeres;03 Alicante/Alacant;03133 Torrevieja;Española;Menos de 16 años;1 de enero de 2010;3.867
Mujeres;03 Alicante/Alacant;03133 Torrevieja;Española;Menos de 16 años;1 de enero de 2009;3.840
Mujeres;03 Alicante/Alacant;03133 Torrevieja;Española;Menos de 16 años;1 de enero de 2008;3.819
Mujeres;03 Alicante/Alacant;03133 Torrevieja;Española;Menos de 16 años;1 de enero de 2007;3.791
Mujeres;03 Alicante/Alacant;03133 Torrevieja;Española;Menos de 16 años;1 de enero de 2006;3.739
Mujeres;03 Alicante/Alacant;03133 Torrevieja;Española;Menos de 16 años;1 de enero de 2005;3.554
Mujeres;03 Alicante/Alacant;03133 Torrevieja;Española;Menos de 16 años;1 de enero de 2004;3.495
Mujeres;03 Alicante/Alacant;03133 Torrevieja;Española;Menos de 16 años;1 de enero de 2003;3.381
Mujeres;03 Alicante/Alacant;03133 Torrevieja;Española;De 16 a 64 años;1 de enero de 2022;14.963
Mujeres;03 Alicante/Alacant;03133 Torrevieja;Española;De 16 a 64 años;1 de enero de 2021;14.805
Mujeres;03 Alicante/Alacant;03133 Torrevieja;Española;De 16 a 64 años;1 de enero de 2020;14.903
Mujeres;03 Alicante/Alacant;03133 Torrevieja;Española;De 16 a 64 años;1 de enero de 2019;15.007
Mujeres;03 Alicante/Alacant;03133 Torrevieja;Española;De 16 a 64 años;1 de enero de 2018;15.135
Mujeres;03 Alicante/Alacant;03133 Torrevieja;Española;De 16 a 64 años;1 de enero de 2017;15.205
Mujeres;03 Alicante/Alacant;03133 Torrevieja;Española;De 16 a 64 años;1 de enero de 2016;15.242
Mujeres;03 Alicante/Alacant;03133 Torrevieja;Española;De 16 a 64 años;1 de enero de 2015;15.293
Mujeres;03 Alicante/Alacant;03133 Torrevieja;Española;De 16 a 64 años;1 de enero de 2014;15.134
Mujeres;03 Alicante/Alacant;03133 Torrevieja;Española;De 16 a 64 años;1 de enero de 2013;14.989
Mujeres;03 Alicante/Alacant;03133 Torrevieja;Española;De 16 a 64 años;1 de enero de 2012;15.024
Mujeres;03 Alicante/Alacant;03133 Torrevieja;Española;De 16 a 64 años;1 de enero de 2011;14.932
Mujeres;03 Alicante/Alacant;03133 Torrevieja;Española;De 16 a 64 años;1 de enero de 2010;14.756
Mujeres;03 Alicante/Alacant;03133 Torrevieja;Española;De 16 a 64 años;1 de enero de 2009;14.844
Mujeres;03 Alicante/Alacant;03133 Torrevieja;Española;De 16 a 64 años;1 de enero de 2008;14.798
Mujeres;03 Alicante/Alacant;03133 Torrevieja;Española;De 16 a 64 años;1 de enero de 2007;14.487
Mujeres;03 Alicante/Alacant;03133 Torrevieja;Española;De 16 a 64 años;1 de enero de 2006;14.339
Mujeres;03 Alicante/Alacant;03133 Torrevieja;Española;De 16 a 64 años;1 de enero de 2005;14.033
Mujeres;03 Alicante/Alacant;03133 Torrevieja;Española;De 16 a 64 años;1 de enero de 2004;13.714
Mujeres;03 Alicante/Alacant;03133 Torrevieja;Española;De 16 a 64 años;1 de enero de 2003;13.461
Mujeres;03 Alicante/Alacant;03133 Torrevieja;Española;65 y más años;1 de enero de 2022;6.678
Mujeres;03 Alicante/Alacant;03133 Torrevieja;Española;65 y más años;1 de enero de 2021;6.670
Mujeres;03 Alicante/Alacant;03133 Torrevieja;Española;65 y más años;1 de enero de 2020;6.686
Mujeres;03 Alicante/Alacant;03133 Torrevieja;Española;65 y más años;1 de enero de 2019;6.624
Mujeres;03 Alicante/Alacant;03133 Torrevieja;Española;65 y más años;1 de enero de 2018;6.535
Mujeres;03 Alicante/Alacant;03133 Torrevieja;Española;65 y más años;1 de enero de 2017;6.463
Mujeres;03 Alicante/Alacant;03133 Torrevieja;Española;65 y más años;1 de enero de 2016;6.411
Mujeres;03 Alicante/Alacant;03133 Torrevieja;Española;65 y más años;1 de enero de 2015;6.362
Mujeres;03 Alicante/Alacant;03133 Torrevieja;Española;65 y más años;1 de enero de 2014;6.315
Mujeres;03 Alicante/Alacant;03133 Torrevieja;Española;65 y más años;1 de enero de 2013;6.081
Mujeres;03 Alicante/Alacant;03133 Torrevieja;Española;65 y más años;1 de enero de 2012;5.918
Mujeres;03 Alicante/Alacant;03133 Torrevieja;Española;65 y más años;1 de enero de 2011;5.822
Mujeres;03 Alicante/Alacant;03133 Torrevieja;Española;65 y más años;1 de enero de 2010;5.589
Mujeres;03 Alicante/Alacant;03133 Torrevieja;Española;65 y más años;1 de enero de 2009;5.401
Mujeres;03 Alicante/Alacant;03133 Torrevieja;Española;65 y más años;1 de enero de 2008;5.149
Mujeres;03 Alicante/Alacant;03133 Torrevieja;Española;65 y más años;1 de enero de 2007;4.995
Mujeres;03 Alicante/Alacant;03133 Torrevieja;Española;65 y más años;1 de enero de 2006;4.894
Mujeres;03 Alicante/Alacant;03133 Torrevieja;Española;65 y más años;1 de enero de 2005;4.656
Mujeres;03 Alicante/Alacant;03133 Torrevieja;Española;65 y más años;1 de enero de 2004;4.415
Mujeres;03 Alicante/Alacant;03133 Torrevieja;Española;65 y más años;1 de enero de 2003;4.219
Mujeres;03 Alicante/Alacant;03133 Torrevieja;Extranjera;Todas las edades;1 de enero de 2022;17.364
Mujeres;03 Alicante/Alacant;03133 Torrevieja;Extranjera;Todas las edades;1 de enero de 2021;17.125
Mujeres;03 Alicante/Alacant;03133 Torrevieja;Extranjera;Todas las edades;1 de enero de 2020;17.791
Mujeres;03 Alicante/Alacant;03133 Torrevieja;Extranjera;Todas las edades;1 de enero de 2019;16.677
Mujeres;03 Alicante/Alacant;03133 Torrevieja;Extranjera;Todas las edades;1 de enero de 2018;15.994
Mujeres;03 Alicante/Alacant;03133 Torrevieja;Extranjera;Todas las edades;1 de enero de 2017;16.149
Mujeres;03 Alicante/Alacant;03133 Torrevieja;Extranjera;Todas las edades;1 de enero de 2016;16.317
Mujeres;03 Alicante/Alacant;03133 Torrevieja;Extranjera;Todas las edades;1 de enero de 2015;18.275
Mujeres;03 Alicante/Alacant;03133 Torrevieja;Extranjera;Todas las edades;1 de enero de 2014;19.951
Mujeres;03 Alicante/Alacant;03133 Torrevieja;Extranjera;Todas las edades;1 de enero de 2013;27.179
Mujeres;03 Alicante/Alacant;03133 Torrevieja;Extranjera;Todas las edades;1 de enero de 2012;26.636
Mujeres;03 Alicante/Alacant;03133 Torrevieja;Extranjera;Todas las edades;1 de enero de 2011;26.019
Mujeres;03 Alicante/Alacant;03133 Torrevieja;Extranjera;Todas las edades;1 de enero de 2010;25.718
Mujeres;03 Alicante/Alacant;03133 Torrevieja;Extranjera;Todas las edades;1 de enero de 2009;25.926
Mujeres;03 Alicante/Alacant;03133 Torrevieja;Extranjera;Todas las edades;1 de enero de 2008;25.580
Mujeres;03 Alicante/Alacant;03133 Torrevieja;Extranjera;Todas las edades;1 de enero de 2007;22.371
Mujeres;03 Alicante/Alacant;03133 Torrevieja;Extranjera;Todas las edades;1 de enero de 2006;21.348
Mujeres;03 Alicante/Alacant;03133 Torrevieja;Extranjera;Todas las edades;1 de enero de 2005;18.665
Mujeres;03 Alicante/Alacant;03133 Torrevieja;Extranjera;Todas las edades;1 de enero de 2004;15.197
Mujeres;03 Alicante/Alacant;03133 Torrevieja;Extranjera;Todas las edades;1 de enero de 2003;17.367
Mujeres;03 Alicante/Alacant;03133 Torrevieja;Extranjera;Menos de 16 años;1 de enero de 2022;2.150
Mujeres;03 Alicante/Alacant;03133 Torrevieja;Extranjera;Menos de 16 años;1 de enero de 2021;2.146
Mujeres;03 Alicante/Alacant;03133 Torrevieja;Extranjera;Menos de 16 años;1 de enero de 2020;2.303
Mujeres;03 Alicante/Alacant;03133 Torrevieja;Extranjera;Menos de 16 años;1 de enero de 2019;2.111
Mujeres;03 Alicante/Alacant;03133 Torrevieja;Extranjera;Menos de 16 años;1 de enero de 2018;2.021
Mujeres;03 Alicante/Alacant;03133 Torrevieja;Extranjera;Menos de 16 años;1 de enero de 2017;2.062
Mujeres;03 Alicante/Alacant;03133 Torrevieja;Extranjera;Menos de 16 años;1 de enero de 2016;2.049
Mujeres;03 Alicante/Alacant;03133 Torrevieja;Extranjera;Menos de 16 años;1 de enero de 2015;2.219
Mujeres;03 Alicante/Alacant;03133 Torrevieja;Extranjera;Menos de 16 años;1 de enero de 2014;2.281
Mujeres;03 Alicante/Alacant;03133 Torrevieja;Extranjera;Menos de 16 años;1 de enero de 2013;2.638
Mujeres;03 Alicante/Alacant;03133 Torrevieja;Extranjera;Menos de 16 años;1 de enero de 2012;2.643
Mujeres;03 Alicante/Alacant;03133 Torrevieja;Extranjera;Menos de 16 años;1 de enero de 2011;2.685
Mujeres;03 Alicante/Alacant;03133 Torrevieja;Extranjera;Menos de 16 años;1 de enero de 2010;2.738
Mujeres;03 Alicante/Alacant;03133 Torrevieja;Extranjera;Menos de 16 años;1 de enero de 2009;2.857
Mujeres;03 Alicante/Alacant;03133 Torrevieja;Extranjera;Menos de 16 años;1 de enero de 2008;2.871
Mujeres;03 Alicante/Alacant;03133 Torrevieja;Extranjera;Menos de 16 años;1 de enero de 2007;2.396
Mujeres;03 Alicante/Alacant;03133 Torrevieja;Extranjera;Menos de 16 años;1 de enero de 2006;2.178
Mujeres;03 Alicante/Alacant;03133 Torrevieja;Extranjera;Menos de 16 años;1 de enero de 2005;1.827
Mujeres;03 Alicante/Alacant;03133 Torrevieja;Extranjera;Menos de 16 años;1 de enero de 2004;1.503
Mujeres;03 Alicante/Alacant;03133 Torrevieja;Extranjera;Menos de 16 años;1 de enero de 2003;1.400
Mujeres;03 Alicante/Alacant;03133 Torrevieja;Extranjera;De 16 a 64 años;1 de enero de 2022;11.412
Mujeres;03 Alicante/Alacant;03133 Torrevieja;Extranjera;De 16 a 64 años;1 de enero de 2021;11.242
Mujeres;03 Alicante/Alacant;03133 Torrevieja;Extranjera;De 16 a 64 años;1 de enero de 2020;11.672
Mujeres;03 Alicante/Alacant;03133 Torrevieja;Extranjera;De 16 a 64 años;1 de enero de 2019;10.974
Mujeres;03 Alicante/Alacant;03133 Torrevieja;Extranjera;De 16 a 64 años;1 de enero de 2018;10.551
Mujeres;03 Alicante/Alacant;03133 Torrevieja;Extranjera;De 16 a 64 años;1 de enero de 2017;10.819
Mujeres;03 Alicante/Alacant;03133 Torrevieja;Extranjera;De 16 a 64 años;1 de enero de 2016;11.212
Mujeres;03 Alicante/Alacant;03133 Torrevieja;Extranjera;De 16 a 64 años;1 de enero de 2015;12.144
Mujeres;03 Alicante/Alacant;03133 Torrevieja;Extranjera;De 16 a 64 años;1 de enero de 2014;12.963
Mujeres;03 Alicante/Alacant;03133 Torrevieja;Extranjera;De 16 a 64 años;1 de enero de 2013;16.408
Mujeres;03 Alicante/Alacant;03133 Torrevieja;Extranjera;De 16 a 64 años;1 de enero de 2012;16.403
Mujeres;03 Alicante/Alacant;03133 Torrevieja;Extranjera;De 16 a 64 años;1 de enero de 2011;16.358
Mujeres;03 Alicante/Alacant;03133 Torrevieja;Extranjera;De 16 a 64 años;1 de enero de 2010;16.577
Mujeres;03 Alicante/Alacant;03133 Torrevieja;Extranjera;De 16 a 64 años;1 de enero de 2009;17.146
Mujeres;03 Alicante/Alacant;03133 Torrevieja;Extranjera;De 16 a 64 años;1 de enero de 2008;17.336
Mujeres;03 Alicante/Alacant;03133 Torrevieja;Extranjera;De 16 a 64 años;1 de enero de 2007;15.285
Mujeres;03 Alicante/Alacant;03133 Torrevieja;Extranjera;De 16 a 64 años;1 de enero de 2006;14.921
Mujeres;03 Alicante/Alacant;03133 Torrevieja;Extranjera;De 16 a 64 años;1 de enero de 2005;13.205
Mujeres;03 Alicante/Alacant;03133 Torrevieja;Extranjera;De 16 a 64 años;1 de enero de 2004;10.923
Mujeres;03 Alicante/Alacant;03133 Torrevieja;Extranjera;De 16 a 64 años;1 de enero de 2003;11.669
Mujeres;03 Alicante/Alacant;03133 Torrevieja;Extranjera;65 y más años;1 de enero de 2022;3.802
Mujeres;03 Alicante/Alacant;03133 Torrevieja;Extranjera;65 y más años;1 de enero de 2021;3.737
Mujeres;03 Alicante/Alacant;03133 Torrevieja;Extranjera;65 y más años;1 de enero de 2020;3.816
Mujeres;03 Alicante/Alacant;03133 Torrevieja;Extranjera;65 y más años;1 de enero de 2019;3.592
Mujeres;03 Alicante/Alacant;03133 Torrevieja;Extranjera;65 y más años;1 de enero de 2018;3.422
Mujeres;03 Alicante/Alacant;03133 Torrevieja;Extranjera;65 y más años;1 de enero de 2017;3.268
Mujeres;03 Alicante/Alacant;03133 Torrevieja;Extranjera;65 y más años;1 de enero de 2016;3.056
Mujeres;03 Alicante/Alacant;03133 Torrevieja;Extranjera;65 y más años;1 de enero de 2015;3.912
Mujeres;03 Alicante/Alacant;03133 Torrevieja;Extranjera;65 y más años;1 de enero de 2014;4.707
Mujeres;03 Alicante/Alacant;03133 Torrevieja;Extranjera;65 y más años;1 de enero de 2013;8.133
Mujeres;03 Alicante/Alacant;03133 Torrevieja;Extranjera;65 y más años;1 de enero de 2012;7.590
Mujeres;03 Alicante/Alacant;03133 Torrevieja;Extranjera;65 y más años;1 de enero de 2011;6.976
Mujeres;03 Alicante/Alacant;03133 Torrevieja;Extranjera;65 y más años;1 de enero de 2010;6.403
Mujeres;03 Alicante/Alacant;03133 Torrevieja;Extranjera;65 y más años;1 de enero de 2009;5.923
Mujeres;03 Alicante/Alacant;03133 Torrevieja;Extranjera;65 y más años;1 de enero de 2008;5.373
Mujeres;03 Alicante/Alacant;03133 Torrevieja;Extranjera;65 y más años;1 de enero de 2007;4.690
Mujeres;03 Alicante/Alacant;03133 Torrevieja;Extranjera;65 y más años;1 de enero de 2006;4.249
Mujeres;03 Alicante/Alacant;03133 Torrevieja;Extranjera;65 y más años;1 de enero de 2005;3.633
Mujeres;03 Alicante/Alacant;03133 Torrevieja;Extranjera;65 y más años;1 de enero de 2004;2.771
Mujeres;03 Alicante/Alacant;03133 Torrevieja;Extranjera;65 y más años;1 de enero de 2003;4.298
