Puntos turísticos;Viajeros y pernoctaciones;Residencia;Periodo;Total
03133 Torrevieja;Viajero;Residentes en España;2026M02;.
03133 Torrevieja;Viajero;Residentes en España;2026M01;.
03133 Torrevieja;Viajero;Residentes en España;2025M12;.
03133 Torrevieja;Viajero;Residentes en España;2025M11;.
03133 Torrevieja;Viajero;Residentes en España;2025M10;.
03133 Torrevieja;Viajero;Residentes en España;2025M09;.
03133 Torrevieja;Viajero;Residentes en España;2025M08;.
03133 Torrevieja;Viajero;Residentes en España;2025M07;.
03133 Torrevieja;Viajero;Residentes en España;2025M06;.
03133 Torrevieja;Viajero;Residentes en España;2025M05;.
03133 Torrevieja;Viajero;Residentes en España;2025M04;.
03133 Torrevieja;Viajero;Residentes en España;2025M03;.
03133 Torrevieja;Viajero;Residentes en España;2025M02;3.716
03133 Torrevieja;Viajero;Residentes en España;2025M01;.
03133 Torrevieja;Viajero;Residentes en España;2024M12;.
03133 Torrevieja;Viajero;Residentes en España;2024M11;.
03133 Torrevieja;Viajero;Residentes en España;2024M10;.
03133 Torrevieja;Viajero;Residentes en España;2024M09;.
03133 Torrevieja;Viajero;Residentes en España;2024M08;.
03133 Torrevieja;Viajero;Residentes en España;2024M07;.
03133 Torrevieja;Viajero;Residentes en España;2024M06;.
03133 Torrevieja;Viajero;Residentes en España;2024M05;.
03133 Torrevieja;Viajero;Residentes en España;2024M04;.
03133 Torrevieja;Viajero;Residentes en España;2024M03;.
03133 Torrevieja;Viajero;Residentes en España;2024M02;.
03133 Torrevieja;Viajero;Residentes en España;2024M01;.
03133 Torrevieja;Viajero;Residentes en España;2023M12;.
03133 Torrevieja;Viajero;Residentes en España;2023M11;.
03133 Torrevieja;Viajero;Residentes en España;2023M10;.
03133 Torrevieja;Viajero;Residentes en España;2023M09;.
03133 Torrevieja;Viajero;Residentes en España;2023M08;.
03133 Torrevieja;Viajero;Residentes en España;2023M07;.
03133 Torrevieja;Viajero;Residentes en España;2023M06;.
03133 Torrevieja;Viajero;Residentes en España;2023M05;.
03133 Torrevieja;Viajero;Residentes en España;2023M04;.
03133 Torrevieja;Viajero;Residentes en España;2023M03;.
03133 Torrevieja;Viajero;Residentes en España;2023M02;.
03133 Torrevieja;Viajero;Residentes en España;2023M01;.
03133 Torrevieja;Viajero;Residentes en España;2022M12;.
03133 Torrevieja;Viajero;Residentes en España;2022M11;4.486
03133 Torrevieja;Viajero;Residentes en España;2022M10;3.439
03133 Torrevieja;Viajero;Residentes en España;2022M09;4.068
03133 Torrevieja;Viajero;Residentes en España;2022M08;8.943
03133 Torrevieja;Viajero;Residentes en España;2022M07;9.304
03133 Torrevieja;Viajero;Residentes en España;2022M06;7.546
03133 Torrevieja;Viajero;Residentes en España;2022M05;.
03133 Torrevieja;Viajero;Residentes en España;2022M04;.
03133 Torrevieja;Viajero;Residentes en España;2022M03;.
03133 Torrevieja;Viajero;Residentes en España;2022M02;.
03133 Torrevieja;Viajero;Residentes en España;2022M01;.
03133 Torrevieja;Viajero;Residentes en España;2021M12;.
03133 Torrevieja;Viajero;Residentes en España;2021M11;.
03133 Torrevieja;Viajero;Residentes en España;2021M10;.
03133 Torrevieja;Viajero;Residentes en España;2021M09;.
03133 Torrevieja;Viajero;Residentes en España;2021M08;.
03133 Torrevieja;Viajero;Residentes en España;2021M07;.
03133 Torrevieja;Viajero;Residentes en España;2021M06;.
03133 Torrevieja;Viajero;Residentes en España;2021M05;.
03133 Torrevieja;Viajero;Residentes en España;2021M04;.
03133 Torrevieja;Viajero;Residentes en España;2021M03;.
03133 Torrevieja;Viajero;Residentes en España;2021M02;.
03133 Torrevieja;Viajero;Residentes en España;2021M01;.
03133 Torrevieja;Viajero;Residentes en España;2020M12;.
03133 Torrevieja;Viajero;Residentes en España;2020M11;.
03133 Torrevieja;Viajero;Residentes en España;2020M10;.
03133 Torrevieja;Viajero;Residentes en España;2020M09;.
03133 Torrevieja;Viajero;Residentes en España;2020M08;.
03133 Torrevieja;Viajero;Residentes en España;2020M07;.
03133 Torrevieja;Viajero;Residentes en España;2020M06;.
03133 Torrevieja;Viajero;Residentes en España;2020M05;.
03133 Torrevieja;Viajero;Residentes en España;2020M04;0
03133 Torrevieja;Viajero;Residentes en España;2020M03;.
03133 Torrevieja;Viajero;Residentes en España;2020M02;.
03133 Torrevieja;Viajero;Residentes en España;2020M01;.
03133 Torrevieja;Viajero;Residentes en España;2019M12;.
03133 Torrevieja;Viajero;Residentes en España;2019M11;.
03133 Torrevieja;Viajero;Residentes en España;2019M10;4.158
03133 Torrevieja;Viajero;Residentes en España;2019M09;3.921
03133 Torrevieja;Viajero;Residentes en España;2019M08;7.743
03133 Torrevieja;Viajero;Residentes en España;2019M07;5.665
03133 Torrevieja;Viajero;Residentes en España;2019M06;4.980
03133 Torrevieja;Viajero;Residentes en España;2019M05;3.819
03133 Torrevieja;Viajero;Residentes en España;2019M04;.
03133 Torrevieja;Viajero;Residentes en España;2019M03;3.205
03133 Torrevieja;Viajero;Residentes en España;2019M02;.
03133 Torrevieja;Viajero;Residentes en España;2019M01;.
03133 Torrevieja;Viajero;Residentes en España;2018M12;.
03133 Torrevieja;Viajero;Residentes en España;2018M11;.
03133 Torrevieja;Viajero;Residentes en España;2018M10;.
03133 Torrevieja;Viajero;Residentes en España;2018M09;.
03133 Torrevieja;Viajero;Residentes en España;2018M08;.
03133 Torrevieja;Viajero;Residentes en España;2018M07;.
03133 Torrevieja;Viajero;Residentes en España;2018M06;.
03133 Torrevieja;Viajero;Residentes en España;2018M05;.
03133 Torrevieja;Viajero;Residentes en España;2018M04;.
03133 Torrevieja;Viajero;Residentes en España;2018M03;.
03133 Torrevieja;Viajero;Residentes en España;2018M02;.
03133 Torrevieja;Viajero;Residentes en España;2018M01;.
03133 Torrevieja;Viajero;Residentes en España;2017M12;.
03133 Torrevieja;Viajero;Residentes en España;2017M11;.
03133 Torrevieja;Viajero;Residentes en España;2017M10;.
03133 Torrevieja;Viajero;Residentes en España;2017M09;.
03133 Torrevieja;Viajero;Residentes en España;2017M08;.
03133 Torrevieja;Viajero;Residentes en España;2017M07;.
03133 Torrevieja;Viajero;Residentes en España;2017M06;.
03133 Torrevieja;Viajero;Residentes en España;2017M05;.
03133 Torrevieja;Viajero;Residentes en España;2017M04;.
03133 Torrevieja;Viajero;Residentes en España;2017M03;.
03133 Torrevieja;Viajero;Residentes en España;2017M02;.
03133 Torrevieja;Viajero;Residentes en España;2017M01;.
03133 Torrevieja;Viajero;Residentes en España;2016M12;.
03133 Torrevieja;Viajero;Residentes en España;2016M11;.
03133 Torrevieja;Viajero;Residentes en España;2016M10;.
03133 Torrevieja;Viajero;Residentes en España;2016M09;.
03133 Torrevieja;Viajero;Residentes en España;2016M08;.
03133 Torrevieja;Viajero;Residentes en España;2016M07;.
03133 Torrevieja;Viajero;Residentes en España;2016M06;.
03133 Torrevieja;Viajero;Residentes en España;2016M05;.
03133 Torrevieja;Viajero;Residentes en España;2016M04;.
03133 Torrevieja;Viajero;Residentes en España;2016M03;.
03133 Torrevieja;Viajero;Residentes en España;2016M02;.
03133 Torrevieja;Viajero;Residentes en España;2016M01;.
03133 Torrevieja;Viajero;Residentes en España;2015M12;.
03133 Torrevieja;Viajero;Residentes en España;2015M11;.
03133 Torrevieja;Viajero;Residentes en España;2015M10;.
03133 Torrevieja;Viajero;Residentes en España;2015M09;.
03133 Torrevieja;Viajero;Residentes en España;2015M08;.
03133 Torrevieja;Viajero;Residentes en España;2015M07;.
03133 Torrevieja;Viajero;Residentes en España;2015M06;.
03133 Torrevieja;Viajero;Residentes en España;2015M05;.
03133 Torrevieja;Viajero;Residentes en España;2015M04;.
03133 Torrevieja;Viajero;Residentes en España;2015M03;.
03133 Torrevieja;Viajero;Residentes en España;2015M02;.
03133 Torrevieja;Viajero;Residentes en España;2015M01;.
03133 Torrevieja;Viajero;Residentes en España;2014M12;.
03133 Torrevieja;Viajero;Residentes en España;2014M11;.
03133 Torrevieja;Viajero;Residentes en España;2014M10;.
03133 Torrevieja;Viajero;Residentes en España;2014M09;.
03133 Torrevieja;Viajero;Residentes en España;2014M08;.
03133 Torrevieja;Viajero;Residentes en España;2014M07;.
03133 Torrevieja;Viajero;Residentes en España;2014M06;.
03133 Torrevieja;Viajero;Residentes en España;2014M05;.
03133 Torrevieja;Viajero;Residentes en España;2014M04;.
03133 Torrevieja;Viajero;Residentes en España;2014M03;.
03133 Torrevieja;Viajero;Residentes en España;2014M02;.
03133 Torrevieja;Viajero;Residentes en España;2014M01;.
03133 Torrevieja;Viajero;Residentes en España;2013M12;..
03133 Torrevieja;Viajero;Residentes en España;2013M11;..
03133 Torrevieja;Viajero;Residentes en España;2013M10;..
03133 Torrevieja;Viajero;Residentes en España;2013M09;..
03133 Torrevieja;Viajero;Residentes en España;2013M08;..
03133 Torrevieja;Viajero;Residentes en España;2013M07;..
03133 Torrevieja;Viajero;Residentes en España;2013M06;..
03133 Torrevieja;Viajero;Residentes en España;2013M05;..
03133 Torrevieja;Viajero;Residentes en España;2013M04;..
03133 Torrevieja;Viajero;Residentes en España;2013M03;..
03133 Torrevieja;Viajero;Residentes en España;2013M02;..
03133 Torrevieja;Viajero;Residentes en España;2013M01;..
03133 Torrevieja;Viajero;Residentes en España;2012M12;..
03133 Torrevieja;Viajero;Residentes en España;2012M11;..
03133 Torrevieja;Viajero;Residentes en España;2012M10;..
03133 Torrevieja;Viajero;Residentes en España;2012M09;..
03133 Torrevieja;Viajero;Residentes en España;2012M08;..
03133 Torrevieja;Viajero;Residentes en España;2012M07;..
03133 Torrevieja;Viajero;Residentes en España;2012M06;..
03133 Torrevieja;Viajero;Residentes en España;2012M05;..
03133 Torrevieja;Viajero;Residentes en España;2012M04;..
03133 Torrevieja;Viajero;Residentes en España;2012M03;..
03133 Torrevieja;Viajero;Residentes en España;2012M02;..
03133 Torrevieja;Viajero;Residentes en España;2012M01;..
03133 Torrevieja;Viajero;Residentes en España;2011M12;""
03133 Torrevieja;Viajero;Residentes en España;2011M11;""
03133 Torrevieja;Viajero;Residentes en España;2011M10;""
03133 Torrevieja;Viajero;Residentes en España;2011M09;""
03133 Torrevieja;Viajero;Residentes en España;2011M08;""
03133 Torrevieja;Viajero;Residentes en España;2011M07;""
03133 Torrevieja;Viajero;Residentes en España;2011M06;""
03133 Torrevieja;Viajero;Residentes en España;2011M05;""
03133 Torrevieja;Viajero;Residentes en España;2011M04;""
03133 Torrevieja;Viajero;Residentes en España;2011M03;""
03133 Torrevieja;Viajero;Residentes en España;2011M02;""
03133 Torrevieja;Viajero;Residentes en España;2011M01;""
03133 Torrevieja;Viajero;Residentes en España;2010M12;""
03133 Torrevieja;Viajero;Residentes en España;2010M11;""
03133 Torrevieja;Viajero;Residentes en España;2010M10;""
03133 Torrevieja;Viajero;Residentes en España;2010M09;""
03133 Torrevieja;Viajero;Residentes en España;2010M08;""
03133 Torrevieja;Viajero;Residentes en España;2010M07;""
03133 Torrevieja;Viajero;Residentes en España;2010M06;""
03133 Torrevieja;Viajero;Residentes en España;2010M05;""
03133 Torrevieja;Viajero;Residentes en España;2010M04;""
03133 Torrevieja;Viajero;Residentes en España;2010M03;""
03133 Torrevieja;Viajero;Residentes en España;2010M02;""
03133 Torrevieja;Viajero;Residentes en España;2010M01;""
03133 Torrevieja;Viajero;Residentes en España;2009M12;..
03133 Torrevieja;Viajero;Residentes en España;2009M11;..
03133 Torrevieja;Viajero;Residentes en España;2009M10;4.125
03133 Torrevieja;Viajero;Residentes en España;2009M09;3.528
03133 Torrevieja;Viajero;Residentes en España;2009M08;7.976
03133 Torrevieja;Viajero;Residentes en España;2009M07;5.080
03133 Torrevieja;Viajero;Residentes en España;2009M06;3.333
03133 Torrevieja;Viajero;Residentes en España;2009M05;3.799
03133 Torrevieja;Viajero;Residentes en España;2009M04;4.924
03133 Torrevieja;Viajero;Residentes en España;2009M03;..
03133 Torrevieja;Viajero;Residentes en España;2009M02;..
03133 Torrevieja;Viajero;Residentes en España;2009M01;..
03133 Torrevieja;Viajero;Residentes en España;2008M12;..
03133 Torrevieja;Viajero;Residentes en España;2008M11;..
03133 Torrevieja;Viajero;Residentes en España;2008M10;4.620
03133 Torrevieja;Viajero;Residentes en España;2008M09;5.028
03133 Torrevieja;Viajero;Residentes en España;2008M08;11.467
03133 Torrevieja;Viajero;Residentes en España;2008M07;7.577
03133 Torrevieja;Viajero;Residentes en España;2008M06;4.565
03133 Torrevieja;Viajero;Residentes en España;2008M05;5.561
03133 Torrevieja;Viajero;Residentes en España;2008M04;4.292
03133 Torrevieja;Viajero;Residentes en España;2008M03;5.808
03133 Torrevieja;Viajero;Residentes en España;2008M02;3.679
03133 Torrevieja;Viajero;Residentes en España;2008M01;..
03133 Torrevieja;Viajero;Residentes en España;2007M12;..
03133 Torrevieja;Viajero;Residentes en España;2007M11;..
03133 Torrevieja;Viajero;Residentes en España;2007M10;..
03133 Torrevieja;Viajero;Residentes en España;2007M09;..
03133 Torrevieja;Viajero;Residentes en España;2007M08;..
03133 Torrevieja;Viajero;Residentes en España;2007M07;..
03133 Torrevieja;Viajero;Residentes en España;2007M06;..
03133 Torrevieja;Viajero;Residentes en España;2007M05;..
03133 Torrevieja;Viajero;Residentes en España;2007M04;..
03133 Torrevieja;Viajero;Residentes en España;2007M03;..
03133 Torrevieja;Viajero;Residentes en España;2007M02;..
03133 Torrevieja;Viajero;Residentes en España;2007M01;.
03133 Torrevieja;Viajero;Residentes en España;2006M12;..
03133 Torrevieja;Viajero;Residentes en España;2006M11;..
03133 Torrevieja;Viajero;Residentes en España;2006M10;6.486
03133 Torrevieja;Viajero;Residentes en España;2006M09;..
03133 Torrevieja;Viajero;Residentes en España;2006M08;..
03133 Torrevieja;Viajero;Residentes en España;2006M07;..
03133 Torrevieja;Viajero;Residentes en España;2006M06;..
03133 Torrevieja;Viajero;Residentes en España;2006M05;..
03133 Torrevieja;Viajero;Residentes en España;2006M04;..
03133 Torrevieja;Viajero;Residentes en España;2006M03;..
03133 Torrevieja;Viajero;Residentes en España;2006M02;..
03133 Torrevieja;Viajero;Residentes en España;2006M01;..
03133 Torrevieja;Viajero;Residentes en España;2005M12;3.227
03133 Torrevieja;Viajero;Residentes en España;2005M11;3.903
03133 Torrevieja;Viajero;Residentes en España;2005M10;6.542
03133 Torrevieja;Viajero;Residentes en España;2005M09;5.451
03133 Torrevieja;Viajero;Residentes en España;2005M08;6.891
03133 Torrevieja;Viajero;Residentes en España;2005M07;5.538
03133 Torrevieja;Viajero;Residentes en España;2005M06;6.002
03133 Torrevieja;Viajero;Residentes en España;2005M05;8.704
03133 Torrevieja;Viajero;Residentes en España;2005M04;5.492
03133 Torrevieja;Viajero;Residentes en España;2005M03;7.344
03133 Torrevieja;Viajero;Residentes en España;2005M02;6.849
03133 Torrevieja;Viajero;Residentes en España;2005M01;4.305
03133 Torrevieja;Viajero;Residentes en el Extranjero;2026M02;.
03133 Torrevieja;Viajero;Residentes en el Extranjero;2026M01;.
03133 Torrevieja;Viajero;Residentes en el Extranjero;2025M12;.
03133 Torrevieja;Viajero;Residentes en el Extranjero;2025M11;.
03133 Torrevieja;Viajero;Residentes en el Extranjero;2025M10;.
03133 Torrevieja;Viajero;Residentes en el Extranjero;2025M09;.
03133 Torrevieja;Viajero;Residentes en el Extranjero;2025M08;.
03133 Torrevieja;Viajero;Residentes en el Extranjero;2025M07;.
03133 Torrevieja;Viajero;Residentes en el Extranjero;2025M06;.
03133 Torrevieja;Viajero;Residentes en el Extranjero;2025M05;.
03133 Torrevieja;Viajero;Residentes en el Extranjero;2025M04;.
03133 Torrevieja;Viajero;Residentes en el Extranjero;2025M03;.
03133 Torrevieja;Viajero;Residentes en el Extranjero;2025M02;4.333
03133 Torrevieja;Viajero;Residentes en el Extranjero;2025M01;.
03133 Torrevieja;Viajero;Residentes en el Extranjero;2024M12;.
03133 Torrevieja;Viajero;Residentes en el Extranjero;2024M11;.
03133 Torrevieja;Viajero;Residentes en el Extranjero;2024M10;.
03133 Torrevieja;Viajero;Residentes en el Extranjero;2024M09;.
03133 Torrevieja;Viajero;Residentes en el Extranjero;2024M08;.
03133 Torrevieja;Viajero;Residentes en el Extranjero;2024M07;.
03133 Torrevieja;Viajero;Residentes en el Extranjero;2024M06;.
03133 Torrevieja;Viajero;Residentes en el Extranjero;2024M05;.
03133 Torrevieja;Viajero;Residentes en el Extranjero;2024M04;.
03133 Torrevieja;Viajero;Residentes en el Extranjero;2024M03;.
03133 Torrevieja;Viajero;Residentes en el Extranjero;2024M02;.
03133 Torrevieja;Viajero;Residentes en el Extranjero;2024M01;.
03133 Torrevieja;Viajero;Residentes en el Extranjero;2023M12;.
03133 Torrevieja;Viajero;Residentes en el Extranjero;2023M11;.
03133 Torrevieja;Viajero;Residentes en el Extranjero;2023M10;.
03133 Torrevieja;Viajero;Residentes en el Extranjero;2023M09;.
03133 Torrevieja;Viajero;Residentes en el Extranjero;2023M08;.
03133 Torrevieja;Viajero;Residentes en el Extranjero;2023M07;.
03133 Torrevieja;Viajero;Residentes en el Extranjero;2023M06;.
03133 Torrevieja;Viajero;Residentes en el Extranjero;2023M05;.
03133 Torrevieja;Viajero;Residentes en el Extranjero;2023M04;.
03133 Torrevieja;Viajero;Residentes en el Extranjero;2023M03;.
03133 Torrevieja;Viajero;Residentes en el Extranjero;2023M02;.
03133 Torrevieja;Viajero;Residentes en el Extranjero;2023M01;.
03133 Torrevieja;Viajero;Residentes en el Extranjero;2022M12;.
03133 Torrevieja;Viajero;Residentes en el Extranjero;2022M11;3.773
03133 Torrevieja;Viajero;Residentes en el Extranjero;2022M10;4.873
03133 Torrevieja;Viajero;Residentes en el Extranjero;2022M09;4.540
03133 Torrevieja;Viajero;Residentes en el Extranjero;2022M08;4.510
03133 Torrevieja;Viajero;Residentes en el Extranjero;2022M07;4.601
03133 Torrevieja;Viajero;Residentes en el Extranjero;2022M06;4.125
03133 Torrevieja;Viajero;Residentes en el Extranjero;2022M05;.
03133 Torrevieja;Viajero;Residentes en el Extranjero;2022M04;.
03133 Torrevieja;Viajero;Residentes en el Extranjero;2022M03;.
03133 Torrevieja;Viajero;Residentes en el Extranjero;2022M02;.
03133 Torrevieja;Viajero;Residentes en el Extranjero;2022M01;.
03133 Torrevieja;Viajero;Residentes en el Extranjero;2021M12;.
03133 Torrevieja;Viajero;Residentes en el Extranjero;2021M11;.
03133 Torrevieja;Viajero;Residentes en el Extranjero;2021M10;.
03133 Torrevieja;Viajero;Residentes en el Extranjero;2021M09;.
03133 Torrevieja;Viajero;Residentes en el Extranjero;2021M08;.
03133 Torrevieja;Viajero;Residentes en el Extranjero;2021M07;.
03133 Torrevieja;Viajero;Residentes en el Extranjero;2021M06;.
03133 Torrevieja;Viajero;Residentes en el Extranjero;2021M05;.
03133 Torrevieja;Viajero;Residentes en el Extranjero;2021M04;.
03133 Torrevieja;Viajero;Residentes en el Extranjero;2021M03;.
03133 Torrevieja;Viajero;Residentes en el Extranjero;2021M02;.
03133 Torrevieja;Viajero;Residentes en el Extranjero;2021M01;.
03133 Torrevieja;Viajero;Residentes en el Extranjero;2020M12;.
03133 Torrevieja;Viajero;Residentes en el Extranjero;2020M11;.
03133 Torrevieja;Viajero;Residentes en el Extranjero;2020M10;.
03133 Torrevieja;Viajero;Residentes en el Extranjero;2020M09;.
03133 Torrevieja;Viajero;Residentes en el Extranjero;2020M08;.
03133 Torrevieja;Viajero;Residentes en el Extranjero;2020M07;.
03133 Torrevieja;Viajero;Residentes en el Extranjero;2020M06;.
03133 Torrevieja;Viajero;Residentes en el Extranjero;2020M05;.
03133 Torrevieja;Viajero;Residentes en el Extranjero;2020M04;0
03133 Torrevieja;Viajero;Residentes en el Extranjero;2020M03;.
03133 Torrevieja;Viajero;Residentes en el Extranjero;2020M02;.
03133 Torrevieja;Viajero;Residentes en el Extranjero;2020M01;.
03133 Torrevieja;Viajero;Residentes en el Extranjero;2019M12;.
03133 Torrevieja;Viajero;Residentes en el Extranjero;2019M11;.
03133 Torrevieja;Viajero;Residentes en el Extranjero;2019M10;4.019
03133 Torrevieja;Viajero;Residentes en el Extranjero;2019M09;4.823
03133 Torrevieja;Viajero;Residentes en el Extranjero;2019M08;4.571
03133 Torrevieja;Viajero;Residentes en el Extranjero;2019M07;5.199
03133 Torrevieja;Viajero;Residentes en el Extranjero;2019M06;4.675
03133 Torrevieja;Viajero;Residentes en el Extranjero;2019M05;4.346
03133 Torrevieja;Viajero;Residentes en el Extranjero;2019M04;.
03133 Torrevieja;Viajero;Residentes en el Extranjero;2019M03;3.764
03133 Torrevieja;Viajero;Residentes en el Extranjero;2019M02;.
03133 Torrevieja;Viajero;Residentes en el Extranjero;2019M01;.
03133 Torrevieja;Viajero;Residentes en el Extranjero;2018M12;.
03133 Torrevieja;Viajero;Residentes en el Extranjero;2018M11;.
03133 Torrevieja;Viajero;Residentes en el Extranjero;2018M10;.
03133 Torrevieja;Viajero;Residentes en el Extranjero;2018M09;.
03133 Torrevieja;Viajero;Residentes en el Extranjero;2018M08;.
03133 Torrevieja;Viajero;Residentes en el Extranjero;2018M07;.
03133 Torrevieja;Viajero;Residentes en el Extranjero;2018M06;.
03133 Torrevieja;Viajero;Residentes en el Extranjero;2018M05;.
03133 Torrevieja;Viajero;Residentes en el Extranjero;2018M04;.
03133 Torrevieja;Viajero;Residentes en el Extranjero;2018M03;.
03133 Torrevieja;Viajero;Residentes en el Extranjero;2018M02;.
03133 Torrevieja;Viajero;Residentes en el Extranjero;2018M01;.
03133 Torrevieja;Viajero;Residentes en el Extranjero;2017M12;.
03133 Torrevieja;Viajero;Residentes en el Extranjero;2017M11;.
03133 Torrevieja;Viajero;Residentes en el Extranjero;2017M10;.
03133 Torrevieja;Viajero;Residentes en el Extranjero;2017M09;.
03133 Torrevieja;Viajero;Residentes en el Extranjero;2017M08;.
03133 Torrevieja;Viajero;Residentes en el Extranjero;2017M07;.
03133 Torrevieja;Viajero;Residentes en el Extranjero;2017M06;.
03133 Torrevieja;Viajero;Residentes en el Extranjero;2017M05;.
03133 Torrevieja;Viajero;Residentes en el Extranjero;2017M04;.
03133 Torrevieja;Viajero;Residentes en el Extranjero;2017M03;.
03133 Torrevieja;Viajero;Residentes en el Extranjero;2017M02;.
03133 Torrevieja;Viajero;Residentes en el Extranjero;2017M01;.
03133 Torrevieja;Viajero;Residentes en el Extranjero;2016M12;.
03133 Torrevieja;Viajero;Residentes en el Extranjero;2016M11;.
03133 Torrevieja;Viajero;Residentes en el Extranjero;2016M10;.
03133 Torrevieja;Viajero;Residentes en el Extranjero;2016M09;.
03133 Torrevieja;Viajero;Residentes en el Extranjero;2016M08;.
03133 Torrevieja;Viajero;Residentes en el Extranjero;2016M07;.
03133 Torrevieja;Viajero;Residentes en el Extranjero;2016M06;.
03133 Torrevieja;Viajero;Residentes en el Extranjero;2016M05;.
03133 Torrevieja;Viajero;Residentes en el Extranjero;2016M04;.
03133 Torrevieja;Viajero;Residentes en el Extranjero;2016M03;.
03133 Torrevieja;Viajero;Residentes en el Extranjero;2016M02;.
03133 Torrevieja;Viajero;Residentes en el Extranjero;2016M01;.
03133 Torrevieja;Viajero;Residentes en el Extranjero;2015M12;.
03133 Torrevieja;Viajero;Residentes en el Extranjero;2015M11;.
03133 Torrevieja;Viajero;Residentes en el Extranjero;2015M10;.
03133 Torrevieja;Viajero;Residentes en el Extranjero;2015M09;.
03133 Torrevieja;Viajero;Residentes en el Extranjero;2015M08;.
03133 Torrevieja;Viajero;Residentes en el Extranjero;2015M07;.
03133 Torrevieja;Viajero;Residentes en el Extranjero;2015M06;.
03133 Torrevieja;Viajero;Residentes en el Extranjero;2015M05;.
03133 Torrevieja;Viajero;Residentes en el Extranjero;2015M04;.
03133 Torrevieja;Viajero;Residentes en el Extranjero;2015M03;.
03133 Torrevieja;Viajero;Residentes en el Extranjero;2015M02;.
03133 Torrevieja;Viajero;Residentes en el Extranjero;2015M01;.
03133 Torrevieja;Viajero;Residentes en el Extranjero;2014M12;.
03133 Torrevieja;Viajero;Residentes en el Extranjero;2014M11;.
03133 Torrevieja;Viajero;Residentes en el Extranjero;2014M10;.
03133 Torrevieja;Viajero;Residentes en el Extranjero;2014M09;.
03133 Torrevieja;Viajero;Residentes en el Extranjero;2014M08;.
03133 Torrevieja;Viajero;Residentes en el Extranjero;2014M07;.
03133 Torrevieja;Viajero;Residentes en el Extranjero;2014M06;.
03133 Torrevieja;Viajero;Residentes en el Extranjero;2014M05;.
03133 Torrevieja;Viajero;Residentes en el Extranjero;2014M04;.
03133 Torrevieja;Viajero;Residentes en el Extranjero;2014M03;.
03133 Torrevieja;Viajero;Residentes en el Extranjero;2014M02;.
03133 Torrevieja;Viajero;Residentes en el Extranjero;2014M01;.
03133 Torrevieja;Viajero;Residentes en el Extranjero;2013M12;..
03133 Torrevieja;Viajero;Residentes en el Extranjero;2013M11;..
03133 Torrevieja;Viajero;Residentes en el Extranjero;2013M10;..
03133 Torrevieja;Viajero;Residentes en el Extranjero;2013M09;..
03133 Torrevieja;Viajero;Residentes en el Extranjero;2013M08;..
03133 Torrevieja;Viajero;Residentes en el Extranjero;2013M07;..
03133 Torrevieja;Viajero;Residentes en el Extranjero;2013M06;..
03133 Torrevieja;Viajero;Residentes en el Extranjero;2013M05;..
03133 Torrevieja;Viajero;Residentes en el Extranjero;2013M04;..
03133 Torrevieja;Viajero;Residentes en el Extranjero;2013M03;..
03133 Torrevieja;Viajero;Residentes en el Extranjero;2013M02;..
03133 Torrevieja;Viajero;Residentes en el Extranjero;2013M01;..
03133 Torrevieja;Viajero;Residentes en el Extranjero;2012M12;..
03133 Torrevieja;Viajero;Residentes en el Extranjero;2012M11;..
03133 Torrevieja;Viajero;Residentes en el Extranjero;2012M10;..
03133 Torrevieja;Viajero;Residentes en el Extranjero;2012M09;..
03133 Torrevieja;Viajero;Residentes en el Extranjero;2012M08;..
03133 Torrevieja;Viajero;Residentes en el Extranjero;2012M07;..
03133 Torrevieja;Viajero;Residentes en el Extranjero;2012M06;..
03133 Torrevieja;Viajero;Residentes en el Extranjero;2012M05;..
03133 Torrevieja;Viajero;Residentes en el Extranjero;2012M04;..
03133 Torrevieja;Viajero;Residentes en el Extranjero;2012M03;..
03133 Torrevieja;Viajero;Residentes en el Extranjero;2012M02;..
03133 Torrevieja;Viajero;Residentes en el Extranjero;2012M01;..
03133 Torrevieja;Viajero;Residentes en el Extranjero;2011M12;""
03133 Torrevieja;Viajero;Residentes en el Extranjero;2011M11;""
03133 Torrevieja;Viajero;Residentes en el Extranjero;2011M10;""
03133 Torrevieja;Viajero;Residentes en el Extranjero;2011M09;""
03133 Torrevieja;Viajero;Residentes en el Extranjero;2011M08;""
03133 Torrevieja;Viajero;Residentes en el Extranjero;2011M07;""
03133 Torrevieja;Viajero;Residentes en el Extranjero;2011M06;""
03133 Torrevieja;Viajero;Residentes en el Extranjero;2011M05;""
03133 Torrevieja;Viajero;Residentes en el Extranjero;2011M04;""
03133 Torrevieja;Viajero;Residentes en el Extranjero;2011M03;""
03133 Torrevieja;Viajero;Residentes en el Extranjero;2011M02;""
03133 Torrevieja;Viajero;Residentes en el Extranjero;2011M01;""
03133 Torrevieja;Viajero;Residentes en el Extranjero;2010M12;""
03133 Torrevieja;Viajero;Residentes en el Extranjero;2010M11;""
03133 Torrevieja;Viajero;Residentes en el Extranjero;2010M10;""
03133 Torrevieja;Viajero;Residentes en el Extranjero;2010M09;""
03133 Torrevieja;Viajero;Residentes en el Extranjero;2010M08;""
03133 Torrevieja;Viajero;Residentes en el Extranjero;2010M07;""
03133 Torrevieja;Viajero;Residentes en el Extranjero;2010M06;""
03133 Torrevieja;Viajero;Residentes en el Extranjero;2010M05;""
03133 Torrevieja;Viajero;Residentes en el Extranjero;2010M04;""
03133 Torrevieja;Viajero;Residentes en el Extranjero;2010M03;""
03133 Torrevieja;Viajero;Residentes en el Extranjero;2010M02;""
03133 Torrevieja;Viajero;Residentes en el Extranjero;2010M01;""
03133 Torrevieja;Viajero;Residentes en el Extranjero;2009M12;..
03133 Torrevieja;Viajero;Residentes en el Extranjero;2009M11;..
03133 Torrevieja;Viajero;Residentes en el Extranjero;2009M10;2.538
03133 Torrevieja;Viajero;Residentes en el Extranjero;2009M09;2.725
03133 Torrevieja;Viajero;Residentes en el Extranjero;2009M08;4.815
03133 Torrevieja;Viajero;Residentes en el Extranjero;2009M07;2.316
03133 Torrevieja;Viajero;Residentes en el Extranjero;2009M06;2.303
03133 Torrevieja;Viajero;Residentes en el Extranjero;2009M05;2.563
03133 Torrevieja;Viajero;Residentes en el Extranjero;2009M04;2.067
03133 Torrevieja;Viajero;Residentes en el Extranjero;2009M03;..
03133 Torrevieja;Viajero;Residentes en el Extranjero;2009M02;..
03133 Torrevieja;Viajero;Residentes en el Extranjero;2009M01;..
03133 Torrevieja;Viajero;Residentes en el Extranjero;2008M12;..
03133 Torrevieja;Viajero;Residentes en el Extranjero;2008M11;..
03133 Torrevieja;Viajero;Residentes en el Extranjero;2008M10;2.112
03133 Torrevieja;Viajero;Residentes en el Extranjero;2008M09;2.402
03133 Torrevieja;Viajero;Residentes en el Extranjero;2008M08;3.389
03133 Torrevieja;Viajero;Residentes en el Extranjero;2008M07;1.616
03133 Torrevieja;Viajero;Residentes en el Extranjero;2008M06;2.348
03133 Torrevieja;Viajero;Residentes en el Extranjero;2008M05;1.815
03133 Torrevieja;Viajero;Residentes en el Extranjero;2008M04;2.309
03133 Torrevieja;Viajero;Residentes en el Extranjero;2008M03;1.785
03133 Torrevieja;Viajero;Residentes en el Extranjero;2008M02;1.655
03133 Torrevieja;Viajero;Residentes en el Extranjero;2008M01;..
03133 Torrevieja;Viajero;Residentes en el Extranjero;2007M12;..
03133 Torrevieja;Viajero;Residentes en el Extranjero;2007M11;..
03133 Torrevieja;Viajero;Residentes en el Extranjero;2007M10;..
03133 Torrevieja;Viajero;Residentes en el Extranjero;2007M09;..
03133 Torrevieja;Viajero;Residentes en el Extranjero;2007M08;..
03133 Torrevieja;Viajero;Residentes en el Extranjero;2007M07;..
03133 Torrevieja;Viajero;Residentes en el Extranjero;2007M06;..
03133 Torrevieja;Viajero;Residentes en el Extranjero;2007M05;..
03133 Torrevieja;Viajero;Residentes en el Extranjero;2007M04;..
03133 Torrevieja;Viajero;Residentes en el Extranjero;2007M03;..
03133 Torrevieja;Viajero;Residentes en el Extranjero;2007M02;..
03133 Torrevieja;Viajero;Residentes en el Extranjero;2007M01;.
03133 Torrevieja;Viajero;Residentes en el Extranjero;2006M12;..
03133 Torrevieja;Viajero;Residentes en el Extranjero;2006M11;..
03133 Torrevieja;Viajero;Residentes en el Extranjero;2006M10;6.027
03133 Torrevieja;Viajero;Residentes en el Extranjero;2006M09;..
03133 Torrevieja;Viajero;Residentes en el Extranjero;2006M08;..
03133 Torrevieja;Viajero;Residentes en el Extranjero;2006M07;..
03133 Torrevieja;Viajero;Residentes en el Extranjero;2006M06;..
03133 Torrevieja;Viajero;Residentes en el Extranjero;2006M05;..
03133 Torrevieja;Viajero;Residentes en el Extranjero;2006M04;..
03133 Torrevieja;Viajero;Residentes en el Extranjero;2006M03;..
03133 Torrevieja;Viajero;Residentes en el Extranjero;2006M02;..
03133 Torrevieja;Viajero;Residentes en el Extranjero;2006M01;..
03133 Torrevieja;Viajero;Residentes en el Extranjero;2005M12;1.371
03133 Torrevieja;Viajero;Residentes en el Extranjero;2005M11;2.411
03133 Torrevieja;Viajero;Residentes en el Extranjero;2005M10;2.662
03133 Torrevieja;Viajero;Residentes en el Extranjero;2005M09;4.043
03133 Torrevieja;Viajero;Residentes en el Extranjero;2005M08;2.650
03133 Torrevieja;Viajero;Residentes en el Extranjero;2005M07;3.087
03133 Torrevieja;Viajero;Residentes en el Extranjero;2005M06;3.040
03133 Torrevieja;Viajero;Residentes en el Extranjero;2005M05;3.433
03133 Torrevieja;Viajero;Residentes en el Extranjero;2005M04;3.072
03133 Torrevieja;Viajero;Residentes en el Extranjero;2005M03;4.706
03133 Torrevieja;Viajero;Residentes en el Extranjero;2005M02;4.325
03133 Torrevieja;Viajero;Residentes en el Extranjero;2005M01;2.925
03133 Torrevieja;Pernoctaciones;Residentes en España;2026M02;.
03133 Torrevieja;Pernoctaciones;Residentes en España;2026M01;.
03133 Torrevieja;Pernoctaciones;Residentes en España;2025M12;.
03133 Torrevieja;Pernoctaciones;Residentes en España;2025M11;.
03133 Torrevieja;Pernoctaciones;Residentes en España;2025M10;.
03133 Torrevieja;Pernoctaciones;Residentes en España;2025M09;.
03133 Torrevieja;Pernoctaciones;Residentes en España;2025M08;.
03133 Torrevieja;Pernoctaciones;Residentes en España;2025M07;.
03133 Torrevieja;Pernoctaciones;Residentes en España;2025M06;.
03133 Torrevieja;Pernoctaciones;Residentes en España;2025M05;.
03133 Torrevieja;Pernoctaciones;Residentes en España;2025M04;.
03133 Torrevieja;Pernoctaciones;Residentes en España;2025M03;.
03133 Torrevieja;Pernoctaciones;Residentes en España;2025M02;8.769
03133 Torrevieja;Pernoctaciones;Residentes en España;2025M01;.
03133 Torrevieja;Pernoctaciones;Residentes en España;2024M12;.
03133 Torrevieja;Pernoctaciones;Residentes en España;2024M11;.
03133 Torrevieja;Pernoctaciones;Residentes en España;2024M10;.
03133 Torrevieja;Pernoctaciones;Residentes en España;2024M09;.
03133 Torrevieja;Pernoctaciones;Residentes en España;2024M08;.
03133 Torrevieja;Pernoctaciones;Residentes en España;2024M07;.
03133 Torrevieja;Pernoctaciones;Residentes en España;2024M06;.
03133 Torrevieja;Pernoctaciones;Residentes en España;2024M05;.
03133 Torrevieja;Pernoctaciones;Residentes en España;2024M04;.
03133 Torrevieja;Pernoctaciones;Residentes en España;2024M03;.
03133 Torrevieja;Pernoctaciones;Residentes en España;2024M02;.
03133 Torrevieja;Pernoctaciones;Residentes en España;2024M01;.
03133 Torrevieja;Pernoctaciones;Residentes en España;2023M12;.
03133 Torrevieja;Pernoctaciones;Residentes en España;2023M11;.
03133 Torrevieja;Pernoctaciones;Residentes en España;2023M10;.
03133 Torrevieja;Pernoctaciones;Residentes en España;2023M09;.
03133 Torrevieja;Pernoctaciones;Residentes en España;2023M08;.
03133 Torrevieja;Pernoctaciones;Residentes en España;2023M07;.
03133 Torrevieja;Pernoctaciones;Residentes en España;2023M06;.
03133 Torrevieja;Pernoctaciones;Residentes en España;2023M05;.
03133 Torrevieja;Pernoctaciones;Residentes en España;2023M04;.
03133 Torrevieja;Pernoctaciones;Residentes en España;2023M03;.
03133 Torrevieja;Pernoctaciones;Residentes en España;2023M02;.
03133 Torrevieja;Pernoctaciones;Residentes en España;2023M01;.
03133 Torrevieja;Pernoctaciones;Residentes en España;2022M12;.
03133 Torrevieja;Pernoctaciones;Residentes en España;2022M11;16.505
03133 Torrevieja;Pernoctaciones;Residentes en España;2022M10;7.523
03133 Torrevieja;Pernoctaciones;Residentes en España;2022M09;11.255
03133 Torrevieja;Pernoctaciones;Residentes en España;2022M08;32.337
03133 Torrevieja;Pernoctaciones;Residentes en España;2022M07;31.792
03133 Torrevieja;Pernoctaciones;Residentes en España;2022M06;17.759
03133 Torrevieja;Pernoctaciones;Residentes en España;2022M05;.
03133 Torrevieja;Pernoctaciones;Residentes en España;2022M04;.
03133 Torrevieja;Pernoctaciones;Residentes en España;2022M03;.
03133 Torrevieja;Pernoctaciones;Residentes en España;2022M02;.
03133 Torrevieja;Pernoctaciones;Residentes en España;2022M01;.
03133 Torrevieja;Pernoctaciones;Residentes en España;2021M12;.
03133 Torrevieja;Pernoctaciones;Residentes en España;2021M11;.
03133 Torrevieja;Pernoctaciones;Residentes en España;2021M10;.
03133 Torrevieja;Pernoctaciones;Residentes en España;2021M09;.
03133 Torrevieja;Pernoctaciones;Residentes en España;2021M08;.
03133 Torrevieja;Pernoctaciones;Residentes en España;2021M07;.
03133 Torrevieja;Pernoctaciones;Residentes en España;2021M06;.
03133 Torrevieja;Pernoctaciones;Residentes en España;2021M05;.
03133 Torrevieja;Pernoctaciones;Residentes en España;2021M04;.
03133 Torrevieja;Pernoctaciones;Residentes en España;2021M03;.
03133 Torrevieja;Pernoctaciones;Residentes en España;2021M02;.
03133 Torrevieja;Pernoctaciones;Residentes en España;2021M01;.
03133 Torrevieja;Pernoctaciones;Residentes en España;2020M12;.
03133 Torrevieja;Pernoctaciones;Residentes en España;2020M11;.
03133 Torrevieja;Pernoctaciones;Residentes en España;2020M10;.
03133 Torrevieja;Pernoctaciones;Residentes en España;2020M09;.
03133 Torrevieja;Pernoctaciones;Residentes en España;2020M08;.
03133 Torrevieja;Pernoctaciones;Residentes en España;2020M07;.
03133 Torrevieja;Pernoctaciones;Residentes en España;2020M06;.
03133 Torrevieja;Pernoctaciones;Residentes en España;2020M05;.
03133 Torrevieja;Pernoctaciones;Residentes en España;2020M04;0
03133 Torrevieja;Pernoctaciones;Residentes en España;2020M03;.
03133 Torrevieja;Pernoctaciones;Residentes en España;2020M02;.
03133 Torrevieja;Pernoctaciones;Residentes en España;2020M01;.
03133 Torrevieja;Pernoctaciones;Residentes en España;2019M12;.
03133 Torrevieja;Pernoctaciones;Residentes en España;2019M11;.
03133 Torrevieja;Pernoctaciones;Residentes en España;2019M10;8.628
03133 Torrevieja;Pernoctaciones;Residentes en España;2019M09;10.098
03133 Torrevieja;Pernoctaciones;Residentes en España;2019M08;23.220
03133 Torrevieja;Pernoctaciones;Residentes en España;2019M07;17.229
03133 Torrevieja;Pernoctaciones;Residentes en España;2019M06;10.396
03133 Torrevieja;Pernoctaciones;Residentes en España;2019M05;9.908
03133 Torrevieja;Pernoctaciones;Residentes en España;2019M04;.
03133 Torrevieja;Pernoctaciones;Residentes en España;2019M03;5.995
03133 Torrevieja;Pernoctaciones;Residentes en España;2019M02;.
03133 Torrevieja;Pernoctaciones;Residentes en España;2019M01;.
03133 Torrevieja;Pernoctaciones;Residentes en España;2018M12;.
03133 Torrevieja;Pernoctaciones;Residentes en España;2018M11;.
03133 Torrevieja;Pernoctaciones;Residentes en España;2018M10;.
03133 Torrevieja;Pernoctaciones;Residentes en España;2018M09;.
03133 Torrevieja;Pernoctaciones;Residentes en España;2018M08;.
03133 Torrevieja;Pernoctaciones;Residentes en España;2018M07;.
03133 Torrevieja;Pernoctaciones;Residentes en España;2018M06;.
03133 Torrevieja;Pernoctaciones;Residentes en España;2018M05;.
03133 Torrevieja;Pernoctaciones;Residentes en España;2018M04;.
03133 Torrevieja;Pernoctaciones;Residentes en España;2018M03;.
03133 Torrevieja;Pernoctaciones;Residentes en España;2018M02;.
03133 Torrevieja;Pernoctaciones;Residentes en España;2018M01;.
03133 Torrevieja;Pernoctaciones;Residentes en España;2017M12;.
03133 Torrevieja;Pernoctaciones;Residentes en España;2017M11;.
03133 Torrevieja;Pernoctaciones;Residentes en España;2017M10;.
03133 Torrevieja;Pernoctaciones;Residentes en España;2017M09;.
03133 Torrevieja;Pernoctaciones;Residentes en España;2017M08;.
03133 Torrevieja;Pernoctaciones;Residentes en España;2017M07;.
03133 Torrevieja;Pernoctaciones;Residentes en España;2017M06;.
03133 Torrevieja;Pernoctaciones;Residentes en España;2017M05;.
03133 Torrevieja;Pernoctaciones;Residentes en España;2017M04;.
03133 Torrevieja;Pernoctaciones;Residentes en España;2017M03;.
03133 Torrevieja;Pernoctaciones;Residentes en España;2017M02;.
03133 Torrevieja;Pernoctaciones;Residentes en España;2017M01;.
03133 Torrevieja;Pernoctaciones;Residentes en España;2016M12;.
03133 Torrevieja;Pernoctaciones;Residentes en España;2016M11;.
03133 Torrevieja;Pernoctaciones;Residentes en España;2016M10;.
03133 Torrevieja;Pernoctaciones;Residentes en España;2016M09;.
03133 Torrevieja;Pernoctaciones;Residentes en España;2016M08;.
03133 Torrevieja;Pernoctaciones;Residentes en España;2016M07;.
03133 Torrevieja;Pernoctaciones;Residentes en España;2016M06;.
03133 Torrevieja;Pernoctaciones;Residentes en España;2016M05;.
03133 Torrevieja;Pernoctaciones;Residentes en España;2016M04;.
03133 Torrevieja;Pernoctaciones;Residentes en España;2016M03;.
03133 Torrevieja;Pernoctaciones;Residentes en España;2016M02;.
03133 Torrevieja;Pernoctaciones;Residentes en España;2016M01;.
03133 Torrevieja;Pernoctaciones;Residentes en España;2015M12;.
03133 Torrevieja;Pernoctaciones;Residentes en España;2015M11;.
03133 Torrevieja;Pernoctaciones;Residentes en España;2015M10;.
03133 Torrevieja;Pernoctaciones;Residentes en España;2015M09;.
03133 Torrevieja;Pernoctaciones;Residentes en España;2015M08;.
03133 Torrevieja;Pernoctaciones;Residentes en España;2015M07;.
03133 Torrevieja;Pernoctaciones;Residentes en España;2015M06;.
03133 Torrevieja;Pernoctaciones;Residentes en España;2015M05;.
03133 Torrevieja;Pernoctaciones;Residentes en España;2015M04;.
03133 Torrevieja;Pernoctaciones;Residentes en España;2015M03;.
03133 Torrevieja;Pernoctaciones;Residentes en España;2015M02;.
03133 Torrevieja;Pernoctaciones;Residentes en España;2015M01;.
03133 Torrevieja;Pernoctaciones;Residentes en España;2014M12;.
03133 Torrevieja;Pernoctaciones;Residentes en España;2014M11;.
03133 Torrevieja;Pernoctaciones;Residentes en España;2014M10;.
03133 Torrevieja;Pernoctaciones;Residentes en España;2014M09;.
03133 Torrevieja;Pernoctaciones;Residentes en España;2014M08;.
03133 Torrevieja;Pernoctaciones;Residentes en España;2014M07;.
03133 Torrevieja;Pernoctaciones;Residentes en España;2014M06;.
03133 Torrevieja;Pernoctaciones;Residentes en España;2014M05;.
03133 Torrevieja;Pernoctaciones;Residentes en España;2014M04;.
03133 Torrevieja;Pernoctaciones;Residentes en España;2014M03;.
03133 Torrevieja;Pernoctaciones;Residentes en España;2014M02;.
03133 Torrevieja;Pernoctaciones;Residentes en España;2014M01;.
03133 Torrevieja;Pernoctaciones;Residentes en España;2013M12;..
03133 Torrevieja;Pernoctaciones;Residentes en España;2013M11;..
03133 Torrevieja;Pernoctaciones;Residentes en España;2013M10;..
03133 Torrevieja;Pernoctaciones;Residentes en España;2013M09;..
03133 Torrevieja;Pernoctaciones;Residentes en España;2013M08;..
03133 Torrevieja;Pernoctaciones;Residentes en España;2013M07;..
03133 Torrevieja;Pernoctaciones;Residentes en España;2013M06;..
03133 Torrevieja;Pernoctaciones;Residentes en España;2013M05;..
03133 Torrevieja;Pernoctaciones;Residentes en España;2013M04;..
03133 Torrevieja;Pernoctaciones;Residentes en España;2013M03;..
03133 Torrevieja;Pernoctaciones;Residentes en España;2013M02;..
03133 Torrevieja;Pernoctaciones;Residentes en España;2013M01;..
03133 Torrevieja;Pernoctaciones;Residentes en España;2012M12;..
03133 Torrevieja;Pernoctaciones;Residentes en España;2012M11;..
03133 Torrevieja;Pernoctaciones;Residentes en España;2012M10;..
03133 Torrevieja;Pernoctaciones;Residentes en España;2012M09;..
03133 Torrevieja;Pernoctaciones;Residentes en España;2012M08;..
03133 Torrevieja;Pernoctaciones;Residentes en España;2012M07;..
03133 Torrevieja;Pernoctaciones;Residentes en España;2012M06;..
03133 Torrevieja;Pernoctaciones;Residentes en España;2012M05;..
03133 Torrevieja;Pernoctaciones;Residentes en España;2012M04;..
03133 Torrevieja;Pernoctaciones;Residentes en España;2012M03;..
03133 Torrevieja;Pernoctaciones;Residentes en España;2012M02;..
03133 Torrevieja;Pernoctaciones;Residentes en España;2012M01;..
03133 Torrevieja;Pernoctaciones;Residentes en España;2011M12;""
03133 Torrevieja;Pernoctaciones;Residentes en España;2011M11;""
03133 Torrevieja;Pernoctaciones;Residentes en España;2011M10;""
03133 Torrevieja;Pernoctaciones;Residentes en España;2011M09;""
03133 Torrevieja;Pernoctaciones;Residentes en España;2011M08;""
03133 Torrevieja;Pernoctaciones;Residentes en España;2011M07;""
03133 Torrevieja;Pernoctaciones;Residentes en España;2011M06;""
03133 Torrevieja;Pernoctaciones;Residentes en España;2011M05;""
03133 Torrevieja;Pernoctaciones;Residentes en España;2011M04;""
03133 Torrevieja;Pernoctaciones;Residentes en España;2011M03;""
03133 Torrevieja;Pernoctaciones;Residentes en España;2011M02;""
03133 Torrevieja;Pernoctaciones;Residentes en España;2011M01;""
03133 Torrevieja;Pernoctaciones;Residentes en España;2010M12;""
03133 Torrevieja;Pernoctaciones;Residentes en España;2010M11;""
03133 Torrevieja;Pernoctaciones;Residentes en España;2010M10;""
03133 Torrevieja;Pernoctaciones;Residentes en España;2010M09;""
03133 Torrevieja;Pernoctaciones;Residentes en España;2010M08;""
03133 Torrevieja;Pernoctaciones;Residentes en España;2010M07;""
03133 Torrevieja;Pernoctaciones;Residentes en España;2010M06;""
03133 Torrevieja;Pernoctaciones;Residentes en España;2010M05;""
03133 Torrevieja;Pernoctaciones;Residentes en España;2010M04;""
03133 Torrevieja;Pernoctaciones;Residentes en España;2010M03;""
03133 Torrevieja;Pernoctaciones;Residentes en España;2010M02;""
03133 Torrevieja;Pernoctaciones;Residentes en España;2010M01;""
03133 Torrevieja;Pernoctaciones;Residentes en España;2009M12;..
03133 Torrevieja;Pernoctaciones;Residentes en España;2009M11;..
03133 Torrevieja;Pernoctaciones;Residentes en España;2009M10;8.557
03133 Torrevieja;Pernoctaciones;Residentes en España;2009M09;10.073
03133 Torrevieja;Pernoctaciones;Residentes en España;2009M08;20.998
03133 Torrevieja;Pernoctaciones;Residentes en España;2009M07;10.125
03133 Torrevieja;Pernoctaciones;Residentes en España;2009M06;9.393
03133 Torrevieja;Pernoctaciones;Residentes en España;2009M05;7.630
03133 Torrevieja;Pernoctaciones;Residentes en España;2009M04;12.058
03133 Torrevieja;Pernoctaciones;Residentes en España;2009M03;..
03133 Torrevieja;Pernoctaciones;Residentes en España;2009M02;..
03133 Torrevieja;Pernoctaciones;Residentes en España;2009M01;..
03133 Torrevieja;Pernoctaciones;Residentes en España;2008M12;..
03133 Torrevieja;Pernoctaciones;Residentes en España;2008M11;..
03133 Torrevieja;Pernoctaciones;Residentes en España;2008M10;10.189
03133 Torrevieja;Pernoctaciones;Residentes en España;2008M09;12.959
03133 Torrevieja;Pernoctaciones;Residentes en España;2008M08;26.706
03133 Torrevieja;Pernoctaciones;Residentes en España;2008M07;18.019
03133 Torrevieja;Pernoctaciones;Residentes en España;2008M06;9.051
03133 Torrevieja;Pernoctaciones;Residentes en España;2008M05;10.016
03133 Torrevieja;Pernoctaciones;Residentes en España;2008M04;6.256
03133 Torrevieja;Pernoctaciones;Residentes en España;2008M03;9.279
03133 Torrevieja;Pernoctaciones;Residentes en España;2008M02;6.566
03133 Torrevieja;Pernoctaciones;Residentes en España;2008M01;..
03133 Torrevieja;Pernoctaciones;Residentes en España;2007M12;..
03133 Torrevieja;Pernoctaciones;Residentes en España;2007M11;..
03133 Torrevieja;Pernoctaciones;Residentes en España;2007M10;..
03133 Torrevieja;Pernoctaciones;Residentes en España;2007M09;..
03133 Torrevieja;Pernoctaciones;Residentes en España;2007M08;..
03133 Torrevieja;Pernoctaciones;Residentes en España;2007M07;..
03133 Torrevieja;Pernoctaciones;Residentes en España;2007M06;..
03133 Torrevieja;Pernoctaciones;Residentes en España;2007M05;..
03133 Torrevieja;Pernoctaciones;Residentes en España;2007M04;..
03133 Torrevieja;Pernoctaciones;Residentes en España;2007M03;..
03133 Torrevieja;Pernoctaciones;Residentes en España;2007M02;..
03133 Torrevieja;Pernoctaciones;Residentes en España;2007M01;.
03133 Torrevieja;Pernoctaciones;Residentes en España;2006M12;..
03133 Torrevieja;Pernoctaciones;Residentes en España;2006M11;..
03133 Torrevieja;Pernoctaciones;Residentes en España;2006M10;9.139
03133 Torrevieja;Pernoctaciones;Residentes en España;2006M09;..
03133 Torrevieja;Pernoctaciones;Residentes en España;2006M08;..
03133 Torrevieja;Pernoctaciones;Residentes en España;2006M07;..
03133 Torrevieja;Pernoctaciones;Residentes en España;2006M06;..
03133 Torrevieja;Pernoctaciones;Residentes en España;2006M05;..
03133 Torrevieja;Pernoctaciones;Residentes en España;2006M04;..
03133 Torrevieja;Pernoctaciones;Residentes en España;2006M03;..
03133 Torrevieja;Pernoctaciones;Residentes en España;2006M02;..
03133 Torrevieja;Pernoctaciones;Residentes en España;2006M01;..
03133 Torrevieja;Pernoctaciones;Residentes en España;2005M12;6.362
03133 Torrevieja;Pernoctaciones;Residentes en España;2005M11;7.719
03133 Torrevieja;Pernoctaciones;Residentes en España;2005M10;14.058
03133 Torrevieja;Pernoctaciones;Residentes en España;2005M09;13.754
03133 Torrevieja;Pernoctaciones;Residentes en España;2005M08;25.349
03133 Torrevieja;Pernoctaciones;Residentes en España;2005M07;30.214
03133 Torrevieja;Pernoctaciones;Residentes en España;2005M06;11.896
03133 Torrevieja;Pernoctaciones;Residentes en España;2005M05;19.756
03133 Torrevieja;Pernoctaciones;Residentes en España;2005M04;10.849
03133 Torrevieja;Pernoctaciones;Residentes en España;2005M03;18.225
03133 Torrevieja;Pernoctaciones;Residentes en España;2005M02;14.754
03133 Torrevieja;Pernoctaciones;Residentes en España;2005M01;9.132
03133 Torrevieja;Pernoctaciones;Residentes en el Extranjero;2026M02;.
03133 Torrevieja;Pernoctaciones;Residentes en el Extranjero;2026M01;.
03133 Torrevieja;Pernoctaciones;Residentes en el Extranjero;2025M12;.
03133 Torrevieja;Pernoctaciones;Residentes en el Extranjero;2025M11;.
03133 Torrevieja;Pernoctaciones;Residentes en el Extranjero;2025M10;.
03133 Torrevieja;Pernoctaciones;Residentes en el Extranjero;2025M09;.
03133 Torrevieja;Pernoctaciones;Residentes en el Extranjero;2025M08;.
03133 Torrevieja;Pernoctaciones;Residentes en el Extranjero;2025M07;.
03133 Torrevieja;Pernoctaciones;Residentes en el Extranjero;2025M06;.
03133 Torrevieja;Pernoctaciones;Residentes en el Extranjero;2025M05;.
03133 Torrevieja;Pernoctaciones;Residentes en el Extranjero;2025M04;.
03133 Torrevieja;Pernoctaciones;Residentes en el Extranjero;2025M03;.
03133 Torrevieja;Pernoctaciones;Residentes en el Extranjero;2025M02;14.314
03133 Torrevieja;Pernoctaciones;Residentes en el Extranjero;2025M01;.
03133 Torrevieja;Pernoctaciones;Residentes en el Extranjero;2024M12;.
03133 Torrevieja;Pernoctaciones;Residentes en el Extranjero;2024M11;.
03133 Torrevieja;Pernoctaciones;Residentes en el Extranjero;2024M10;.
03133 Torrevieja;Pernoctaciones;Residentes en el Extranjero;2024M09;.
03133 Torrevieja;Pernoctaciones;Residentes en el Extranjero;2024M08;.
03133 Torrevieja;Pernoctaciones;Residentes en el Extranjero;2024M07;.
03133 Torrevieja;Pernoctaciones;Residentes en el Extranjero;2024M06;.
03133 Torrevieja;Pernoctaciones;Residentes en el Extranjero;2024M05;.
03133 Torrevieja;Pernoctaciones;Residentes en el Extranjero;2024M04;.
03133 Torrevieja;Pernoctaciones;Residentes en el Extranjero;2024M03;.
03133 Torrevieja;Pernoctaciones;Residentes en el Extranjero;2024M02;.
03133 Torrevieja;Pernoctaciones;Residentes en el Extranjero;2024M01;.
03133 Torrevieja;Pernoctaciones;Residentes en el Extranjero;2023M12;.
03133 Torrevieja;Pernoctaciones;Residentes en el Extranjero;2023M11;.
03133 Torrevieja;Pernoctaciones;Residentes en el Extranjero;2023M10;.
03133 Torrevieja;Pernoctaciones;Residentes en el Extranjero;2023M09;.
03133 Torrevieja;Pernoctaciones;Residentes en el Extranjero;2023M08;.
03133 Torrevieja;Pernoctaciones;Residentes en el Extranjero;2023M07;.
03133 Torrevieja;Pernoctaciones;Residentes en el Extranjero;2023M06;.
03133 Torrevieja;Pernoctaciones;Residentes en el Extranjero;2023M05;.
03133 Torrevieja;Pernoctaciones;Residentes en el Extranjero;2023M04;.
03133 Torrevieja;Pernoctaciones;Residentes en el Extranjero;2023M03;.
03133 Torrevieja;Pernoctaciones;Residentes en el Extranjero;2023M02;.
03133 Torrevieja;Pernoctaciones;Residentes en el Extranjero;2023M01;.
03133 Torrevieja;Pernoctaciones;Residentes en el Extranjero;2022M12;.
03133 Torrevieja;Pernoctaciones;Residentes en el Extranjero;2022M11;14.374
03133 Torrevieja;Pernoctaciones;Residentes en el Extranjero;2022M10;20.350
03133 Torrevieja;Pernoctaciones;Residentes en el Extranjero;2022M09;21.029
03133 Torrevieja;Pernoctaciones;Residentes en el Extranjero;2022M08;22.541
03133 Torrevieja;Pernoctaciones;Residentes en el Extranjero;2022M07;18.929
03133 Torrevieja;Pernoctaciones;Residentes en el Extranjero;2022M06;15.285
03133 Torrevieja;Pernoctaciones;Residentes en el Extranjero;2022M05;.
03133 Torrevieja;Pernoctaciones;Residentes en el Extranjero;2022M04;.
03133 Torrevieja;Pernoctaciones;Residentes en el Extranjero;2022M03;.
03133 Torrevieja;Pernoctaciones;Residentes en el Extranjero;2022M02;.
03133 Torrevieja;Pernoctaciones;Residentes en el Extranjero;2022M01;.
03133 Torrevieja;Pernoctaciones;Residentes en el Extranjero;2021M12;.
03133 Torrevieja;Pernoctaciones;Residentes en el Extranjero;2021M11;.
03133 Torrevieja;Pernoctaciones;Residentes en el Extranjero;2021M10;.
03133 Torrevieja;Pernoctaciones;Residentes en el Extranjero;2021M09;.
03133 Torrevieja;Pernoctaciones;Residentes en el Extranjero;2021M08;.
03133 Torrevieja;Pernoctaciones;Residentes en el Extranjero;2021M07;.
03133 Torrevieja;Pernoctaciones;Residentes en el Extranjero;2021M06;.
03133 Torrevieja;Pernoctaciones;Residentes en el Extranjero;2021M05;.
03133 Torrevieja;Pernoctaciones;Residentes en el Extranjero;2021M04;.
03133 Torrevieja;Pernoctaciones;Residentes en el Extranjero;2021M03;.
03133 Torrevieja;Pernoctaciones;Residentes en el Extranjero;2021M02;.
03133 Torrevieja;Pernoctaciones;Residentes en el Extranjero;2021M01;.
03133 Torrevieja;Pernoctaciones;Residentes en el Extranjero;2020M12;.
03133 Torrevieja;Pernoctaciones;Residentes en el Extranjero;2020M11;.
03133 Torrevieja;Pernoctaciones;Residentes en el Extranjero;2020M10;.
03133 Torrevieja;Pernoctaciones;Residentes en el Extranjero;2020M09;.
03133 Torrevieja;Pernoctaciones;Residentes en el Extranjero;2020M08;.
03133 Torrevieja;Pernoctaciones;Residentes en el Extranjero;2020M07;.
03133 Torrevieja;Pernoctaciones;Residentes en el Extranjero;2020M06;.
03133 Torrevieja;Pernoctaciones;Residentes en el Extranjero;2020M05;.
03133 Torrevieja;Pernoctaciones;Residentes en el Extranjero;2020M04;0
03133 Torrevieja;Pernoctaciones;Residentes en el Extranjero;2020M03;.
03133 Torrevieja;Pernoctaciones;Residentes en el Extranjero;2020M02;.
03133 Torrevieja;Pernoctaciones;Residentes en el Extranjero;2020M01;.
03133 Torrevieja;Pernoctaciones;Residentes en el Extranjero;2019M12;.
03133 Torrevieja;Pernoctaciones;Residentes en el Extranjero;2019M11;.
03133 Torrevieja;Pernoctaciones;Residentes en el Extranjero;2019M10;13.433
03133 Torrevieja;Pernoctaciones;Residentes en el Extranjero;2019M09;17.030
03133 Torrevieja;Pernoctaciones;Residentes en el Extranjero;2019M08;16.173
03133 Torrevieja;Pernoctaciones;Residentes en el Extranjero;2019M07;15.360
03133 Torrevieja;Pernoctaciones;Residentes en el Extranjero;2019M06;14.154
03133 Torrevieja;Pernoctaciones;Residentes en el Extranjero;2019M05;13.094
03133 Torrevieja;Pernoctaciones;Residentes en el Extranjero;2019M04;.
03133 Torrevieja;Pernoctaciones;Residentes en el Extranjero;2019M03;10.047
03133 Torrevieja;Pernoctaciones;Residentes en el Extranjero;2019M02;.
03133 Torrevieja;Pernoctaciones;Residentes en el Extranjero;2019M01;.
03133 Torrevieja;Pernoctaciones;Residentes en el Extranjero;2018M12;.
03133 Torrevieja;Pernoctaciones;Residentes en el Extranjero;2018M11;.
03133 Torrevieja;Pernoctaciones;Residentes en el Extranjero;2018M10;.
03133 Torrevieja;Pernoctaciones;Residentes en el Extranjero;2018M09;.
03133 Torrevieja;Pernoctaciones;Residentes en el Extranjero;2018M08;.
03133 Torrevieja;Pernoctaciones;Residentes en el Extranjero;2018M07;.
03133 Torrevieja;Pernoctaciones;Residentes en el Extranjero;2018M06;.
03133 Torrevieja;Pernoctaciones;Residentes en el Extranjero;2018M05;.
03133 Torrevieja;Pernoctaciones;Residentes en el Extranjero;2018M04;.
03133 Torrevieja;Pernoctaciones;Residentes en el Extranjero;2018M03;.
03133 Torrevieja;Pernoctaciones;Residentes en el Extranjero;2018M02;.
03133 Torrevieja;Pernoctaciones;Residentes en el Extranjero;2018M01;.
03133 Torrevieja;Pernoctaciones;Residentes en el Extranjero;2017M12;.
03133 Torrevieja;Pernoctaciones;Residentes en el Extranjero;2017M11;.
03133 Torrevieja;Pernoctaciones;Residentes en el Extranjero;2017M10;.
03133 Torrevieja;Pernoctaciones;Residentes en el Extranjero;2017M09;.
03133 Torrevieja;Pernoctaciones;Residentes en el Extranjero;2017M08;.
03133 Torrevieja;Pernoctaciones;Residentes en el Extranjero;2017M07;.
03133 Torrevieja;Pernoctaciones;Residentes en el Extranjero;2017M06;.
03133 Torrevieja;Pernoctaciones;Residentes en el Extranjero;2017M05;.
03133 Torrevieja;Pernoctaciones;Residentes en el Extranjero;2017M04;.
03133 Torrevieja;Pernoctaciones;Residentes en el Extranjero;2017M03;.
03133 Torrevieja;Pernoctaciones;Residentes en el Extranjero;2017M02;.
03133 Torrevieja;Pernoctaciones;Residentes en el Extranjero;2017M01;.
03133 Torrevieja;Pernoctaciones;Residentes en el Extranjero;2016M12;.
03133 Torrevieja;Pernoctaciones;Residentes en el Extranjero;2016M11;.
03133 Torrevieja;Pernoctaciones;Residentes en el Extranjero;2016M10;.
03133 Torrevieja;Pernoctaciones;Residentes en el Extranjero;2016M09;.
03133 Torrevieja;Pernoctaciones;Residentes en el Extranjero;2016M08;.
03133 Torrevieja;Pernoctaciones;Residentes en el Extranjero;2016M07;.
03133 Torrevieja;Pernoctaciones;Residentes en el Extranjero;2016M06;.
03133 Torrevieja;Pernoctaciones;Residentes en el Extranjero;2016M05;.
03133 Torrevieja;Pernoctaciones;Residentes en el Extranjero;2016M04;.
03133 Torrevieja;Pernoctaciones;Residentes en el Extranjero;2016M03;.
03133 Torrevieja;Pernoctaciones;Residentes en el Extranjero;2016M02;.
03133 Torrevieja;Pernoctaciones;Residentes en el Extranjero;2016M01;.
03133 Torrevieja;Pernoctaciones;Residentes en el Extranjero;2015M12;.
03133 Torrevieja;Pernoctaciones;Residentes en el Extranjero;2015M11;.
03133 Torrevieja;Pernoctaciones;Residentes en el Extranjero;2015M10;.
03133 Torrevieja;Pernoctaciones;Residentes en el Extranjero;2015M09;.
03133 Torrevieja;Pernoctaciones;Residentes en el Extranjero;2015M08;.
03133 Torrevieja;Pernoctaciones;Residentes en el Extranjero;2015M07;.
03133 Torrevieja;Pernoctaciones;Residentes en el Extranjero;2015M06;.
03133 Torrevieja;Pernoctaciones;Residentes en el Extranjero;2015M05;.
03133 Torrevieja;Pernoctaciones;Residentes en el Extranjero;2015M04;.
03133 Torrevieja;Pernoctaciones;Residentes en el Extranjero;2015M03;.
03133 Torrevieja;Pernoctaciones;Residentes en el Extranjero;2015M02;.
03133 Torrevieja;Pernoctaciones;Residentes en el Extranjero;2015M01;.
03133 Torrevieja;Pernoctaciones;Residentes en el Extranjero;2014M12;.
03133 Torrevieja;Pernoctaciones;Residentes en el Extranjero;2014M11;.
03133 Torrevieja;Pernoctaciones;Residentes en el Extranjero;2014M10;.
03133 Torrevieja;Pernoctaciones;Residentes en el Extranjero;2014M09;.
03133 Torrevieja;Pernoctaciones;Residentes en el Extranjero;2014M08;.
03133 Torrevieja;Pernoctaciones;Residentes en el Extranjero;2014M07;.
03133 Torrevieja;Pernoctaciones;Residentes en el Extranjero;2014M06;.
03133 Torrevieja;Pernoctaciones;Residentes en el Extranjero;2014M05;.
03133 Torrevieja;Pernoctaciones;Residentes en el Extranjero;2014M04;.
03133 Torrevieja;Pernoctaciones;Residentes en el Extranjero;2014M03;.
03133 Torrevieja;Pernoctaciones;Residentes en el Extranjero;2014M02;.
03133 Torrevieja;Pernoctaciones;Residentes en el Extranjero;2014M01;.
03133 Torrevieja;Pernoctaciones;Residentes en el Extranjero;2013M12;..
03133 Torrevieja;Pernoctaciones;Residentes en el Extranjero;2013M11;..
03133 Torrevieja;Pernoctaciones;Residentes en el Extranjero;2013M10;..
03133 Torrevieja;Pernoctaciones;Residentes en el Extranjero;2013M09;..
03133 Torrevieja;Pernoctaciones;Residentes en el Extranjero;2013M08;..
03133 Torrevieja;Pernoctaciones;Residentes en el Extranjero;2013M07;..
03133 Torrevieja;Pernoctaciones;Residentes en el Extranjero;2013M06;..
03133 Torrevieja;Pernoctaciones;Residentes en el Extranjero;2013M05;..
03133 Torrevieja;Pernoctaciones;Residentes en el Extranjero;2013M04;..
03133 Torrevieja;Pernoctaciones;Residentes en el Extranjero;2013M03;..
03133 Torrevieja;Pernoctaciones;Residentes en el Extranjero;2013M02;..
03133 Torrevieja;Pernoctaciones;Residentes en el Extranjero;2013M01;..
03133 Torrevieja;Pernoctaciones;Residentes en el Extranjero;2012M12;..
03133 Torrevieja;Pernoctaciones;Residentes en el Extranjero;2012M11;..
03133 Torrevieja;Pernoctaciones;Residentes en el Extranjero;2012M10;..
03133 Torrevieja;Pernoctaciones;Residentes en el Extranjero;2012M09;..
03133 Torrevieja;Pernoctaciones;Residentes en el Extranjero;2012M08;..
03133 Torrevieja;Pernoctaciones;Residentes en el Extranjero;2012M07;..
03133 Torrevieja;Pernoctaciones;Residentes en el Extranjero;2012M06;..
03133 Torrevieja;Pernoctaciones;Residentes en el Extranjero;2012M05;..
03133 Torrevieja;Pernoctaciones;Residentes en el Extranjero;2012M04;..
03133 Torrevieja;Pernoctaciones;Residentes en el Extranjero;2012M03;..
03133 Torrevieja;Pernoctaciones;Residentes en el Extranjero;2012M02;..
03133 Torrevieja;Pernoctaciones;Residentes en el Extranjero;2012M01;..
03133 Torrevieja;Pernoctaciones;Residentes en el Extranjero;2011M12;""
03133 Torrevieja;Pernoctaciones;Residentes en el Extranjero;2011M11;""
03133 Torrevieja;Pernoctaciones;Residentes en el Extranjero;2011M10;""
03133 Torrevieja;Pernoctaciones;Residentes en el Extranjero;2011M09;""
03133 Torrevieja;Pernoctaciones;Residentes en el Extranjero;2011M08;""
03133 Torrevieja;Pernoctaciones;Residentes en el Extranjero;2011M07;""
03133 Torrevieja;Pernoctaciones;Residentes en el Extranjero;2011M06;""
03133 Torrevieja;Pernoctaciones;Residentes en el Extranjero;2011M05;""
03133 Torrevieja;Pernoctaciones;Residentes en el Extranjero;2011M04;""
03133 Torrevieja;Pernoctaciones;Residentes en el Extranjero;2011M03;""
03133 Torrevieja;Pernoctaciones;Residentes en el Extranjero;2011M02;""
03133 Torrevieja;Pernoctaciones;Residentes en el Extranjero;2011M01;""
03133 Torrevieja;Pernoctaciones;Residentes en el Extranjero;2010M12;""
03133 Torrevieja;Pernoctaciones;Residentes en el Extranjero;2010M11;""
03133 Torrevieja;Pernoctaciones;Residentes en el Extranjero;2010M10;""
03133 Torrevieja;Pernoctaciones;Residentes en el Extranjero;2010M09;""
03133 Torrevieja;Pernoctaciones;Residentes en el Extranjero;2010M08;""
03133 Torrevieja;Pernoctaciones;Residentes en el Extranjero;2010M07;""
03133 Torrevieja;Pernoctaciones;Residentes en el Extranjero;2010M06;""
03133 Torrevieja;Pernoctaciones;Residentes en el Extranjero;2010M05;""
03133 Torrevieja;Pernoctaciones;Residentes en el Extranjero;2010M04;""
03133 Torrevieja;Pernoctaciones;Residentes en el Extranjero;2010M03;""
03133 Torrevieja;Pernoctaciones;Residentes en el Extranjero;2010M02;""
03133 Torrevieja;Pernoctaciones;Residentes en el Extranjero;2010M01;""
03133 Torrevieja;Pernoctaciones;Residentes en el Extranjero;2009M12;..
03133 Torrevieja;Pernoctaciones;Residentes en el Extranjero;2009M11;..
03133 Torrevieja;Pernoctaciones;Residentes en el Extranjero;2009M10;7.433
03133 Torrevieja;Pernoctaciones;Residentes en el Extranjero;2009M09;7.296
03133 Torrevieja;Pernoctaciones;Residentes en el Extranjero;2009M08;14.129
03133 Torrevieja;Pernoctaciones;Residentes en el Extranjero;2009M07;13.464
03133 Torrevieja;Pernoctaciones;Residentes en el Extranjero;2009M06;9.800
03133 Torrevieja;Pernoctaciones;Residentes en el Extranjero;2009M05;8.525
03133 Torrevieja;Pernoctaciones;Residentes en el Extranjero;2009M04;6.124
03133 Torrevieja;Pernoctaciones;Residentes en el Extranjero;2009M03;..
03133 Torrevieja;Pernoctaciones;Residentes en el Extranjero;2009M02;..
03133 Torrevieja;Pernoctaciones;Residentes en el Extranjero;2009M01;..
03133 Torrevieja;Pernoctaciones;Residentes en el Extranjero;2008M12;..
03133 Torrevieja;Pernoctaciones;Residentes en el Extranjero;2008M11;..
03133 Torrevieja;Pernoctaciones;Residentes en el Extranjero;2008M10;7.019
03133 Torrevieja;Pernoctaciones;Residentes en el Extranjero;2008M09;7.387
03133 Torrevieja;Pernoctaciones;Residentes en el Extranjero;2008M08;8.344
03133 Torrevieja;Pernoctaciones;Residentes en el Extranjero;2008M07;4.270
03133 Torrevieja;Pernoctaciones;Residentes en el Extranjero;2008M06;6.815
03133 Torrevieja;Pernoctaciones;Residentes en el Extranjero;2008M05;4.226
03133 Torrevieja;Pernoctaciones;Residentes en el Extranjero;2008M04;6.066
03133 Torrevieja;Pernoctaciones;Residentes en el Extranjero;2008M03;5.756
03133 Torrevieja;Pernoctaciones;Residentes en el Extranjero;2008M02;4.636
03133 Torrevieja;Pernoctaciones;Residentes en el Extranjero;2008M01;..
03133 Torrevieja;Pernoctaciones;Residentes en el Extranjero;2007M12;..
03133 Torrevieja;Pernoctaciones;Residentes en el Extranjero;2007M11;..
03133 Torrevieja;Pernoctaciones;Residentes en el Extranjero;2007M10;..
03133 Torrevieja;Pernoctaciones;Residentes en el Extranjero;2007M09;..
03133 Torrevieja;Pernoctaciones;Residentes en el Extranjero;2007M08;..
03133 Torrevieja;Pernoctaciones;Residentes en el Extranjero;2007M07;..
03133 Torrevieja;Pernoctaciones;Residentes en el Extranjero;2007M06;..
03133 Torrevieja;Pernoctaciones;Residentes en el Extranjero;2007M05;..
03133 Torrevieja;Pernoctaciones;Residentes en el Extranjero;2007M04;..
03133 Torrevieja;Pernoctaciones;Residentes en el Extranjero;2007M03;..
03133 Torrevieja;Pernoctaciones;Residentes en el Extranjero;2007M02;..
03133 Torrevieja;Pernoctaciones;Residentes en el Extranjero;2007M01;.
03133 Torrevieja;Pernoctaciones;Residentes en el Extranjero;2006M12;..
03133 Torrevieja;Pernoctaciones;Residentes en el Extranjero;2006M11;..
03133 Torrevieja;Pernoctaciones;Residentes en el Extranjero;2006M10;21.055
03133 Torrevieja;Pernoctaciones;Residentes en el Extranjero;2006M09;..
03133 Torrevieja;Pernoctaciones;Residentes en el Extranjero;2006M08;..
03133 Torrevieja;Pernoctaciones;Residentes en el Extranjero;2006M07;..
03133 Torrevieja;Pernoctaciones;Residentes en el Extranjero;2006M06;..
03133 Torrevieja;Pernoctaciones;Residentes en el Extranjero;2006M05;..
03133 Torrevieja;Pernoctaciones;Residentes en el Extranjero;2006M04;..
03133 Torrevieja;Pernoctaciones;Residentes en el Extranjero;2006M03;..
03133 Torrevieja;Pernoctaciones;Residentes en el Extranjero;2006M02;..
03133 Torrevieja;Pernoctaciones;Residentes en el Extranjero;2006M01;..
03133 Torrevieja;Pernoctaciones;Residentes en el Extranjero;2005M12;3.516
03133 Torrevieja;Pernoctaciones;Residentes en el Extranjero;2005M11;6.335
03133 Torrevieja;Pernoctaciones;Residentes en el Extranjero;2005M10;8.483
03133 Torrevieja;Pernoctaciones;Residentes en el Extranjero;2005M09;11.881
03133 Torrevieja;Pernoctaciones;Residentes en el Extranjero;2005M08;8.924
03133 Torrevieja;Pernoctaciones;Residentes en el Extranjero;2005M07;9.315
03133 Torrevieja;Pernoctaciones;Residentes en el Extranjero;2005M06;10.010
03133 Torrevieja;Pernoctaciones;Residentes en el Extranjero;2005M05;10.414
03133 Torrevieja;Pernoctaciones;Residentes en el Extranjero;2005M04;8.974
03133 Torrevieja;Pernoctaciones;Residentes en el Extranjero;2005M03;15.283
03133 Torrevieja;Pernoctaciones;Residentes en el Extranjero;2005M02;15.576
03133 Torrevieja;Pernoctaciones;Residentes en el Extranjero;2005M01;10.351
