cp;categoria;cod_categoria;cod_estado;cod_modalidad;cod_municipio;cod_provincia;direccion;email;estado;fecha_alta;modalidad;municipio;nombre;num_bungalos;num_parcelas;periodo;plaza_bungalos;plazas;plazas_libre_acampada;plazas_parcela;provincia;signatura;sup_libre_acampada;telefono;web
03130;TRES ESTRELLAS;3e;A;CAM;121;03;CR Santa Pola - Elx Km. 11;info@campingbahiasantapola.com;ACTIVO;04/06/1965;CAMPING;SANTA POLA;BAHIA DE SANTA POLA;11;457;[Anual];49;1387;1338;0;ALICANTE/ALACANT;CV-CAM000004-A;0;+00 34 965 411 012;https://www.campingbahiasantapola.com
03130;UNA ESTRELLA;1e;A;CAM;121;03;C Los Electricistas (Pol.Industrial 2) 14;camperareasantapola@gmail.com;ACTIVO;25/05/2018;CAMPING;SANTA POLA;SANTA POLA;0;23;[Anual];0;69;69;0;ALICANTE/ALACANT;CV-CAM000110-A;0;691137174;http://campingsantapolacaravanas.es
03140;CINCO ESTRELLAS;5e;A;CAM;076;03;CR N-332, KM. 73.4;reservas@alannia.com;ACTIVO;06/10/1997;CAMPING;GUARDAMAR DEL SEGURA;ALANNIA GUARDAMAR;124;213;[Anual];597;864;267;0;ALICANTE/ALACANT;CV-CAM000077-A;0;965484945;http://www.alanniaresorts.com
03140;TRES ESTRELLAS;3e;A;CAM;076;03;CR Cartagena - Alicante km.70,5;admin@campingpalmmar.es;ACTIVO;10/09/1981;CAMPING;GUARDAMAR DEL SEGURA;PALM-MAR;0;177;No especificado;0;559;531;28;ALICANTE/ALACANT;CV-CAM000051-A;560;965728856;http://www.campingpalmmar.com
03177;TRES ESTRELLAS;3e;A;CAM;118;03;C MAR CANTÁBRICO 7;sanfulpark@gmail.com;ACTIVO;24/07/2012;CAMPING;SAN FULGENCIO;CAMPER PARK SAN FULGENCIO;0;58;[Anual];0;174;174;0;ALICANTE/ALACANT;CV-CAM000090-A;0;966725317;camperparksanfulgencio.com
03177;UNA ESTRELLA;1e;A;CAM;118;03;POLÍGONO 6 PARCELA 70 Y 71 PARAJE EL MOLAR;RECEPCION@RSCGRUPOASESOR.COM;ACTIVO;05/10/2023;CAMPING;SAN FULGENCIO;DUNAS Y MAR;0;51;[Anual];0;153;153;0;ALICANTE/ALACANT;CV-CAM000123-A;0;966160712;WWW.DUNASYMAR.ES
03186;TRES ESTRELLAS;3e;A;CAM;133;03;CR CV-95,  S.Miguel de Salinas-Torrevieja;camping@campingflorantilles.com;ACTIVO;21/01/1994;CAMPING;TORREVIEJA;FLORANTILLES;97;264;[Anual];388;889;501;0;ALICANTE/ALACANT;CV-CAM000072-A;0;965720456;http://www.campingflorantilles.com
03191;CUATRO ESTRELLAS;4e;A;CAM;902;03;AV Comunitat Valenciana 157;info@campinglomonte.com;ACTIVO;01/06/2011;CAMPING;PILAR DE LA HORADADA;LO MONTE;42;249;[Anual];168;789;621;0;ALICANTE/ALACANT;CV-CAM000087-A;0;+34 966 766 782;https://www.campinglomonte.com
03194;CINCO ESTRELLAS;5e;A;CAM;065;03;AV de la Alegría (La Marina) s/n;cristinagomis@campinglamarina.com cristinagomis@lamarinaresort.com;ACTIVO;11/09/1981;CAMPING;ELX/ELCHE;LA MARINA CAMPING & RESORT;145;598;[Anual];723;2082;1359;0;ALICANTE/ALACANT;CV-CAM000061-A;0;965419200;https://www.lamarinaresorts.com/
03194;UNA ESTRELLA;1e;A;CAM;065;03;PARTIDA LA MARINA, POL. 0, 55 A;;ACTIVO;02/03/2025;CAMPING;ELX/ELCHE;PINET PLAYA CAMPARK LA MARINA;0;72;[Anual];0;216;216;0;ALICANTE/ALACANT;CV-CAM000127-A;0;634771306;
03195;TRES ESTRELLAS;3e;A;CAM;065;03;CAMI DEL CANAL, 66J;info@lomasdebalsares.es;ACTIVO;31/10/2025;CAMPING;ELX/ELCHE;LOMAS DE BALSARES;0;60;[Anual];0;180;180;0;ALICANTE/ALACANT;CV-CAM000129-A;0;665920191;www.lomasdebalsarescamperpark.com
03330;CINCO ESTRELLAS;5e;A;CAM;059;03;PD  AP7. Salida 730 (Catral-Crevillent);reservas@alannia.com;ACTIVO;08/11/2011;CAMPING;CREVILLENT;ALANNIA COSTABLANCA;342;1421;[Anual];1625;4862;3237;0;ALICANTE/ALACANT;CV-CAM000088-A;0;+34 965 48 49 45;https://alanniaresorts.com/es/resorts/alannia-costa-blanca
03330;CUATRO ESTRELLAS;4e;A;CAM;059;03;CR N-340 Alicante-Murcia, C/Gutierrez de Cárdenas, 30 km.708;laspalmeras@laspalmeras-sl.com;ACTIVO;01/08/1983;CAMPING;CREVILLENT;LAS PALMERAS RESORT;15;61;[Anual];60;198;138;0;ALICANTE/ALACANT;CV-CAM000064-A;0;660 061 982;https://laspalmerasresort.com/camping
03380;TRES ESTRELLAS;3e;A;CAM;044;03;C Cañada de Andrea 100;info@campinglapedrera.com;ACTIVO;17/05/2010;CAMPING;BIGASTRO;LA PEDRERA;31;76;[Anual];125;260;135;0;ALICANTE/ALACANT;CV-CAM000086-A;0;691 398 501;https://www.campinglapedrera.com
03400;UNA ESTRELLA;1e;A;CAM;140;03;PE Cabezo de la Virgen, 60 Las Virtudes;alicante@nomadingcamp.com;ACTIVO;24/05/2018;CAMPING;VILLENA;NOMADING CAMP ALICANTE;16;16;[Anual];32;32;0;0;ALICANTE/ALACANT;CV-CAM000111-A;0;631738516;https://www.nomadingcamp.com/hotel-burbuja-alicante
03500;CINCO ESTRELLAS;5e;A;CAM;031;03;PD Cabut 25;steve@almafracamping.com;ACTIVO;25/06/2007;CAMPING;BENIDORM;ALMAFRÁ;39;205;[Anual];168;666;498;0;ALICANTE/ALACANT;CV-CAM000084-A;0;965889075;campingalmafra.es
03502;CUATRO ESTRELLAS;4e;A;CAM;031;03;C Foia del Verdader 1;reservas@magicnatura.com;ACTIVO;10/06/2015;CAMPING;BENIDORM;MAGIC NATURA LODGE RESORT;350;350;No especificado;1400;1400;0;0;ALICANTE/ALACANT;CV-CAM000098-A;0;(+34) 865 662 225;http://www.magicnatura.com
03502;CUATRO ESTRELLAS;4e;A;CAM;031;03;C/ FOIA DEL VERDADER , 1;reservas@hoteles-costablanca.com;ACTIVO;19/05/2025;CAMPING;BENIDORM;MAGIC PIRATES ISLAND RESORT;224;224;[Anual];1096;1096;0;0;ALICANTE/ALACANT;CV-CAM000128-A;0;965851654;https://magicpiratesislandresort.com/
03503;CINCO ESTRELLAS;5e;A;CAM;031;03;PD MEDIA LEGUA POLIGONO 17 PARCELA 7 ,166,167;lamedialegua@sun-confort.com;ACTIVO;27/04/2024;CAMPING;BENIDORM;LA MEDIA LEGUA;18;398;[Anual];72;1212;1140;0;ALICANTE/ALACANT;CV-CAM000125-A;0;96 623 01 03;https://lamedialeguacamping.com/es
03503;CUATRO ESTRELLAS;4e;A;CAM;031;03;AV Comunitat Valenciana S.N;info@campingbenisol.com;ACTIVO;15/02/1982;CAMPING;BENIDORM;BENISOL;45;292;[Anual];135;876;741;0;ALICANTE/ALACANT;CV-CAM000035-A;0;965851673;campingbenisol.com
03503;CUATRO ESTRELLAS;4e;A;CAM;031;03;AV Dr. Severo Ochoa 44;info@campingarenablanca.com;ACTIVO;08/04/1987;CAMPING;BENIDORM;ARENA BLANCA;60;161;[Anual];239;542;303;0;ALICANTE/ALACANT;CV-CAM000066-A;0;965861889;http://www.campingarenablanca.com
03503;CUATRO ESTRELLAS;4e;A;CAM;031;03;CM Viejo del Albir s/n.;reservas@magicrobinhood.com;ACTIVO;03/05/2000;CAMPING;BENIDORM;MAGIC ROBIN HOOD SPORTS, WATERPARK & MEDIEVAL LODGE;470;470;[Anual];2200;2200;0;0;ALICANTE/ALACANT;CV-CAM000079-A;0;(+34) 966 867 139;https://www.magicrobinhood.com
03503;DOS ESTRELLAS;2e;A;CAM;031;03;AV Dr. Severo Ochoa 11;info@campinglatorreta.com;ACTIVO;29/09/1970;CAMPING;BENIDORM;LA TORRETA;23;247;[Anual];92;764;672;0;ALICANTE/ALACANT;CV-CAM000042-A;0;965854668;https://www.campinglatorreta.com
03503;DOS ESTRELLAS;2e;A;CAM;031;03;AV Dr. Severo Ochoa S.N;info@campingbenidorm.net;ACTIVO;18/01/1968;CAMPING;BENIDORM;BENIDORM;24;83;[Anual];71;258;177;10;ALICANTE/ALACANT;CV-CAM000016-A;180.96;965860011;http://www.campingbenidorm.net/
03503;TRES ESTRELLAS;3e;A;CAM;031;03;AV Bernat de Sarrià 13;info@camping-villasol.com;ACTIVO;15/02/1990;CAMPING;BENIDORM;VILLASOL;43;332;[Anual];198;1120;867;55;ALICANTE/ALACANT;CV-CAM000069-A;620;+34 965 850 422;https://www.camping-villasol.com
03503;TRES ESTRELLAS;3e;A;CAM;031;03;AV Comunidad Valenciana. Camí de L'Armanello s/n;info@campingarmanello.com;ACTIVO;31/12/1971;CAMPING;BENIDORM;ARMANELLO;49;191;[Anual];215;641;426;0;ALICANTE/ALACANT;CV-CAM000049-A;0;96 585 31 90;https://www.campingarmanello.com/
03503;TRES ESTRELLAS;3e;A;CAM;031;03;AV DR. SEVERO OCHOA S.N;info@campingraco.com;ACTIVO;15/09/1997;CAMPING;BENIDORM;EL RACO;4;654;[Anual];20;1970;1950;0;ALICANTE/ALACANT;CV-CAM000076-A;0;965868552;http://www.campingraco.com
03503;TRES ESTRELLAS;3e;A;CAM;031;03;CR del Albir, km. 0'300;camping@campingvillamar.com;ACTIVO;20/03/2003;CAMPING;BENIDORM;VILLAMAR;3;1090;[Anual];13;3274;3261;0;ALICANTE/ALACANT;CV-CAM000082-A;0;966 811 255;www.campingvillamar.com
03509;DOS ESTRELLAS;2e;A;CAM;069;03;C Beniarres 6;reservas@camperaliafinestrat.com;ACTIVO;11/01/2023;CAMPING;FINESTRAT;CAMPERALIA FINESTRAT;0;86;[Anual];0;258;258;0;ALICANTE/ALACANT;CV-CAM000122-A;0;693005621;https://www.camperaliafinestrat.com/
03509;UNA ESTRELLA;1e;A;CAM;069;03;PD TAPIADA MARRAIX 57;campingpuigcampana@gmail.com;ACTIVO;28/05/2015;CAMPING;FINESTRAT;PUIG CAMPANA;0;43;[Anual];0;155;129;26;ALICANTE/ALACANT;CV-CAM000097-A;1013;965 878 584;http://campingpuigcampana.com
03510;DOS ESTRELLAS;2e;A;CAM;048;03;PD ALGAR -  PDA. TORRETA-SEGARRA 146;info@fontsdelalgar.com;ACTIVO;28/03/2022;CAMPING;CALLOSA D'EN SARRIÀ;FONTS DE L'ALGAR;7;42;[Anual];30;165;105;30;ALICANTE/ALACANT;CV-CAM000119-A;994;608742571;http://fontsdelalgar.com
03520;UNA ESTRELLA;1e;A;CAM;107;03;CAMI DEL CASTELLET;info@camperponoig.es;ACTIVO;25/12/2025;CAMPING;POLOP;CAMPER PONOIG;0;62;[Anual];0;186;186;0;ALICANTE/ALACANT;CV-CAM000132-A;0;652704778;www.camperponoig.es
03550;TRES ESTRELLAS;3e;A;CAM;050;03;C DOCTOR SEVERO OCHOA 39;info@campingeljardin.com;ACTIVO;21/02/2002;CAMPING;CAMPELLO, EL;EL JARDIN;11;133;[Anual];60;424;366;0;ALICANTE/ALACANT;CV-CAM000080-A;0;965657580;http://www.campingeljardin.com
03560;DOS ESTRELLAS;2e;A;CAM;050;03;AV Fabraquer 14;info@camperarea7.com;ACTIVO;19/04/2017;CAMPING;CAMPELLO, EL;CAMPER AREA 7;0;50;[Anual];0;150;150;0;ALICANTE/ALACANT;CV-CAM000104-A;0;666106389;https://www.camperarea7.com
03560;DOS ESTRELLAS;2e;A;CAM;050;03;C ANCORES 25-29;info@areanaturplaya.com;ACTIVO;17/11/2020;CAMPING;CAMPELLO, EL;AREA NATUR PLAYAMUCHAVISTA;0;70;[Anual];0;210;210;0;ALICANTE/ALACANT;CV-CAM000116-A;0;618450066;www.areanaturplaya.com
03560;DOS ESTRELLAS;2e;A;CAM;050;03;C Juan de laCierva 8;info@camperareacampellobeach.com;ACTIVO;03/02/2015;CAMPING;CAMPELLO, EL;CAMPER AREA CAMPELLO BEACH;0;40;[Anual];0;120;120;0;ALICANTE/ALACANT;CV-CAM000094-A;0;683612722;http://camperareacampellobeach.com
03560;DOS ESTRELLAS;2e;A;CAM;050;03;C/ Palamós, nº 7-Parc. A1;adesalicante@yahoo.es;ACTIVO;12/01/2026;CAMPING;CAMPELLO, EL;CAMPER PARK ALICANTE;0;167;[Anual];0;501;501;0;ALICANTE/ALACANT;CV-CAM000133-A;0;679600342;
03560;DOS ESTRELLAS;2e;A;CAM;050;03;Crta. de Benimagrell, 36;sunsetcamperarea@gmail.com;ACTIVO;05/03/2026;CAMPING;CAMPELLO, EL;SUNSET CAMPER AREA;0;106;[Anual];0;318;318;0;ALICANTE/ALACANT;CV-CAM000134-A;0;696995727;www.sunsetcamperarea.com
03560;TRES ESTRELLAS;3e;A;CAM;050;03;C Convento, 143  (Nacional 332, Km. 120.5);info@campingcostablanca.com;ACTIVO;08/08/1968;CAMPING;CAMPELLO, EL;COSTA BLANCA;40;85;[Anual];179;334;135;20;ALICANTE/ALACANT;CV-CAM000028-A;330;965630670;http://www.campingcostablanca.com
03560;TRES ESTRELLAS;3e;A;CAM;050;03;CM REAL DE VILLAJOYOSA 35;info@campingbonsol.es;ACTIVO;03/10/1994;CAMPING;CAMPELLO, EL;BON SOL;6;47;[Anual];16;139;123;0;ALICANTE/ALACANT;CV-CAM000073-A;0;626219880;http://www.campingbonsol.es/
03570;DOS ESTRELLAS;2e;A;CAM;139;03;CR N-332, KM. 136-PARTIDA EL PARAISO 66;info@campingplayaparaiso.com;ACTIVO;13/07/1965;CAMPING;VILA JOIOSA, LA/VILLAJOYOSA;PLAYA PARAÍSO;6;84;[Anual];24;258;234;0;ALICANTE/ALACANT;CV-CAM000006-A;0;966851838;http://www.campingplayaparaiso.com/
03570;TRES ESTRELLAS;3e;A;CAM;139;03;CR CV-759, km 1 Partida Secanet;ave@campingalicanteimperium.com;ACTIVO;05/07/2016;CAMPING;VILA JOIOSA, LA/VILLAJOYOSA;ALICANTE IMPERIUM;14;159;[Anual];54;489;435;0;ALICANTE/ALACANT;CV-CAM000100-A;0;+34 96 506 32 32;https://www.campingalicanteimperium.com
03570;TRES ESTRELLAS;3e;A;CAM;139;03;PD EL TORRES NORTE, Playa El Torres;info@campingeltorres.com;ACTIVO;17/10/2014;CAMPING;VILA JOIOSA, LA/VILLAJOYOSA;EL TORRES;11;119;[Anual];66;390;324;0;ALICANTE/ALACANT;CV-CAM000093-A;3946;+34 965 995 077;https://campingeltorres.com
03580;DOS ESTRELLAS;2e;A;CAM;011;03;CM DELS ALGUERS. POLIGONO 4 PARCELA 145 S/N;info@orangegrovecamperpark.com;ACTIVO;02/07/2020;CAMPING;ALFÀS DEL PI, L';ORANGE GROVE;0;26;[Anual];0;78;78;0;ALICANTE/ALACANT;CV-CAM000114-A;0;609656049;http://www.orangegrovecamperpark.com
03581;CUATRO ESTRELLAS;4e;A;CAM;011;03;C SERRA GELADA S/N;lacolinabeach@hotmail.com;ACTIVO;29/09/2016;CAMPING;ALFÀS DEL PI, L';LA COLINA;12;256;[Anual];24;756;732;0;ALICANTE/ALACANT;CV-CAM000102-A;0;966865903;http://campinglacolina.com
03590;DOS ESTRELLAS;2e;A;CAM;018;03;CR ALBIR 6;info@sanantonioaltea.com;ACTIVO;19/12/2011;CAMPING;ALTEA;SAN ANTONIO;0;52;No especificado;0;156;156;0;ALICANTE/ALACANT;CV-CAM000089-A;0;609726355;http://sanantonioaltea.com
03590;TRES ESTRELLAS;3e;A;CAM;018;03;PY ALBIR S/N;capblanch@ctv.es;ACTIVO;11/11/1988;CAMPING;ALTEA;CAP BLANCH;22;333;[Anual];66;999;933;0;ALICANTE/ALACANT;CV-CAM000068-A;0;965845946;http://www.camping-capblanch.com
03590;UNA ESTRELLA;1e;A;CAM;018;03;PD Cap Blanch 11;campingsantaclaraaltea@gmail.com;ACTIVO;08/04/2016;CAMPING;ALTEA;SANTA CLARA;3;19;[Anual];6;66;48;12;ALICANTE/ALACANT;CV-CAM000099-A;368;(+34) 965 842 356;http://www.campingsantaclaraaltea.com
03638;UNA ESTRELLA;1e;A;CAM;116;03;Paraje la Boquera 334;cpvistamontana@gmail.com;ACTIVO;08/10/2025;CAMPING;SALINAS;Camperpark Vista Montaña;0;21;[Anual];0;63;63;0;ALICANTE/ALACANT;CV-CAM000130-A;0;632315954;www.cpvistamontana.net
03700;TRES ESTRELLAS;3e;A;CAM;063;03;PD Deveses 32;losllanos@losllanos.net;ACTIVO;08/11/1968;CAMPING;DÉNIA;LOS LLANOS;60;164;[Anual];294;606;312;0;ALICANTE/ALACANT;CV-CAM000034-A;0;965755188;http://www.losllanos.net
03700;TRES ESTRELLAS;3e;A;CAM;063;03;PDA./ LAS ROTAS - CAMÍ DE LA RACONÀ, 16;lospinosdenia@gmail.com;ACTIVO;10/05/1983;CAMPING;DÉNIA;LOS PINOS;0;109;[Anual];0;327;327;0;ALICANTE/ALACANT;CV-CAM000019-A;0;965782698;www.lospinosdenia.com
03710;CUATRO ESTRELLAS;4e;A;CAM;047;03;C Eslovenia 3;info@campingcalpemar.com;ACTIVO;15/07/2009;CAMPING;CALP;CALPEMAR;2;109;[Anual];8;329;321;0;ALICANTE/ALACANT;CV-CAM000085-A;0;965875576;http://www.campingcalpemar.com
03710;DOS ESTRELLAS;2e;A;CAM;047;03;PD COLARI 7-E;info@mediterraneocamper.com;ACTIVO;25/02/2015;CAMPING;CALP;MEDITERRANEO;0;72;[Anual];0;216;216;0;ALICANTE/ALACANT;CV-CAM000095-A;0;965995811;http://mediterraneocamper.com
03710;DOS ESTRELLAS;2e;A;CAM;047;03;PD Marisol Park 43-A;info@marysolcampigpark.com;ACTIVO;24/08/2022;CAMPING;CALP;MARYSOL PARK;0;68;[Anual];0;204;204;0;ALICANTE/ALACANT;CV-CAM000121-A;0;601501665;http://marysolcampingpark.com
03710;DOS ESTRELLAS;2e;A;CAM;047;03;Urbanización Los Almendros, 9-A;calpe@paraisocamper.com;ACTIVO;20/04/2015;CAMPING;CALP;PARAISO CAMPER;0;61;[Anual];0;183;183;0;ALICANTE/ALACANT;CV-CAM000096-A;0;965875348;www. paraisocamper.com
03710;TRES ESTRELLAS;3e;A;CAM;047;03;AV JAUME  I  EL CONQUERIDOR 32-E-1;contact@lamerced.eu;ACTIVO;10/10/1984;CAMPING;CALP;LA MERCED;0;81;[Anual];0;243;243;0;ALICANTE/ALACANT;CV-CAM000031-A;0;965830097;
03724;CUATRO ESTRELLAS;4e;A;CAM;128;03;CM DEL PAELLERO 50;campingmoraira@campingmoraira.com;ACTIVO;10/07/1981;CAMPING;TEULADA;MORAIRA;8;68;[Anual];43;283;180;60;ALICANTE/ALACANT;CV-CAM000029-A;1135;965745249;http://www.campingmoraira.com
03726;UNA ESTRELLA;1e;A;CAM;042;03;C Los Olivos (URB. PP CDS MAR) 97;mediterranean@dreamseasurfcamp.com;ACTIVO;15/02/2021;CAMPING;POBLE NOU DE BENITATXELL, EL/BENITACHELL;DREAMSEA MEDITERRANEAN CAMP;21;21;[Semana Santa];42;42;0;0;ALICANTE/ALACANT;CV-CAM000117-A;0;856620304;https://dreamseasurfcamp.com/mediterranean/
03730;CUATRO ESTRELLAS;4e;A;CAM;082;03;CM DE LA FONTANA 10;info@wecamp.net;ACTIVO;09/03/1981;CAMPING;XÀBIA/JÁVEA;WECAMP JÁVEA;21;207;[Anual];82;640;558;0;ALICANTE/ALACANT;CV-CAM000059-A;0;936268900;https://wecamp.net/
03730;TRES ESTRELLAS;3e;A;CAM;082;03;CM ELS  MORERS - APDO CORREOS 55 15;naranjal@teleline.es;ACTIVO;03/12/1984;CAMPING;XÀBIA/JÁVEA;EL NARANJAL;66;179;[Anual];290;650;339;21;ALICANTE/ALACANT;CV-CAM000065-A;440;965792989;http://www.campingelnaranjal.com
03770;TRES ESTRELLAS;3e;A;CAM;063;03;CR MARINES RACONS 33;;ACTIVO;01/04/1981;CAMPING;DÉNIA;LOS PATOS;0;158;[Anual];0;488;474;14;ALICANTE/ALACANT;CV-CAM000060-A;300;965755293;
03788;TRES ESTRELLAS;3e;A;CAM;134;03;CM D'ANDON S.N;reserves@camping-lavall.com;ACTIVO;10/08/1993;CAMPING;VALL D'ALCALÀ, LA;LA VALL;0;59;No especificado;0;177;177;0;ALICANTE/ALACANT;CV-CAM000071-A;0;965514300;http://www.camping-lavall.com
03791;TRES ESTRELLAS;3e;A;CAM;137;03;C Sant Antoni 24;info@campinglaguar.com;ACTIVO;27/04/2006;CAMPING;VALL DE LAGUAR, LA;VALL DE LAGUAR;11;67;[Anual];48;247;168;31;ALICANTE/ALACANT;CV-CAM000083-A;683;96 558 45 90;http://www.campinglaguar.com
03794;DOS ESTRELLAS;2e;A;CAM;029;03;PDA. VIÑA, PARCELA 41 DEL POLÍGONO 6;;ACTIVO;17/10/2025;CAMPING;BENIGEMBLA;BENIGEMBLA;0;42;[Anual];0;126;126;0;ALICANTE/ALACANT;CV-CAM000131-A;0;;
12132;UNA ESTRELLA;1e;A;CAM;001;12;POLIGONO 15, PARCELA 702 RIBASALS;;ACTIVO;10/09/2024;CAMPING;ATZENETA DEL MAESTRAT;EL MOLÍ GLAMPING;3;8;[Anual];6;27;15;6;CASTELLÓN/CASTELLÓ;CV-CAM000086-CS;296;621680316;
12150;TRES ESTRELLAS;3e;A;CAM;129;12;CR VILLAFRANCA-TERUEL. PARTIDA VEGAS TEJERIA KM. 0'7;xavivila86@gmail.com;ACTIVO;14/07/1997;CAMPING;VILAFRANCA/VILLAFRANCA DEL CID;LLOSAR;0;58;No especificado;0;204;174;30;CASTELLÓN/CASTELLÓ;CV-CAM000068-CS;745;689029264;
12179;UNA ESTRELLA;1e;A;CAM;111;12;PARAJE LA VALLTORTA, Plá de l'Om, s/n;info@zielodelevante.com;ACTIVO;14/05/1993;CAMPING;TÍRIG;ZIELO DE LEVANTE;12;18;No especificado;32;50;18;0;CASTELLÓN/CASTELLÓ;CV-CAM000062-CS;0;+34 630 949 950;https://www.zielodelevante.com/es
12180;CUATRO ESTRELLAS;4e;A;CAM;033;12;AV La Ratlla 7;info@campingriberamar.com;ACTIVO;25/03/1993;CAMPING;CABANES;RIBERAMAR;35;237;No especificado;138;744;606;0;CASTELLÓN/CASTELLÓ;CV-CAM000061-CS;0;964319762;http://www.campingriberamar.com
12192;UNA ESTRELLA;1e;A;CAM;128;12;C REI EN JAUME I 297;camperareavilafames@gmail.com;ACTIVO;28/04/2023;CAMPING;VILAFAMÉS;CAMPER AREA VILAFAMES;0;20;[Anual];0;60;60;0;CASTELLÓN/CASTELLÓ;CV-CAM000084-CS;0;633646628;http://www.camperaereavilafames.com
12320;TRES ESTRELLAS;3e;A;CAM;099;12;CV 136 Km 1.5, Sant Jordi, Cervera, 1.5;info@maestratpark.es;ACTIVO;11/07/2017;CAMPING;SANT JORDI/SAN JORGE;MAESTRAT PARK;48;107;[Anual];194;371;177;0;CASTELLÓN/CASTELLÓ;CV-CAM000079-CS;0;964 412 262;https://es.maestratpark.es
12400;CUATRO ESTRELLAS;4e;A;CAM;104;12;C Monte San Blas S.N;info@complejosanblas.com;ACTIVO;27/07/1989;CAMPING;SEGORBE;COMPLEJO SAN BLAS;3;70;[Anual];12;213;201;0;CASTELLÓN/CASTELLÓ;CV-CAM000053-CS;0;+34 964 710 784;http://www.complejosanblas.com
12410;TRES ESTRELLAS;3e;A;CAM;012;12;PARQUE MUNICIPAL S.N;camping@infoaltura.com;ACTIVO;15/07/1983;CAMPING;ALTURA;CAMPING MUNICIPAL;0;108;No especificado;0;336;324;12;CASTELLÓN/CASTELLÓ;CV-CAM000044-CS;300;964147089;
12430;TRES ESTRELLAS;3e;A;CAM;022;12;Partida Huerta Martín, s/n, Los Cloticos;info@campingloscloticos.es;ACTIVO;05/10/1993;CAMPING;BEJÍS;LOS CLOTICOS;12;89;[Verano];57;288;231;0;CASTELLÓN/CASTELLÓ;CV-CAM000063-CS;0;964 764 015;http://www.campingloscloticos.es
12448;UNA ESTRELLA;1e;A;CAM;079;12;CAMINO CARRERA SN;mtodoli@hotmail.com;ACTIVO;14/03/2025;CAMPING;MONTANEJOS;CAMPING LA GRANJA DE MONTANEJOS;19;67;[Anual];75;265;144;46;CASTELLÓN/CASTELLÓ;CV-CAM000087-CS;562.69;652226000;
12460;CUATRO ESTRELLAS;4e;A;CAM;140;12;CM BENABAL (Partida de las Quinchas) S.N;info@campingvilladeviver.es;ACTIVO;20/12/1981;CAMPING;VIVER;VILLA DE VIVER;0;62;[Anual];0;198;186;12;CASTELLÓN/CASTELLÓ;CV-CAM000041-CS;280;964 14 13 34;http://www.campingvilladeviver.es
12470;CUATRO ESTRELLAS;4e;A;CAM;081;12;CR CV-213  NAVAJAS km. 1;reservas@campingaltomira.com;ACTIVO;25/06/1997;CAMPING;NAVAJAS;ALTOMIRA;22;112;[Anual];114;505;270;121;CASTELLÓN/CASTELLÓ;CV-CAM000067-CS;2892;964713211;http://www.campingaltomira.com
12500;TRES ESTRELLAS;3e;A;CAM;138;12;CTRA. N-340, KM. 1054;info@campingvinaros.com;ACTIVO;28/07/2004;CAMPING;VINARÒS;VINARÒS;83;228;[Anual];261;696;435;0;CASTELLÓN/CASTELLÓ;CV-CAM000074-CS;0;964402424;http://www.campingvinaros.com
12500;TRES ESTRELLAS;3e;A;CAM;138;12;PD  LAS SALINAS 41;aurea-alonso@hotmail.es;ACTIVO;14/01/1983;CAMPING;VINARÒS;CALA PUNTAL;6;81;[Anual];32;249;225;0;CASTELLÓN/CASTELLÓ;CV-CAM000043-CS;1000;964401729;
12520;DOS ESTRELLAS;2e;A;CAM;082;12;CM SARRATELLES S/N;franroblessanchez.23@gmail.com;ACTIVO;01/06/1992;CAMPING;NULES;COSTA DE LEVANTE;39;121;[Anual];213;532;246;73;CASTELLÓN/CASTELLÓ;CV-CAM000060-CS;1204;658511507;http://www.campingcostadelevante.es
12560;CINCO ESTRELLAS;5e;A;CAM;028;12;AV BARCELONA 47;info@bonterraresort.com;ACTIVO;27/04/1968;CAMPING;BENICÀSSIM/BENICASIM;BONTERRA;56;344;[Anual];328;1192;864;0;CASTELLÓN/CASTELLÓ;CV-CAM000015-CS;0;964300007;https://bonterraresort.com/
12560;CUATRO ESTRELLAS;4e;A;CAM;028;12;AV GRAN AVENIDA 295;info@campingtauro.com;ACTIVO;21/08/1974;CAMPING;BENICÀSSIM/BENICASIM;TAURO;12;131;[Anual];67;424;357;0;CASTELLÓN/CASTELLÓ;CV-CAM000024-CS;0;964392967;http://www.campingtauro.com
12560;CUATRO ESTRELLAS;4e;A;CAM;028;12;PD Villarroig s/n;info@campingazahar.es;ACTIVO;20/06/1990;CAMPING;BENICÀSSIM/BENICASIM;AZAHAR;0;198;[Anual];0;658;658;0;CASTELLÓN/CASTELLÓ;CV-CAM000051-CS;0;964303196;http://www.campingazahar.es
12560;TRES ESTRELLAS;3e;A;CAM;028;12;AV GRAN AVENIDA JAIME I 267;avenida@campingsbenciasim.com;ACTIVO;02/11/1971;CAMPING;BENICÀSSIM/BENICASIM;GRAN AVENIDA;5;90;No especificado;19;317;255;43;CASTELLÓN/CASTELLÓ;CV-CAM000010-CS;703;964101023;http://www.campingsbenicasim.com/es/campingavendia
12560;TRES ESTRELLAS;3e;A;CAM;028;12;C SIGALERO 34;info@campingleflorida.com;ACTIVO;31/07/1967;CAMPING;BENICÀSSIM/BENICASIM;FLORIDA;9;71;[Anual];40;265;186;39;CASTELLÓN/CASTELLÓ;CV-CAM000019-CS;825;964 392 385;http://www.campingflorida.es
12570;TRES ESTRELLAS;3e;A;CAM;004;12;CM CERVERA SN;gestion@aguipedra.es(administración), info@losolivoscampingpark.es (turístico);ACTIVO;02/07/2015;CAMPING;ALCALÀ DE XIVERT;LOS OLIVOS CAMPING PARK;11;105;[Anual];49;331;282;0;CASTELLÓN/CASTELLÓ;CV-CAM000078-CS;0;647908597;www.losolivoscampingpark.es
12578;TRES ESTRELLAS;3e;A;CAM;044;12;PARTIDA PARETES S/N;hector@eheuropa.com;ACTIVO;22/06/2023;CAMPING;CERVERA DEL MAESTRE;CAMPING CIUDAD DEL CICLISMO;0;10;[Anual];0;36;30;6;CASTELLÓN/CASTELLÓ;CV-CAM000085-CS;148;669754282;
12579;CUATRO ESTRELLAS;4e;A;CAM;004;12;CM de l'atall - Alcossebre S/N;info@playatropicana.com;ACTIVO;19/09/1977;CAMPING;ALCALÀ DE XIVERT;PLAYA TROPICANA;83;393;[Anual];518;1448;930;0;CASTELLÓN/CASTELLÓ;CV-CAM000028-CS;3350;+ 34 964 41 24 63;http://www.campingplayatropicana.com
12579;CUATRO ESTRELLAS;4e;A;CAM;004;12;PD RIBAMAR, A 2km. CAMINO DE LAS FUENTES S/N;info@campingribamar.com;ACTIVO;27/03/1990;CAMPING;ALCALÀ DE XIVERT;RIBAMAR;41;112;[Anual];164;377;213;0;CASTELLÓN/CASTELLÓ;CV-CAM000056-CS;0;964761601;http://www.campingribamar.com
12579;UNA ESTRELLA;1e;A;CAM;004;12;CR ALCOSSEBRE 85;lasmorerasac@gmail.com;ACTIVO;11/08/2017;CAMPING;ALCALÀ DE XIVERT;LAS MORERAS AC;0;55;[Anual];0;165;165;0;CASTELLÓN/CASTELLÓ;CV-CAM000080-CS;0;657618636;
12580;CUATRO ESTRELLAS;4e;A;CAM;089;12;PD Villarroyos S/N;calidad.spanatura@gmail.com;ACTIVO;21/11/2002;CAMPING;PENÍSCOLA/PEÑÍSCOLA;SPA NATURA RESORT;63;0;[Anual];252;486;234;0;CASTELLÓN/CASTELLÓ;CV-CAM000072-CS;0;964 475 480;http://www.spanaturaresort.com
12580;TRES ESTRELLAS;3e;A;CAM;027;12;CR N-340 km. 1046;info@campingalegria.com;ACTIVO;04/12/1975;CAMPING;BENICARLÓ;ALEGRIA DEL MAR;23;49;[Anual];118;233;78;37;CASTELLÓN/CASTELLÓ;CV-CAM000026-CS;609;964470871;http://www.campingalegria.com
12589;TRES ESTRELLAS;3e;A;CAM;034;12;CM Peñíscola-Càlig s/n;info@campingorangeraie.com;ACTIVO;27/02/2012;CAMPING;CÀLIG;CAMPING ORANGERAIE;154;241;No especificado;692;1239;261;286;CASTELLÓN/CASTELLÓ;CV-CAM000076-CS;9512.34;(0034) 964 765 059;https://www.campingorangeraie.com
12592;TRES ESTRELLAS;3e;A;CAM;053;12;AV MARE NOSTRUM S.S;info@3estrellasmediterraneo.com;ACTIVO;22/04/1993;CAMPING;CHILCHES/XILXES;TRES ESTRELLAS MEDITERRANEO;66;188;[Anual];268;634;366;0;CASTELLÓN/CASTELLÓ;CV-CAM000058-CS;0;655950821;https://www.tresestrellascampings.com/mediterraneo-castellon-valencia/
12593;CUATRO ESTRELLAS;4e;A;CAM;077;12;CM Serratelles 95;info@campingmonmar.com;ACTIVO;05/02/2001;CAMPING;MONCOFA;CAMPING MONMAR;24;167;[Anual];95;524;429;0;CASTELLÓN/CASTELLÓ;CV-CAM000071-CS;0;964 58 85 92;http://www.campingmonmar.com
12593;CUATRO ESTRELLAS;4e;A;CAM;077;12;CR N-340, km. 4, Camí Cabres s/n;info@campinglosnaranjos.com;ACTIVO;05/07/1994;CAMPING;MONCOFA;LOS NARANJOS;49;202;[Anual];219;531;312;0;CASTELLÓN/CASTELLÓ;CV-CAM000064-CS;0;+34 964 58 03 37;https://www.campinglosnaranjos.com
12594;CUATRO ESTRELLAS;4e;A;CAM;085;12;AV Barcelona - Veredea de la Didota s/n;info@campingdidota.es;ACTIVO;01/06/1987;CAMPING;ORPESA/OROPESA DEL MAR;DIDOTA;21;133;No especificado;84;420;336;0;CASTELLÓN/CASTELLÓ;CV-CAM000048-CS;0;964319551;http://www.campingdidota.es
12594;CUATRO ESTRELLAS;4e;A;CAM;085;12;CAMINO L'ATALL S.N;oasis@camping-oropesa.com;ACTIVO;07/10/1991;CAMPING;ORPESA/OROPESA DEL MAR;OASIS;110;230;[Anual];436;796;360;0;CASTELLÓN/CASTELLÓ;CV-CAM000059-CS;0;678 70 03 58;http://www.camping-oropesa.com
12594;DOS ESTRELLAS;2e;A;CAM;085;12;PD AMPLARIES S.N;campingkivu@gmail.com;ACTIVO;25/04/1986;CAMPING;ORPESA/OROPESA DEL MAR;KIVU;10;96;[Anual];17;275;258;0;CASTELLÓN/CASTELLÓ;CV-CAM000045-CS;0;680426742;
12594;TRES ESTRELLAS;3e;A;CAM;085;12;ANTONIO BOSQUE S/N;campingvoramar@hotmail.com;ACTIVO;15/07/1983;CAMPING;ORPESA/OROPESA DEL MAR;VORAMAR;0;121;No especificado;0;363;363;0;CASTELLÓN/CASTELLÓ;CV-CAM000032-CS;0;964310206;http://www.campingvoramaroropesa.es
12595;CINCO ESTRELLAS;5e;A;CAM;033;12;AV  L'Atall 44;camping@bravoplaya.com;ACTIVO;14/01/1997;CAMPING;CABANES;BRAVOPLAYA;109;612;[Anual];472;1981;1509;0;CASTELLÓN/CASTELLÓ;CV-CAM000066-CS;0;+34 964 319 744;https://www.bravoplaya.com
12595;CUATRO ESTRELLAS;4e;A;CAM;033;12;AV Camí la L'Atall 19;info@campingtorrelasal.com;ACTIVO;22/11/2012;CAMPING;CABANES;CAMPING TORRE LA SAL;14;166;[Anual];61;517;456;0;CASTELLÓN/CASTELLÓ;CV-CAM000077-CS;0;+34 964 319 596;http://www.campingtorrelasal.com
12595;CUATRO ESTRELLAS;4e;A;CAM;033;12;CM L ATALL SN;campingmaria@hotmail.es;ACTIVO;11/11/2011;CAMPING;CABANES;CAMPING TORRE LA SAL MARIA;28;122;[Anual];93;375;282;0;CASTELLÓN/CASTELLÓ;CV-CAM000075-CS;0;964319719;http://www.torrelasalmaria.com
12596;TRES ESTRELLAS;3e;A;CAM;117;12;CR DEL MAR-PLAYA TORRENOSTRA S.N;campingtorrenostra@gmail.com;ACTIVO;15/07/1970;CAMPING;TORREBLANCA;TORRENOSTRA;6;311;[Anual];24;939;915;0;CASTELLÓN/CASTELLÓ;CV-CAM000014-CS;0;964425037;http://www.campingtorrenostra.com
12598;CUATRO ESTRELLAS;4e;A;CAM;089;12;CM ABELLERS S.N;campinglospinos@hotmail.com;ACTIVO;16/10/1989;CAMPING;PENÍSCOLA/PEÑÍSCOLA;LOS PINOS;28;105;[Anual];84;315;231;0;CASTELLÓN/CASTELLÓ;CV-CAM000046-CS;0;964480379;http://www.campinglospinos.com
12598;CUATRO ESTRELLAS;4e;A;CAM;089;12;CR CS-501 Benicarló-Peñíscola, Km. 6;juanvicent@camping-eden.com;ACTIVO;17/09/1990;CAMPING;PENÍSCOLA/PEÑÍSCOLA;EL EDEN;22;277;[Anual];132;897;765;0;CASTELLÓN/CASTELLÓ;CV-CAM000050-CS;0;669353073;https://www.camping-eden.com
12598;TRES ESTRELLAS;3e;A;CAM;089;12;AV estación 139;info@campingsoldor.com;ACTIVO;17/11/1980;CAMPING;PENÍSCOLA/PEÑÍSCOLA;SOL D'OR;50;197;[Anual];200;775;441;134;CASTELLÓN/CASTELLÓ;CV-CAM000037-CS;3138;964 480 653;http://www.campingsoldor.com
12598;TRES ESTRELLAS;3e;A;CAM;089;12;AV LA ESTACION 27;campingferrer@campingferrer.com;ACTIVO;25/09/1978;CAMPING;PENÍSCOLA/PEÑÍSCOLA;FERRER;12;77;No especificado;60;294;195;39;CASTELLÓN/CASTELLÓ;CV-CAM000029-CS;621;964489223;http://www.campingferrer.com/
12598;TRES ESTRELLAS;3e;A;CAM;089;12;AZAGADOR DE LA CRUZ S.N;info@campingelcid.com;ACTIVO;17/11/1980;CAMPING;PENÍSCOLA/PEÑÍSCOLA;EL CID;15;154;[Anual];60;477;417;0;CASTELLÓN/CASTELLÓ;CV-CAM000038-CS;1375;964480380;http://www.campingelcid.com
12598;TRES ESTRELLAS;3e;A;CAM;089;12;CARRETERA ESTACIÓN 200;info@campingpeniscola.com;ACTIVO;22/10/2025;CAMPING;PENÍSCOLA/PEÑÍSCOLA;CAMPING PEÑISCOLA;11;113;[Anual];0;306;306;0;CASTELLÓN/CASTELLÓ;CV-CAM000088-CS;0;964470871;www.campingpeniscola.com
12598;TRES ESTRELLAS;3e;A;CAM;089;12;CR PEÑÍSCOLA-BENICARLÓ km. 3,6;info@campinglavolta.com;ACTIVO;05/11/1976;CAMPING;PENÍSCOLA/PEÑÍSCOLA;LA VOLTA;0;118;[Anual];0;354;354;0;CASTELLÓN/CASTELLÓ;CV-CAM000027-CS;0;687650510;http://www.campinglavolta.com
12598;TRES ESTRELLAS;3e;A;CAM;089;12;CR PEÑÍSCOLA-BENICARLÓ km. 6,8;campingvizmar@hotmail.com;ACTIVO;03/06/1980;CAMPING;PENÍSCOLA/PEÑÍSCOLA;VIZMAR;4;139;[Anual];16;421;405;0;CASTELLÓN/CASTELLÓ;CV-CAM000031-CS;0;964473439;http://campingvizmar.com
12598;UNA ESTRELLA;1e;A;CAM;089;12;CR VIEJA PEÑISCOLA BENICARLÓ CV 140 POL. 5 PARC. 161;stopandgolarotonda@gmail.com;ACTIVO;23/03/2023;CAMPING;PENÍSCOLA/PEÑÍSCOLA;STOP AND GO LA ROTONDA DE PEÑÍSCOLA;0;18;[Anual];0;54;54;0;CASTELLÓN/CASTELLÓ;CV-CAM000083-CS;0;605308807;
12599;TRES ESTRELLAS;3e;A;CAM;093;12;CR POBLA BENIFASSÀ KM 5;angel@moliabad.com;ACTIVO;21/01/2003;CAMPING;POBLA DE BENIFASSÀ, LA;LA TINENÇA-MOLI L'ABAD;36;68;[Anual];83;189;96;10;CASTELLÓN/CASTELLÓ;CV-CAM000073-CS;880;977713418;http://www.moliabad.com
46012;TRES ESTRELLAS;3e;A;CAM;250;46;CR El Saler km. 13;contacto@devesagardens.com;ACTIVO;20/04/1977;CAMPING;VALÈNCIA;DEVESA GARDENS;56;144;[Anual];224;488;264;0;VALENCIA/VALÈNCIA;CV-CAM000026-V;0;+34 961 611 136;http://www.devesagardens.com
46012;TRES ESTRELLAS;3e;A;CAM;250;46;CR Nazaret-Oliva, Km 6,9. Ctra.del Riu, 486;info@collvertcamping.com;ACTIVO;01/07/1985;CAMPING;VALÈNCIA;COLL-VERT;25;140;No especificado;100;533;345;88;VALENCIA/VALÈNCIA;CV-CAM000035-V;2495;961830036;http://www.collvertcamping.com/
46021;TRES ESTRELLAS;3e;A;CAM;219;46;PD ELS CASALS S/N;info@CampingNatura.com;ACTIVO;20/04/1993;CAMPING;RUGAT;NATURA;37;95;[Anual];176;350;174;0;VALENCIA/VALÈNCIA;CV-CAM000042-V;0;962814166;http://www.campingnatura.com
46117;TRES ESTRELLAS;3e;A;CAM;070;46;C Universo s/n;valcampark@gmail.com;ACTIVO;05/09/2013;CAMPING;BÉTERA;VALENCIA CAMPER PARK;0;40;[Anual];0;120;120;0;VALENCIA/VALÈNCIA;CV-CAM000056-V;0;(+34) 960 718 095;http://www.valenciacamperpark.com
46118;TRES ESTRELLAS;3e;A;CAM;228;46;PUNTAR DE LES FORQUES;;ACTIVO;21/11/2024;CAMPING;SERRA;1RESPIRO;8;8;[Anual];32;32;0;0;VALENCIA/VALÈNCIA;CV-CAM000071-V;0;;
46135;DOS ESTRELLAS;2e;A;CAM;009;46;C Puig de Santa María 14;info@campingnomadic.com;ACTIVO;02/11/2020;CAMPING;ALBALAT DELS SORELLS;NOMADIC VALENCIA CAMPING CAR;0;33;[Anual];0;99;99;0;VALENCIA/VALÈNCIA;CV-CAM000063-V;0;684 477 729;https://www.comunitatvalenciana.com/
46165;DOS ESTRELLAS;2e;A;CAM;076;46;CAMINO DEL CEMENTERIO -PDA LA PALMERETA- 25;cturia_1@hotmail.com;ACTIVO;06/07/1995;CAMPING;BUGARRA;RIO TURIA;0;38;[Anual];0;114;114;0;VALENCIA/VALÈNCIA;CV-CAM000045-V;0;961660242;
46177;TRES ESTRELLAS;3e;A;CAM;247;46;PD LOS QUIÑONES S/N;;ACTIVO;17/11/1995;CAMPING;TUÉJAR;HECU CAMPING;26;180;[Anual];168;630;462;0;VALENCIA/VALÈNCIA;CV-CAM000046-V;0;961635042;
46310;DOS ESTRELLAS;2e;A;CAM;254;46;C Paso del Rey 2;info@slowlifecamping.com;ACTIVO;25/07/2007;CAMPING;VENTA DEL MORO;SLOW LIFE CAMPING VENTA DEL MORO;11;25;[Anual];44;86;42;0;VALENCIA/VALÈNCIA;CV-CAM000054-V;0;680 628 636;https://campingventadelmoro.com
46317;CUATRO ESTRELLAS;4e;A;CAM;259;46;CR Embalse de Contreras km 3;rural@kikopark.com;ACTIVO;17/01/2003;CAMPING;VILLARGORDO DEL CABRIEL;KIKO PARK RURAL;41;117;[Anual];197;425;228;0;VALENCIA/VALÈNCIA;CV-CAM000053-V;0;962 139 082;https://kikoparkrural.com
46400;CUATRO ESTRELLAS;4e;A;CAM;105;46;AV El Racó 25;info@santamartacamping.com;ACTIVO;29/01/1963;CAMPING;CULLERA;SANTA MARTA;34;160;[Anual];146;657;378;133;VALENCIA/VALÈNCIA;CV-CAM000003-V;3341;96 172 14 40;https://www.santamartacamping.com
46410;TRES ESTRELLAS;3e;A;CAM;235;46;PY SUECA- MARENY DE  BARRAQUETES;info@barraquetes.com;ACTIVO;25/06/1980;CAMPING;SUECA;LES BARRAQUETES;34;241;No especificado;136;930;621;173;VALENCIA/VALÈNCIA;CV-CAM000029-V;3757;961760723;http://www.barraquetes.com
46419;TRES ESTRELLAS;3e;A;CAM;235;46;CR del Saler (LES PALMERETES) km. 23;campingpalmeres@yahoo.es;ACTIVO;11/07/1988;CAMPING;SUECA;LAS PALMERAS;354;795;[Anual];1575;2898;1323;0;VALENCIA/VALÈNCIA;CV-CAM000037-V;0;961770861;http://www.campingpalmeras.com
46420;TRES ESTRELLAS;3e;A;CAM;235;46;CR NAZARET-OLIVA ( EL PERELLO) km. 21;;ACTIVO;22/12/1970;CAMPING;SUECA;SAN PASCUAL;61;150;[Anual];205;472;267;0;VALENCIA/VALÈNCIA;CV-CAM000019-V;0;961770273;
46500;TRES ESTRELLAS;3e;A;CAM;220;46;CM Malvarrosa - Carrer del Cigne S/N;camalva@live.com;ACTIVO;16/10/1989;CAMPING;SAGUNT/SAGUNTO;MALVARROSA DE CORINTO;92;154;[Anual];276;515;186;53;VALENCIA/VALÈNCIA;CV-CAM000039-V;1757;962 608 906;http://www.malvacorinto.com
46530;TRES ESTRELLAS;3e;A;CAM;205;46;CAMI RIU TURIA  -PLAYA DE PUÇOL- S.N;info@campingpuzol.com;ACTIVO;15/10/1981;CAMPING;PUÇOL;PUZOL;22;122;[Anual];88;388;300;0;VALENCIA/VALÈNCIA;CV-CAM000031-V;0;961421527;http://www.campingpuzol.com
46530;TRES ESTRELLAS;3e;A;CAM;205;46;PY DE PUÇOL, Carrer Riu Túria, 1,;info@campingvalencia.com;ACTIVO;11/09/1981;CAMPING;PUÇOL;VALENCIA;123;370;[Semana Santa];563;1304;741;0;VALENCIA/VALÈNCIA;CV-CAM000032-V;0;(+34) 961 46 58 06;https://www.campingvalencia.com
46590;CUATRO ESTRELLAS;4e;A;CAM;120;46;CR Estivella-Valencia, Camí del Pla S/N;info@sierra-calderona.com;ACTIVO;20/03/2002;CAMPING;ESTIVELLA;SIERRA CALDERONA CAMPING INTEGRAL;5;104;[Anual];20;384;297;67;VALENCIA/VALÈNCIA;CV-CAM000050-V;1784;96 213 65 89;https://www.sierra-calderona.com
46623;CUATRO ESTRELLAS;4e;A;CAM;144;46;PD LAS ROCHAS S/N;;ACTIVO;22/02/1994;CAMPING;JARAFUEL;LAS JARAS;4;87;[Anual];16;353;249;88;VALENCIA/VALÈNCIA;CV-CAM000043-V;3269;961899084;
46710;TRES ESTRELLAS;3e;A;CAM;113;46;CR PLAYA DAIMUS s/n;info@campinglaaventuraplaya.es;ACTIVO;17/09/1990;CAMPING;DAIMÚS;L' AVENTURA;2;139;[Anual];8;419;411;0;VALENCIA/VALÈNCIA;CV-CAM000040-V;0;962818330;www.campinglaaventuraplaya.es
46711;CUATRO ESTRELLAS;4e;A;CAM;168;46;AV DEL MAR, S/N. - PDA. DEL RACÓ S/N;camping@coelius.com;ACTIVO;01/06/1984;CAMPING;MIRAMAR;COELIUS;43;151;[Anual];154;478;324;0;VALENCIA/VALÈNCIA;CV-CAM000034-V;0;962819574;http://www.coelius.com
46715;UNA ESTRELLA;1e;A;CAM;037;46;C Metge Panella 1;kmzerocamperpark@gmail.com;ACTIVO;26/03/2015;CAMPING;ALQUERIA DE LA COMTESSA, L';CAMPER PARK KM ZERO;0;28;No especificado;0;84;84;0;VALENCIA/VALÈNCIA;CV-CAM000060-V;0;641442465;http://www.kmzerocamperpark.com
46728;TRES ESTRELLAS;3e;A;CAM;131;46;CAMI MERAVELLES COVA NEGRA, 127;info@campinglaescalada.com;ACTIVO;28/04/2023;CAMPING;GANDIA;LA ESCALADA;24;143;[Anual];100;457;357;0;VALENCIA/VALÈNCIA;CV-CAM000067-V;0;619101616;www.campinglaescaladagandia.com
46730;DOS ESTRELLAS;2e;A;CAM;143;46;PO 5. PARCELA 175, 176 Y 7004 S/N;xeracocampers@gmail.com;ACTIVO;22/07/2020;CAMPING;XERACO;XERACO CAMPERS;0;93;[Anual];0;279;279;0;VALENCIA/VALÈNCIA;CV-CAM000062-V;0;962 129 203;http://www.xeracocampers.com
46730;TRES ESTRELLAS;3e;A;CAM;131;46;AV del Grau 142;lalqueria@lalqueria.com;ACTIVO;22/05/1980;CAMPING;GANDIA;L'ALQUERIA;135;271;[Anual];469;1169;408;292;VALENCIA/VALÈNCIA;CV-CAM000027-V;6007;+34 96 284 04 70;https://www.lalqueria.com
46730;TRES ESTRELLAS;3e;A;CAM;131;46;PY Gandia-Cmno. Assagador de Morant S/N;info@campinglanaranja.com;ACTIVO;01/06/1983;CAMPING;GANDIA;LA NARANJA;7;62;No especificado;31;254;165;58;VALENCIA/VALÈNCIA;CV-CAM000033-V;1669;962841616;http://campinglanaranja.com
46758;TRES ESTRELLAS;3e;A;CAM;046;46;PD Falaguera pgo.4 pcla 294 s/n;info@campinglafalaguera.com;ACTIVO;08/05/2002;CAMPING;BARX;LA FALAGUERA;27;73;[Anual];114;244;138;0;VALENCIA/VALÈNCIA;CV-CAM000051-V;0;962807571;http://www.campinglafalaguera.com
46760;TRES ESTRELLAS;3e;A;CAM;238;46;C Del Garbí Sector 17;campingcarlafinca@gmail.com;ACTIVO;08/10/2014;CAMPING;TAVERNES DE LA VALLDIGNA;CAMPING CAR LA FINCA;0;45;[Anual];0;135;135;0;VALENCIA/VALÈNCIA;CV-CAM000058-V;0;640257292;campingcarlafinca.com
46770;TRES ESTRELLAS;3e;A;CAM;143;46;AV DE LA MOTA 24;info@campingsanvicente.com;ACTIVO;07/10/1964;CAMPING;XERACO;SAN VICENTE;17;76;[Anual];64;241;177;0;VALENCIA/VALÈNCIA;CV-CAM000006-V;0;+34 962 88 81 88;https://campingsanvicente.com
46780;CUATRO ESTRELLAS;4e;A;CAM;181;46;C Assagador de Carro 2;info@kikopark.com;ACTIVO;15/07/1965;CAMPING;OLIVA;KIKO PARK;3;179;[Anual];9;580;528;43;VALENCIA/VALÈNCIA;CV-CAM000009-V;1083;96 285 09 05;https://kikopark.com
46780;CUATRO ESTRELLAS;4e;A;CAM;181;46;CR N-332-Partida Aigua Morta km. 186;camping-ole@camping-ole.com;ACTIVO;03/07/1965;CAMPING;OLIVA;OLE;56;382;[Anual];200;1178;978;0;VALENCIA/VALÈNCIA;CV-CAM000008-V;0;962857517;http://www.camping-ole.com
46780;TRES ESTRELLAS;3e;A;CAM;181;46;CR N-332, Km. 209. Partida Aigua Morta;info@campingpepe.com;ACTIVO;28/09/1970;CAMPING;OLIVA;PEPE;74;213;[Anual];270;687;417;0;VALENCIA/VALÈNCIA;CV-CAM000018-V;0;962857519;http://www.campingpepe.com
46780;TRES ESTRELLAS;3e;A;CAM;181;46;PD Aigua Morta s/n;;ACTIVO;28/09/1970;CAMPING;OLIVA;BON DIA;0;35;[Verano];0;116;105;11;VALENCIA/VALÈNCIA;CV-CAM000017-V;270;962857500;
46780;TRES ESTRELLAS;3e;A;CAM;181;46;PD Devesa s/n;riomar@campingriomar.com;ACTIVO;03/10/1967;CAMPING;OLIVA;RIO MAR;12;89;[Anual];67;313;231;15;VALENCIA/VALÈNCIA;CV-CAM000012-V;204;962854097;http://www.campingriomar.com
46780;TRES ESTRELLAS;3e;A;CAM;181;46;PD Rapdells s/n;info@campingazul.com;ACTIVO;15/05/1989;CAMPING;OLIVA;AZUL;46;156;[Anual];224;554;330;0;VALENCIA/VALÈNCIA;CV-CAM000036-V;0;962854106;http://www.campingazul.com
46780;TRES ESTRELLAS;3e;A;CAM;181;46;PD Rapdells s/n;info@eurocamping-es.com;ACTIVO;27/09/1967;CAMPING;OLIVA;EUROCAMPING;23;320;[Anual];99;1027;891;37;VALENCIA/VALÈNCIA;CV-CAM000010-V;930;962854098;http://www.eurocamping-es.com
46780;UNA ESTRELLA;1e;A;CAM;181;46;AVDA . LLAURADORS, 20-26;administracion@kikopark.com;ACTIVO;25/09/2024;CAMPING;OLIVA;KIKO PARK 3;0;14;[Anual];0;42;42;0;VALENCIA/VALÈNCIA;CV-CAM000069-V;0;962850905;WWW.KIKOPARK.COM
46780;UNA ESTRELLA;1e;A;CAM;181;46;C/ ASSAGADOR DE CARRO, 2;ADMINISTRACION@KIKOPARK.COM;ACTIVO;27/05/2024;CAMPING;OLIVA;KIKOPARK II;0;10;[Anual];0;30;30;0;VALENCIA/VALÈNCIA;CV-CAM000068-V;0;654023374;www.kikopark.com
46780;UNA ESTRELLA;1e;A;CAM;181;46;C/ FIGUERA 16;administracion@kikopark.com;ACTIVO;30/09/2024;CAMPING;OLIVA;KIKOPARK 4;0;2;[Anual];0;6;6;0;VALENCIA/VALÈNCIA;CV-CAM000070-V;0;962850905;www.kikopark.com
46800;UNA ESTRELLA;1e;A;CAM;145;46;CM SANT ANTONI. POL 13-PARC 20-21 ABC S/N;info@residenciavacacionalxativa.es;ACTIVO;18/02/2022;CAMPING;XÀTIVA;RESIDENCIA VACACIONAL XATIVA;9;42;[Anual];36;135;99;0;VALENCIA/VALÈNCIA;CV-CAM000064-V;0;658428302;residenciavacacionalxativa.es
46810;CUATRO ESTRELLAS;4e;A;CAM;118;46;CR MOIXENT-NAVALON CV-589 km. 11,3;teularet@naturjove.es;ACTIVO;05/02/1998;CAMPING;ENGUERA;EL TEULARET;5;66;[Anual];20;203;183;0;VALENCIA/VALÈNCIA;CV-CAM000047-V;0;962217188;www.naturjove.es
46810;TRES ESTRELLAS;3e;A;CAM;118;46;PARAJE PISCINA MUNICIPAL S/N;;ACTIVO;08/02/2001;CAMPING;ENGUERA;LA PINADA;0;19;[Anual];0;62;57;5;VALENCIA/VALÈNCIA;CV-CAM000049-V;102;962224503;
46810;UNA ESTRELLA;1e;A;CAM;118;46;FINCA EL TEJARICO S/N;;ACTIVO;25/07/2007;CAMPING;ENGUERA;SIERRA NATURA;13;64;[Anual];27;234;153;54;VALENCIA/VALÈNCIA;CV-CAM000055-V;2368;962253026;
46811;TRES ESTRELLAS;3e;A;CAM;118;46;CR NAVALON, CASAS DE REQUENA Km 3;montes@loscarasoles.com;ACTIVO;14/01/2003;CAMPING;ENGUERA;LOS CARASOLES;51;111;[Anual];207;387;180;0;VALENCIA/VALÈNCIA;CV-CAM000052-V;0;962253044;http://www.loscarasoles.com
46820;TRES ESTRELLAS;3e;A;CAM;039;46;PARAJE DEL LAGO DE ANNA S/N;;ACTIVO;25/08/1998;CAMPING;ANNA;ALBUFERA DE ANNA;0;85;[Anual];0;255;255;0;VALENCIA/VALÈNCIA;CV-CAM000048-V;0;962210563;
46823;DOS ESTRELLAS;2e;A;CAM;179;46;UR PLAYAMONTE 2. POL 11. PARC 162-161-157 162;campingplayamonte@gmail.com;ACTIVO;08/07/2022;CAMPING;NAVARRÉS;PLAYAMONTE;0;34;[Anual];0;102;102;0;VALENCIA/VALÈNCIA;CV-CAM000066-V;0;667797931;http://www.campingplayamonte.com
46880;TRES ESTRELLAS;3e;A;CAM;072;46;CR BOCAIRENT-ALCOI km. 9;info@campingmariola.com;ACTIVO;11/04/1994;CAMPING;BOCAIRENT;MARIOLA;28;198;[Anual];112;737;510;115;VALENCIA/VALÈNCIA;CV-CAM000044-V;3421;962135160;http://www.campingmariola.com
46891;UNA ESTRELLA;1e;A;CAM;189;46;AV Riuet (Paraje Natural Font de Sis) S/N;info@fontdesis.es;ACTIVO;15/05/2015;CAMPING;PALOMAR, EL;FONT DE SIS;0;54;[Anual];0;162;162;0;VALENCIA/VALÈNCIA;CV-CAM000061-V;0;677579034;fontdesis.es
