"Signatura";"Cod.Estado";"Estado";"Cod. Categoria";"Categoria";"Nombre";"Cod. Provincia";"Provincia";"Cod. Municipio";"Municipio";"CP";"Direccion";"Cod. Tipo Via";"Tipo via";"Via";"Numero";"Email";"Web";"Cod. Modalidad";"Modalidad";"Núm. Parcelas";"Plazas Parcela";"Núm. Bungalows";"Plaza Bungalows";"Sup. Libre Acampada";"Plazas Libre Acampada";"Plazas";"Fecha Alta";"Fecha Baja";"Periodo";"Días Periodo";
"CV C00009 A";"B";"BAJA";"2";"SEGUNDA CATEGORÍA";"ALBIR";"03";"ALACANT";"011";"L'ALFÀS DEL PI"; ;"PDA.ALBIR ZONA 6, 000"; ; ;"PDA.ALBIR ZONA 6";"000"; ; ; ; ; ; ; ; ; ; ;"350";"05/06/1982";"08/03/1996"; ; 
"CV-CAM000102-A";"A";"ALTA";"4e";"CUATRO ESTRELLAS";"LA COLINA";"03";"ALACANT";"011";"L'ALFÀS DEL PI";"03581";"CALLE SERRA GELADA, S/N";"C";"CALLE";"SERRA GELADA";"S/N";"lacolinabeach@hotmail.com";"http://campinglacolina.com";"C";"CAMPING";"150";"447";"1";"2";"0";"0";"449";"29/09/2016"; ;"SIEMPRE ABIERTO";"De Lunes a Domingo"
"CV-CAM000114-A";"A";"ALTA";"2e";"DOS ESTRELLAS";"ORANGE GROVE";"03";"ALACANT";"011";"L'ALFÀS DEL PI";"03580";"CAMINO DELS ALGUERS. POLIGONO 4 PARCELA 145, S/N";"CM";"CAMINO";"DELS ALGUERS. POLIGONO 4 PARCELA 145";"S/N";"info@orangegrovecamperpark.com";"http://www.orangegrovecamperpark.com";"C";"CAMPING";"26";"78";"0"; ; ; ;"78";"02/07/2020"; ;"SIEMPRE ABIERTO";"De Lunes a Domingo"
"CV C00010 A";"B";"BAJA";"1";"PRIMERA CATEGORÍA";"TROPICAL";"03";"ALACANT";"011";"L'ALFÀS DEL PI"; ;"AVENIDA DE L'ALBIR, 016";"AV";"AVENIDA";"DE L'ALBIR";"016"; ; ; ; ;"240"; ; ; ;"244"; ;"12";"25/05/1981";"01/02/1993"; ; 
"CV-ARP000001-A";"B";"BAJA";"AP";"A PERNOCTA";"AREA PLA ALICANTE";"03";"ALACANT";"014";"ALACANT/ALICANTE";"03540";"AVENIDA COSTABLANCA, 141";"AV";"AVENIDA";"COSTABLANCA";"141";"enevado@areaspla.com"; ;"A";"AREA PERNOCTA";"41"; ; ; ; ; ;"123";"23/08/2017";"01/11/2021";"SIEMPRE ABIERTO";"De Lunes a Domingo"
"CV C00020 A";"B";"BAJA";"2";"SEGUNDA CATEGORÍA";"BAHIA";"03";"ALACANT";"014";"ALACANT/ALICANTE"; ;"AVENIDA COSTA BLANCA, 001";"AV";"AVENIDA";"COSTA BLANCA";"001"; ; ; ; ;"196";"588"; ; ;"2100";"105";"693";"06/01/1982";"13/01/1997";"15/03 - 15/10";"De Lunes a Domingo"
"CV-CAM000068-A";"A";"ALTA";"3e";"TRES ESTRELLAS";"CAP BLANCH";"03";"ALACANT";"018";"ALTEA";"03590";"PLAYA ALBIR, S/N";"PY";"PLAYA";"ALBIR";"S/N";"capblanch@ctv.es";"http://www.camping-capblanch.com";"C";"CAMPING";"333";"933";"22";"66"; ; ;"999";"11/11/1988"; ;"SIEMPRE ABIERTO"; 
"CV C00054 A";"B";"BAJA";"2";"SEGUNDA CATEGORÍA";"CAP NEGRET";"03";"ALACANT";"018";"ALTEA"; ;"PDA. CAP NEGRET, 001"; ; ;"PDA. CAP NEGRET";"001"; ; ; ; ;"90"; ; ; ; ; ;"300";"12/06/1976";"07/03/1996";"01/04 - 30/09";"De Lunes a Domingo"
"CV C00026 A";"B";"BAJA";"2";"SEGUNDA CATEGORÍA";"MIAMI";"03";"ALACANT";"018";"ALTEA";"03590";"PARTIDA CAP BLANCH, 1";"PD";"PARTIDA";"CAP BLANCH";"1"; ; ; ; ;"88";"264";"2";"6";"593";"30";"300";"12/04/1969";"23/10/2002";"01/04 - 30/09";"De Lunes a Domingo"
"CV C00015 A";"B";"BAJA";"2";"SEGUNDA CATEGORÍA";"SAN ANTONIO";"03";"ALACANT";"018";"ALTEA";"03590";"CARRETERA ALBIR, 000";"CR";"CARRETERA";"ALBIR";"000"; ; ; ; ;"106";"120"; ; ;"102921";"30";"150";"29/12/1967";"12/09/1996";"01/04 - 30/09";"De Lunes a Domingo"
"CV-CAM000089-A";"A";"ALTA";"2e";"DOS ESTRELLAS";"SAN ANTONIO";"03";"ALACANT";"018";"ALTEA";"03590";"CARRETERA ALBIR, 6";"CR";"CARRETERA";"ALBIR";"6";"info@sanantonioaltea.com";"http://sanantonioaltea.com";"C";"CAMPING";"52";"156";"0";"0";"0";"0";"156";"19/12/2011"; ;"19/09 - 14/05";"De Lunes a Domingo"
"CV-CAM000099-A";"A";"ALTA";"1e";"UNA ESTRELLA";"SANTA CLARA";"03";"ALACANT";"018";"ALTEA";"03590";"PARTIDA CAP BLANCH, 11";"PD";"PARTIDA";"CAP BLANCH";"11";"campingsantaclaraaltea@gmail.com";"http://www.campingsantaclaraaltea.com";"C";"CAMPING";"19";"48";"3";"6";"368";"12";"66";"08/04/2016"; ;"SIEMPRE ABIERTO";"De Lunes a Domingo"
"CV C00092 A";"B";"BAJA";"2";"SEGUNDA CATEGORÍA";"SANTA CLARA";"03";"ALACANT";"018";"ALTEA";"03590";"PARTIDA CAP BLANC, 11";"PD";"PARTIDA";"CAP BLANC";"11";"jmgre1@hotmail.com"; ;"C";"CAMPING";"30";"90"; ; ; ; ;"90";"05/09/2014";"11/06/2015";"SIEMPRE ABIERTO";"De Lunes a Domingo"
"CV-CAM000084-A";"A";"ALTA";"5e";"CINCO ESTRELLAS";"ALMAFRÁ";"03";"ALACANT";"031";"BENIDORM";"03500";"PARTIDA CABUT, 25";"PD";"PARTIDA";"CABUT";"25";"steve@almafracamping.com";"campingalmafra.es";"C";"CAMPING";"205";"498";"39";"168";"0";"0";"666";"25/06/2007"; ;"SIEMPRE ABIERTO"; 
"CV-CAM000066-A";"A";"ALTA";"4e";"CUATRO ESTRELLAS";"ARENA BLANCA";"03";"ALACANT";"031";"BENIDORM";"03503";"AVENIDA DR. SEVERO OCHOA, 44";"AV";"AVENIDA";"DR. SEVERO OCHOA";"44";"info@campingarenablanca.com";"http://www.campingarenablanca.com";"C";"CAMPING";"161";"303";"60";"239";"0";"0";"542";"08/04/1987"; ;"SIEMPRE ABIERTO";"De Lunes a Domingo"
"CV-CAM000049-A";"A";"ALTA";"3e";"TRES ESTRELLAS";"ARMANELLO";"03";"ALACANT";"031";"BENIDORM";"03503";"AVENIDA AV. COMUNIDAD VALENCIANA. CAMÍ DE L'ARMANELLO, S/N";"AV";"AVENIDA";"AV. COMUNIDAD VALENCIANA. CAMÍ DE L'ARMANELLO";"S/N";"info@campingarmanello.com";"https://www.campingarmanello.com/";"C";"CAMPING";"240";"468";"42";"22";"0";"0";"490";"31/12/1971"; ;"SIEMPRE ABIERTO";"De Lunes a Domingo"
"CV-CAM000016-A";"A";"ALTA";"2e";"DOS ESTRELLAS";"BENIDORM";"03";"ALACANT";"031";"BENIDORM";"03503";"AVENIDA DR. SEVERO OCHOA , S.N";"AV";"AVENIDA";"DR. SEVERO OCHOA";"S.N";"info@campingbenidorm.net";"http://www.campingbenidorm.net/";"C";"CAMPING";"83";"177";"24";"71";"181";"10";"258";"18/01/1968"; ;"SIEMPRE ABIERTO";"De Lunes a Domingo"
"CV-CAM000035-A";"A";"ALTA";"4e";"CUATRO ESTRELLAS";"BENISOL";"03";"ALACANT";"031";"BENIDORM";"03503";"AVENIDA COMUNITAT VALENCIANA , S.N";"AV";"AVENIDA";"COMUNITAT VALENCIANA";"S.N";"info@campingbenisol.com";"campingbenisol.com";"C";"CAMPING";"292";"741";"45";"135";"0";"0";"876";"15/02/1982"; ;"SIEMPRE ABIERTO";"De Lunes a Domingo"
"CV C00047 A";"B";"BAJA";"2";"SEGUNDA CATEGORÍA";"DON QUIJOTE";"03";"ALACANT";"031";"BENIDORM";"03503";"CARRETERA N-332, KM. 122-PARTIDA DERRAMADOR";"CR";"CARRETERA";"N-332, KM. 122-PARTIDA DERRAMADOR"; ; ; ; ; ;"43";"129"; ; ; ; ;"129";"13/11/1983";"03/08/2006";"SIEMPRE ABIERTO";"De Lunes a Domingo"
"CV-CAM000076-A";"A";"ALTA";"3e";"TRES ESTRELLAS";"EL RACO";"03";"ALACANT";"031";"BENIDORM";"03503";"AVENIDA DR. SEVERO OCHOA, S.N";"AV";"AVENIDA";"DR. SEVERO OCHOA";"S.N";"info@campingraco.com";"http://www.campingraco.com";"C";"CAMPING";"654";"1950";"4";"20";"0";"0";"1970";"15/09/1997"; ;"SIEMPRE ABIERTO";"De Lunes a Domingo"
"CV-CAM000098-A";"A";"ALTA";"4e";"CUATRO ESTRELLAS";"MAGIC NATURA LODGE RESORT";"03";"ALACANT";"031";"BENIDORM";"03502";"CALLE FOIA DEL VERDADER, 1";"C";"CALLE";"FOIA DEL VERDADER";"1";"reservas@magicnatura.com";"http://www.magicnatura.com";"C";"CAMPING";"350"; ;"350";"1400"; ; ;"1400";"10/06/2015"; ;"01/01 - 31/10";"De Lunes a Domingo"
"CV-CAM000079-A";"A";"ALTA";"4e";"CUATRO ESTRELLAS";"MAGIC ROBIN HOOD SPORTS, WATERPARK & MEDIEVAL LODGE";"03";"ALACANT";"031";"BENIDORM";"03503";"CAMINO VIEJO DEL ALBIR, S/N.";"CM";"CAMINO";"VIEJO DEL ALBIR";"S/N.";"reservas@magicrobinhood.com";"https://www.magicrobinhood.com";"C";"CAMPING";"470";"0";"470";"2200";"0"; ;"2200";"03/05/2000"; ;"SIEMPRE ABIERTO";"De Lunes a Domingo"
"CV-ARP000002-A";"A";"ALTA";"AP";"A PERNOCTA";"PARK TERRA NATURA";"03";"ALACANT";"031";"BENIDORM";"03502";"CALLE FOIA DEL VERDADER, 1";"C";"CALLE";"FOIA DEL VERDADER";"1";"camperareapark@terranatura.com";"http://camperareapark.terranatura.com";"A";"AREA PERNOCTA";"40";"120"; ; ; ; ;"120";"24/10/2017"; ;"SIEMPRE ABIERTO";"De Lunes a Domingo"
"CV C00053 A";"B";"BAJA";"2";"SEGUNDA CATEGORÍA";"TITUS";"03";"ALACANT";"031";"BENIDORM";"03503";"AVENIDA COMUNIDAD VALENCIANA, 124";"AV";"AVENIDA";"COMUNIDAD VALENCIANA";"124"; ; ; ; ;"35";"105"; ; ;"370";"18";"123";"15/07/1975";"31/03/2010";"SIEMPRE ABIERTO";"De Lunes a Domingo"
"CV-CAM000082-A";"A";"ALTA";"3e";"TRES ESTRELLAS";"VILLAMAR";"03";"ALACANT";"031";"BENIDORM";"03500";"CARRETERA DEL ALBIR, KM. 0`300";"CR";"CARRETERA";"DEL ALBIR, KM. 0`300"; ;"camping@camping-villamar.com";"www.campingvillamar.com";"C";"CAMPING";"1090";"3270";"0";"0";"0";"0";"3270";"20/03/2003"; ;"SIEMPRE ABIERTO";"De Lunes a Domingo"
"CV-CAM000069-A";"A";"ALTA";"3e";"TRES ESTRELLAS";"VILLASOL";"03";"ALACANT";"031";"BENIDORM";"03503";"AVENIDA BERNAT DE SARRIÀ, 13";"AV";"AVENIDA";"BERNAT DE SARRIÀ";"13";"info@camping-villasol.com";"https://www.camping-villasol.com";"C";"CAMPING";"332";"867";"43";"198";"620";"55";"1120";"15/02/1990"; ;"SIEMPRE ABIERTO"; 
"CV C00008 A";"B";"BAJA";"2";"SEGUNDA CATEGORÍA";"FANADIX";"03";"ALACANT";"041";"BENISSA";"03720";"CARRETERA MORAIRA-CALPE, KM. 6-PARTIDA FANADIX";"CR";"CARRETERA";"MORAIRA-CALPE, KM. 6-PARTIDA FANADIX"; ;"fanadix@campingfanadix.com";"http://www.campingfanadix.com"; ; ;"114";"342";"0";"0";"1419";"69";"411";"12/11/1963";"08/08/2008";"15/03 - 30/09";"De Lunes a Domingo"
"CV-CAM000117-A";"A";"ALTA";"1e";"UNA ESTRELLA";"DREAMSEA MEDITERRANEAN CAMP";"03";"ALACANT";"042";"POBLE NOU DE BENITATXELL, EL/ BENITACHELL";"03726";"CALLE LOS OLIVOS (URB. PP CDS MAR), 97";"C";"CALLE";"LOS OLIVOS (URB. PP CDS MAR)";"97";"mediterranean@dreamseasurfcamp.com";"https://dreamseasurfcamp.com/mediterranean/";"C";"CAMPING";"21"; ;"21";"42"; ; ;"42";"15/02/2021"; ;"01/04 - 31/10";"De Lunes a Domingo"
"CV-CAM000086-A";"A";"ALTA";"3e";"TRES ESTRELLAS";"LA PEDRERA";"03";"ALACANT";"044";"BIGASTRO";"03380";"CALLE CAÑADA DE ANDREA, 100";"C";"CALLE";"CAÑADA DE ANDREA";"100";"info@campinglapedrera.com";"https://www.campinglapedrera.com";"C";"CAMPING";"76";"135";"31";"125";"0"; ;"260";"17/05/2010"; ;"SIEMPRE ABIERTO";"De Lunes a Domingo"
"CV-CAM000085-A";"A";"ALTA";"4e";"CUATRO ESTRELLAS";"CALPEMAR";"03";"ALACANT";"047";"CALP";"03710";"CALLE ESLOVENIA, 3";"C";"CALLE";"ESLOVENIA";"3";"info@campingcalpemar.com";"http://www.campingcalpemar.com";"C";"CAMPING";"109";"321";"2";"8";"0";"0";"329";"15/07/2009"; ;"SIEMPRE ABIERTO"; 
"CV C00021 A";"B";"BAJA";"2";"SEGUNDA CATEGORÍA";"IFACH";"03";"ALACANT";"047";"CALP";"03710";"CARRETERA CALPE-MORAIRA, K5";"CR";"CARRETERA";"CALPE-MORAIRA";"K5"; ; ; ; ;"39";"117"; ; ;"82";"4";"121";"15/12/1964";"20/02/2006";"15/03 - 31/10";"De Lunes a Domingo"
"CV-CAM000031-A";"A";"ALTA";"3e";"TRES ESTRELLAS";"LA MERCED";"03";"ALACANT";"047";"CALP";"03710";"AVENIDA JAUME  I  EL CONQUERIDOR, 32-E-1";"AV";"AVENIDA";"JAUME  I  EL CONQUERIDOR";"32-E-1"; ; ;"C";"CAMPING";"81";"234";"3";"12";"729";"37";"283";"10/10/1984"; ;"SIEMPRE ABIERTO";"De Lunes a Domingo"
"CV C00075 A";"B";"BAJA";"2";"SEGUNDA CATEGORÍA";"LA VIÑA DE CALPE";"03";"ALACANT";"047";"CALP";"03710";"PARTIDA LA MERCED, 1-H";"PD";"PARTIDA";"LA MERCED";"1-H"; ; ; ; ;"54";"162"; ;"0";"611";"26";"188";"14/08/1997";"12/05/1999"; ; 
"CV C00070 A";"B";"BAJA";"2";"SEGUNDA CATEGORÍA";"LEVANTE";"03";"ALACANT";"047";"CALP";"03710";"CARRETERA CALPE-MORAIRA, KM. 5";"CR";"CARRETERA";"CALPE-MORAIRA, KM. 5"; ;"info@campinglevantecalpe.com";"www.campinglevantecalpe.com"; ; ;"47";"141";"0";"0";"630";"27";"168";"29/07/1991";"01/06/2010";"SIEMPRE ABIERTO";"De Lunes a Domingo"
"CV-CAM000121-A";"A";"ALTA";"2e";"DOS ESTRELLAS";"MARYSOL PARK";"03";"ALACANT";"047";"CALP";"03710";"PARTIDA MARISOL PARK, 43-A";"PD";"PARTIDA";"MARISOL PARK";"43-A";"info@marysolcampigpark.com";"http://marysolcampingpark.com";"C";"CAMPING";"68";"204";"0";"0";"0";"0";"204";"24/08/2022"; ;"SIEMPRE ABIERTO";"De Lunes a Domingo"
"CV-CAM000095-A";"A";"ALTA";"2";"SEGUNDA CATEGORÍA";"MEDITERRANEO";"03";"ALACANT";"047";"CALP";"03710";"PARTIDA COLARI, 7-E";"PD";"PARTIDA";"COLARI";"7-E";"info@mediterraneocamper.com";"http://mediterraneocamper.com";"C";"CAMPING";"72";"216";"0";"0";"0";"0";"216";"25/02/2015"; ;"SIEMPRE ABIERTO";"De Lunes a Domingo"
"CV-CAM000096-A";"A";"ALTA";"2e";"DOS ESTRELLAS";"PARAISO CAMPER";"03";"ALACANT";"047";"CALP";"03710";"URBANIZACIÓN UR LOS ALMENDROS 9-A, 9-A";"UR";"URBANIZACIÓN";"UR LOS ALMENDROS 9-A";"9-A";"calpe@paraisocamper.com";"www. paraisocamper.com";"C";"CAMPING";"61";"183";"0";"0";"0";"0";"183";"20/04/2015"; ;"01/01 - 31/06 y 01/09 - 31/12";"De Lunes a Domingo"
"CV-CAM000103-A";"A";"ALTA";"2e";"DOS ESTRELLAS";"SOL DE CALPE AUSTRAL";"03";"ALACANT";"047";"CALP";"03710";"CALLE ESTONIA, 3 - 5";"C";"CALLE";"ESTONIA";"3 - 5";"info@campingsoldecalpe.com";"http://campingsoldecalpe.com";"C";"CAMPING";"66";"198";"0";"0";"0";"0";"198";"18/04/2017"; ;"SIEMPRE ABIERTO";"De Lunes a Domingo"
"CV C00109 A";"B";"BAJA";"3e";"TRES ESTRELLAS";"SOL DE CALPE BOREAL";"03";"ALACANT";"047";"CALP";"03710";"AVENIDA BULGARIA, 4";"AV";"AVENIDA";"BULGARIA";"4";"INFO@CAMPINGSOLDECALPE.COM";"http://CAMPINGSOLDECALPE.COM";"C";"CAMPING";"88";"264"; ; ;"0"; ;"264";"03/11/2017";"01/03/2023";"SIEMPRE ABIERTO";"De Lunes a Domingo"
"CV C00112 A";"B";"BAJA";"3e";"TRES ESTRELLAS";"SOL DE CALPE BOREAL";"03";"ALACANT";"047";"CALP";"03710";"AVENIDA BULGARIA, 4";"AV";"AVENIDA";"BULGARIA";"4";"info@soldecalpe.com";"http://www.campingsoldecalpe.com";"C";"CAMPING";"88";"264"; ; ; ; ;"264";"03/11/2017";"12/02/2020";"SIEMPRE ABIERTO";"De Lunes a Domingo"
"CV-CAM000119-A";"A";"ALTA";"2e";"DOS ESTRELLAS";"FONTS DE L'ALGAR";"03";"ALACANT";"048";"CALLOSA D'EN SARRIÀ";"03510";"PARTIDA ALGAR -  PDA. TORRETA-SEGARRA, 146";"PD";"PARTIDA";"ALGAR -  PDA. TORRETA-SEGARRA";"146";"info@fontsdelalgar.com";"http://fontsdelalgar.com";"C";"CAMPING";"42";"96";"10";"39";"994";"30";"165";"28/03/2022"; ;"SIEMPRE ABIERTO";"De Lunes a Domingo"
"CV-CAM000116-A";"A";"ALTA";"2e";"DOS ESTRELLAS";"AREA NATUR PLAYAMUCHAVISTA";"03";"ALACANT";"050";"EL CAMPELLO";"03560";"CALLE ANCORES, 25-29";"C";"CALLE";"ANCORES";"25-29";"info@areanaturplaya.com";"www.areanaturplaya.com";"C";"CAMPING";"70";"210";"0"; ; ; ;"210";"17/11/2020"; ;"SIEMPRE ABIERTO";"De Lunes a Domingo"
"CV-CAM000073-A";"A";"ALTA";"3e";"TRES ESTRELLAS";"BON SOL";"03";"ALACANT";"050";"EL CAMPELLO";"03560";"CAMINO REAL DE VILLAJOYOSA, 35";"CM";"CAMINO";"REAL DE VILLAJOYOSA";"35";"info@campingbonsol.es";"http://www.campingbonsol.es/";"C";"CAMPING";"47";"135";"2";"10"; ; ;"145";"03/10/1994"; ;"SIEMPRE ABIERTO";"De Lunes a Domingo"
"CV-CAM000104-A";"A";"ALTA";"2e";"DOS ESTRELLAS";"CAMPER AREA 7";"03";"ALACANT";"050";"EL CAMPELLO";"03560";"AVENIDA FABRAQUER, 14";"AV";"AVENIDA";"FABRAQUER";"14";"info@camperarea7.com";"https://www.camperarea7.com";"C";"CAMPING";"50";"150";"0"; ; ; ;"150";"19/04/2017"; ;"SIEMPRE ABIERTO";"De Lunes a Domingo"
"CV-CAM000094-A";"A";"ALTA";"2e";"DOS ESTRELLAS";"CAMPER AREA CAMPELLO BEACH";"03";"ALACANT";"050";"EL CAMPELLO";"03560";"CALLE JUAN DE LACIERVA, 8";"C";"CALLE";"JUAN DE LACIERVA";"8";"info@camperareacampellobeach.com";"http://camperareacampellobeach.com";"C";"CAMPING";"40";"120";"0";"0";"0";"0";"120";"03/02/2015"; ;"SIEMPRE ABIERTO";"De Lunes a Domingo"
"CV-CAM000028-A";"A";"ALTA";"3e";"TRES ESTRELLAS";"COSTA BLANCA";"03";"ALACANT";"050";"EL CAMPELLO";"03560";"CALLE CONVENTO, 143  (NACIONAL 332, KM. 120.5)";"C";"CALLE";"CONVENTO, 143  (NACIONAL 332, KM. 120.5)"; ;"info@campingcostablanca.com";"http://www.campingcostablanca.com";"C";"CAMPING";"85";"156";"33";"147";"330";"20";"323";"08/08/1968"; ;"SIEMPRE ABIERTO";"De Lunes a Domingo"
"CV-CAM000080-A";"A";"ALTA";"3e";"TRES ESTRELLAS";"EL JARDIN";"03";"ALACANT";"050";"EL CAMPELLO";"03550";"CALLE DOCTOR SEVERO OCHOA, 39";"C";"CALLE";"DOCTOR SEVERO OCHOA";"39";"info@campingeljardin.com";"http://www.campingeljardin.com";"C";"CAMPING";"133";"366";"11";"60"; ; ;"424";"21/02/2002"; ;"SIEMPRE ABIERTO"; 
"CV C00039 A";"B";"BAJA";"2";"SEGUNDA CATEGORÍA";"PLAYA MUCHAVISTA";"03";"ALACANT";"050";"EL CAMPELLO";"03560";"CALLE SEVERO OCHOA, 16";"C";"CALLE";"SEVERO OCHOA";"16"; ; ; ; ;"140";"420";"0";"0";"1419";"70";"490";"22/10/1970";"01/06/2004";"SIEMPRE ABIERTO";"De Lunes a Domingo"
"CV-CAM000088-A";"A";"ALTA";"5e";"CINCO ESTRELLAS";"ALANNIA COSTABLANCA";"03";"ALACANT";"059";"CREVILLENT";"03330";"PARTIDA  AP7. SALIDA 730 (CATRAL-CREVILLENT)";"PD";"PARTIDA";"AP7. SALIDA 730 (CATRAL-CREVILLENT)"; ;"reservas@alannia.com";"https://alanniaresorts.com/es/resorts/alannia-costa-blanca";"C";"CAMPING";"1412";"3255";"327";"1588";"0";"0";"4843";"08/11/2011"; ;"SIEMPRE ABIERTO";"De Lunes a Domingo"
"CV-CAM000064-A";"A";"ALTA";"4e";"CUATRO ESTRELLAS";"LAS PALMERAS RESORT";"03";"ALACANT";"059";"CREVILLENT";"03330";"CARRETERA N-340 ALICANTE-MURCIA, C/GUTIERREZ DE CÁRDENAS, 30, KM.708";"CR";"CARRETERA";"N-340 ALICANTE-MURCIA, C/GUTIERREZ DE CÁRDENAS, 30";"KM.708";"laspalmeras@laspalmeras-sl.com";"https://laspalmerasresort.com/camping";"C";"CAMPING";"61";"138";"15";"60";"0";"0";"198";"01/08/1983"; ;"SIEMPRE ABIERTO";"De Lunes a Domingo"
"CV C00055 A";"B";"BAJA";"2";"SEGUNDA CATEGORÍA";"DIANA";"03";"ALACANT";"063";"DÉNIA";"03700";"CARRETERA DENIA POR LA COSTA, KM. 6";"CR";"CARRETERA";"DENIA POR LA COSTA, KM. 6"; ;"camping-diana@camping-diana.com";"http://www.camping-diana.com"; ; ;"44";"132";"1";"3";"332";"15";"150";"05/09/1975";"16/08/2006";"01/04 - 30/09";"De Lunes a Domingo"
"CV C00081 A";"B";"BAJA";"2";"SEGUNDA CATEGORÍA";"DIANA 2";"03";"ALACANT";"063";"DÉNIA";"03700";"CARRETERA DÉNIA, KM. 6";"CR";"CARRETERA";"DÉNIA";"KM. 6";"camping-diana@camping-denia.com";"http://www.camping-diana.com"; ; ;"42";"126";"0";"0";"353";"6";"132";"21/11/2002";"16/08/2006";"SIEMPRE ABIERTO";"De Lunes a Domingo"
"CV C00044 A";"B";"BAJA";"2";"SEGUNDA CATEGORÍA";"EDEN DEL SOL";"03";"ALACANT";"063";"DÉNIA";"03700";"PARTIDA LAS MARINAS, 21";"PD";"PARTIDA";"LAS MARINAS";"21"; ; ; ; ; ; ; ; ; ; ; ;"26/11/1970";"16/10/1989"; ; 
"CV C00014 A";"B";"BAJA";"2";"SEGUNDA CATEGORÍA";"LAS MARINAS";"03";"ALACANT";"063";"DÉNIA";"03700";"PARTIDA LAS MARINAS, 053";"PD";"PARTIDA";"LAS MARINAS";"053"; ; ; ; ;"108";"324"; ; ;"762";"39";"363";"15/05/1963";"12/05/1999";"15/03 - 30/09";"De Lunes a Domingo"
"CV-CAM000034-A";"A";"ALTA";"3e";"TRES ESTRELLAS";"LOS LLANOS";"03";"ALACANT";"063";"DÉNIA";"03700";"PARTIDA DEVESES, 32";"PD";"PARTIDA";"DEVESES";"32";"losllanos@losllanos.net";"http://www.losllanos.net";"C";"CAMPING";"164";"312";"60";"294"; ; ;"606";"08/11/1968"; ;"SIEMPRE ABIERTO";"De Lunes a Domingo"
"CV-CAM000060-A";"A";"ALTA";"3e";"TRES ESTRELLAS";"LOS PATOS";"03";"ALACANT";"063";"DÉNIA";"03770";"CARRETERA MARINES RACONS, 33";"CR";"CARRETERA";"MARINES RACONS";"33"; ; ;"C";"CAMPING";"158";"474";"0";"0";"300";"14";"488";"01/04/1981"; ;"01/01 - 31/12";"De Lunes a Domingo"
"CV-CAM000019-A";"A";"ALTA";"3e";"TRES ESTRELLAS";"LOS PINOS";"03";"ALACANT";"063";"DÉNIA";"03700";"PARTIDA PDA./ LAS ROTAS - CAMÍ DE LA RACONÀ, , 16";"PD";"PARTIDA";"PDA./ LAS ROTAS - CAMÍ DE LA RACONÀ,";"16";"lospinosdenia@gmail.com";"www.lospinosdenia.com";"C";"CAMPING";"108";"324";"0";"0";"743";"30";"354";"10/05/1983"; ;"SIEMPRE ABIERTO";"De Lunes a Domingo"
"CV C00038 A";"B";"BAJA";"3e";"TRES ESTRELLAS";"TOLOSA";"03";"ALACANT";"063";"DÉNIA";"03700";"CAMINO D'URIÒS, 32 - LES ROTES, 32";"CM";"CAMINO";"D'URIÒS, 32 - LES ROTES";"32";"info@campingtolosa.com";"http://www.campingtolosa.com";"C";"CAMPING";"57";"171";"0";"0"; ; ;"171";"28/09/1970";"16/01/2019";"01/04 - 30/09"; 
"CV C00063 A";"B";"BAJA";"2";"SEGUNDA CATEGORÍA";"EL PINET";"03";"ALACANT";"065";"ELX/ELCHE";"03294";"CALLE EL PINET-LA MARINA, S.N";"C";"CALLE";"EL PINET-LA MARINA";"S.N";"camping@turismedelx.com"; ; ; ;"306";"918"; ; ;"3538";"150";"1068";"27/01/1992";"29/02/2008";"SIEMPRE ABIERTO";"De Lunes a Domingo"
"CV-CAM000061-A";"A";"ALTA";"5e";"CINCO ESTRELLAS";"LA MARINA CAMPING & RESORT";"03";"ALACANT";"065";"ELX/ELCHE";"03194";"AVENIDA DE LA ALEGRÍA (LA MARINA), S/N";"AV";"AVENIDA";"DE LA ALEGRÍA (LA MARINA)";"S/N";"cristinagomis@campinglamarina.com cristinagomis@lamarinaresort.com";"https://www.lamarinaresorts.com/";"C";"CAMPING";"598";"1359";"145";"723"; ;"0";"2082";"11/09/1981"; ;"SIEMPRE ABIERTO";"De Lunes a Domingo"
"CV C00045 A";"B";"BAJA";"2";"SEGUNDA CATEGORÍA";"LO MORANT";"03";"ALACANT";"065";"ELX/ELCHE";"03200";"CARRETERA AEROPUERTO, K400";"CR";"CARRETERA";"AEROPUERTO";"K400"; ; ; ; ;"60"; ; ; ; ; ;"300";"10/05/1981";"11/04/2000";"01/06 - 30/09";"De Lunes a Domingo"
"CV-ARP000003-A";"A";"ALTA";"AP";"A PERNOCTA";"PINET PLAYA CAMPARK LA MARINA";"03";"ALACANT";"065";"ELX/ELCHE";"03194";"PARTIDA LA MARINA, POLIGONO 0, 55-A";"PD";"PARTIDA";"LA MARINA, POLIGONO 0";"55-A"; ; ;"A";"AREA PERNOCTA";"66";"198"; ; ; ; ;"189";"10/02/2020"; ;"SIEMPRE ABIERTO";"De Lunes a Domingo"
"CV C00043 A";"B";"BAJA";"2";"SEGUNDA CATEGORÍA";"SOMBRA Y SOL";"03";"ALACANT";"065";"ELX/ELCHE";"03195";"CARRETERA CARTAGENA-LOS ARENALES DEL SOL (EL ALTET)";"CR";"CARRETERA";"CARTAGENA-LOS ARENALES DEL SOL (EL ALTET)"; ;"campingpalmmar@hotmail.com";"http://www.campingsombraysol.com"; ; ;"110";"330";"0";"0";"1228";"60";"390";"10/07/1981";"14/04/2008";"SIEMPRE ABIERTO";"De Lunes a Domingo"
"CV-CAM000122-A";"A";"ALTA";"2e";"DOS ESTRELLAS";"CAMPERALIA FINESTRAT";"03";"ALACANT";"069";"FINESTRAT";"03509";"CALLE BENIARRES, 6";"C";"CALLE";"BENIARRES";"6";"reservas@camperaliafinestrat.com";"https://www.camperaliafinestrat.com/";"C";"CAMPING";"86";"258";"0";"0";"0";"0";"258";"11/01/2023"; ;"SIEMPRE ABIERTO";"De Lunes a Domingo"
"CV-CAM000097-A";"A";"ALTA";"1e";"UNA ESTRELLA";"PUIG CAMPANA";"03";"ALACANT";"069";"FINESTRAT";"03509";"PARTIDA TAPIADA MARRAIX, 57";"PD";"PARTIDA";"TAPIADA MARRAIX";"57";"campingpuigcampana@gmail.com";"http://campingpuigcampana.com";"C";"CAMPING";"43";"129";"0";"0";"1013";"26";"155";"28/05/2015"; ;"SIEMPRE ABIERTO";"De Lunes a Domingo"
"CV-ARP000005-A";"A";"ALTA";"AP";"A PERNOCTA";"SUNBEACH CAMPARK";"03";"ALACANT";"069";"FINESTRAT";"03509";"CALLE 9 D'OCTUBRE, 48";"C";"CALLE";"9 D'OCTUBRE";"48";"finestratcamperlacala@gmail.com"; ;"A";"AREA PERNOCTA";"34"; ; ; ; ; ;"102";"21/04/2022"; ;"SIEMPRE ABIERTO";"De Lunes a Domingo"
"CV-ARP000004-A";"B";"BAJA";"AP";"A PERNOCTA";"JOSBER FUEL";"03";"ALACANT";"074";"GRANJA DE ROCAMORA";"03348";"CAMINO ALBATERA, C/ RIO EBRO, 1";"CM";"CAMINO";"ALBATERA, C/ RIO EBRO";"1";"info@josberfuel.com"; ;"A";"AREA PERNOCTA";"20"; ; ; ; ; ;"60";"27/07/2021";"20/12/2021";"SIEMPRE ABIERTO";"De Lunes a Domingo"
"CV-CAM000077-A";"A";"ALTA";"5e";"CINCO ESTRELLAS";"ALANNIA GUARDAMAR";"03";"ALACANT";"076";"GUARDAMAR DEL SEGURA";"03140";"CARRETERA N-332,, KM. 73.4";"CR";"CARRETERA";"N-332,";"KM. 73.4";"reservas@alannia.com";"http://www.alanniaresorts.com";"C";"CAMPING";"213";"267";"124";"597";"0";"0";"864";"06/10/1997"; ;"SIEMPRE ABIERTO"; 
"CV C00046 A";"B";"BAJA";"2";"SEGUNDA CATEGORÍA";"MARE NOSTRUM";"03";"ALACANT";"076";"GUARDAMAR DEL SEGURA";"03140";"PARTIDA MONCAYO, 100";"PD";"PARTIDA";"MONCAYO";"100";"dymercury@hotmail.com"; ; ; ;"128";"384";"0";"0";"1388";"69";"453";"21/09/1971";"14/05/2007";"01/04 - 15/09";"De Lunes a Domingo"
"CV-CAM000051-A";"A";"ALTA";"3e";"TRES ESTRELLAS";"PALM-MAR";"03";"ALACANT";"076";"GUARDAMAR DEL SEGURA";"03140";"CARRETERA CARTAGENA - ALICANTE, KM.70,5";"CR";"CARRETERA";"CARTAGENA - ALICANTE";"KM.70,5";"admin@campingpalmmar.es";"http://www.campingpalmmar.com";"C";"CAMPING";"177";"531";"0";"0";"560";"28";"559";"10/09/1981"; ;"01/06 - 30/09";"De Lunes a Domingo"
"CV-CAM000065-A";"A";"ALTA";"3e";"TRES ESTRELLAS";"EL NARANJAL";"03";"ALACANT";"082";"XÀBIA/JÁVEA";"03730";"CAMINO ELS  MORERS - APDO CORREOS 55, 15";"CM";"CAMINO";"ELS  MORERS - APDO CORREOS 55";"15";"naranjal@teleline.es";"http://www.campingelnaranjal.com";"C";"CAMPING";"179";"339";"66";"290";"440";"21";"650";"03/12/1984"; ;"SIEMPRE ABIERTO";"De Lunes a Domingo"
"CV-CAM000059-A";"A";"ALTA";"4e";"CUATRO ESTRELLAS";"JAVEA";"03";"ALACANT";"082";"XÀBIA/JÁVEA";"03730";"CAMINO DE LA FONTANA - APDO. CORREOS 83, 2";"CM";"CAMINO";"DE LA FONTANA - APDO. CORREOS 83";"2";"info@camping-javea.com";"http://www.camping-javea.com";"C";"CAMPING";"212";"573";"21";"82";"0";"0";"655";"09/03/1981"; ;"SIEMPRE ABIERTO";"De Lunes a Domingo"
"CV C00074 A";"B";"BAJA";"2";"SEGUNDA CATEGORÍA";"MEDITERRANEO";"03";"ALACANT";"082";"XÀBIA/JÁVEA";"03730";"CARRETERA CTRA. MONTAQAR, S/N";"CR";"CARRETERA";"CTRA. MONTAQAR";"S/N"; ; ; ; ;"208";"624"; ; ; ; ;"624";"02/08/1995";"17/12/1997"; ; 
"CV C00067 A";"B";"BAJA";"2";"SEGUNDA CATEGORÍA";"MUCHAMIEL";"03";"ALACANT";"090";"MUTXAMEL";"03110";"CALLE VENTETA, 000";"C";"CALLE";"VENTETA";"000"; ; ; ; ;"105";"385"; ; ; ; ;"385";"28/09/1988";"08/01/1999";"01/07 - 31/08";"De Lunes a Domingo"
"CV-CAM000090-A";"A";"ALTA";"3e";"TRES ESTRELLAS";"CAMPER PARK SAN FULGENCIO";"03";"ALACANT";"118";"SAN FULGENCIO";"03177";"CALLE MAR CANTÁBRICO, 7";"C";"CALLE";"MAR CANTÁBRICO";"7";"sanfulpark@gmail.com";"camperparksanfulgencio.com";"C";"CAMPING";"60";"180";"0"; ; ; ;"180";"24/07/2012"; ;"SIEMPRE ABIERTO";"De Lunes a Domingo"
"CV C00105 A";"B";"BAJA";"1e";"UNA ESTRELLA";"MINI CAMPING OASIS";"03";"ALACANT";"118";"SAN FULGENCIO";"03177";"CALLE MAR ADRIATICO, PARCELA 1, MANZANA 3, 1";"C";"CALLE";"MAR ADRIATICO, PARCELA 1, MANZANA 3";"1"; ; ;"C";"CAMPING";"14";"42"; ; ; ; ;"42";"12/06/2017";"20/11/2020";"SIEMPRE ABIERTO";"De Lunes a Domingo"
"CV C00091 A";"B";"BAJA";"2";"SEGUNDA CATEGORÍA";"MINICAMPING OASIS";"03";"ALACANT";"118";"SAN FULGENCIO";"03177";"CALLE MAR ADRIATICO, MANZANA 3, 1";"C";"CALLE";"MAR ADRIATICO, MANZANA 3";"1"; ; ;"C";"CAMPING";"14";"42"; ; ; ; ;"42";"05/09/2014";"29/01/2016";"SIEMPRE ABIERTO";"De Lunes a Domingo"
"CV C00056 A";"B";"BAJA";"1";"PRIMERA CATEGORÍA";"CABALLO LOCO";"03";"ALACANT";"119";"SANT JOAN D'ALACANT"; ;"PDA. FABRAQUER, S.N"; ; ;"PDA. FABRAQUER";"S.N"; ; ; ; ; ; ; ; ;"1972"; ;"500";"10/12/1981";"01/07/1993"; ; 
"CV C00024 A";"B";"BAJA";"2";"SEGUNDA CATEGORÍA";"EL MOLINO";"03";"ALACANT";"119";"SANT JOAN D'ALACANT";"03550";"AVENIDA DE ELDA, 35";"AV";"AVENIDA";"DE ELDA";"35"; ; ; ; ;"72";"216"; ; ;"900";"45";"261";"27/10/1967";"28/01/2003"; ; 
"CV-CAM000004-A";"A";"ALTA";"3e";"TRES ESTRELLAS";"BAHIA DE SANTA POLA";"03";"ALACANT";"121";"SANTA POLA";"03130";"CARRETERA SANTA POLA - ELX, KM. 11";"CR";"CARRETERA";"SANTA POLA - ELX";"KM. 11";"info@campingbahiasantapola.com";"https://www.campingbahiasantapola.com";"C";"CAMPING";"457";"1338";"11";"49"; ; ;"1387";"04/06/1965"; ;"SIEMPRE ABIERTO";"De Lunes a Domingo"
"CV C00101 A";"B";"BAJA";"1e";"UNA ESTRELLA";"CAMPER AREA SANTA POLA";"03";"ALACANT";"121";"SANTA POLA";"03130";"CALLE ELECTRICISTA, POLIG. IND. 2, 14";"C";"CALLE";"ELECTRICISTA, POLIG. IND. 2";"14";"camperareasantapola@gmail.com"; ;"C";"CAMPING";"23";"69"; ; ; ; ;"9";"18/07/2016";"08/06/2017";"SIEMPRE ABIERTO";"De Lunes a Domingo"
"CV C00062 A";"B";"BAJA";"2";"SEGUNDA CATEGORÍA";"ROCAS BLANCAS";"03";"ALACANT";"121";"SANTA POLA"; ;"CARRETERA NACIONAL 332, K08";"CR";"CARRETERA";"NACIONAL 332";"K08"; ; ; ; ;"75";"225"; ; ; ;"30";"255";"28/04/1986";"04/06/1998"; ; 
"CV-CAM000110-A";"A";"ALTA";"1e";"UNA ESTRELLA";"SANTA POLA";"03";"ALACANT";"121";"SANTA POLA";"03130";"CALLE LOS ELECTRICISTAS (POL.INDUSTRIAL 2), 14";"C";"CALLE";"LOS ELECTRICISTAS (POL.INDUSTRIAL 2)";"14";"camperareasantapola@gmail.com";"http://campingsantapolacaravanas.es";"C";"CAMPING";"23";"69";"0";"0";"0";"0";"69";"25/05/2018"; ;"SIEMPRE ABIERTO";"De Lunes a Domingo"
"CV C00033 A";"B";"BAJA";"2";"SEGUNDA CATEGORÍA";"BUENA VISTA";"03";"ALACANT";"128";"TEULADA"; ;"CARRETERA CALPE-MORAIRA, K00";"CR";"CARRETERA";"CALPE-MORAIRA";"K00"; ; ; ; ; ; ; ; ;"700"; ;"260";"10/09/1981";"04/11/1994";"01/04 - 30/09";"De Lunes a Domingo"
"CV C00011 A";"B";"BAJA";"2";"SEGUNDA CATEGORÍA";"LA COMETA";"03";"ALACANT";"128";"TEULADA";"03724";"CAMINO DEL CAMPAMENTO, 5";"CM";"CAMINO";"DEL CAMPAMENTO";"5"; ; ; ; ;"87";"261"; ; ;"538";"27";"288";"08/07/1984";"13/10/2003";"SIEMPRE ABIERTO";"De Lunes a Domingo"
"CV-CAM000029-A";"A";"ALTA";"4e";"CUATRO ESTRELLAS";"MORAIRA";"03";"ALACANT";"128";"TEULADA";"03724";"CAMINO DEL PAELLERO, 50";"CM";"CAMINO";"DEL PAELLERO";"50";"campingmoraira@campingmoraira.com";"http://www.campingmoraira.com";"C";"CAMPING";"68";"180";"8";"43";"1135";"60";"283";"10/07/1981"; ;"SIEMPRE ABIERTO";"De Lunes a Domingo"
"CV C00115 A";"B";"BAJA";"1e";"UNA ESTRELLA";"CAMPING CASA DELMUNDO DE TIBI";"03";"ALACANT";"129";"TIBI";"03109";"PARTIDA TORROSELLAS, 47";"PD";"PARTIDA";"TORROSELLAS";"47";"finca@casadelmundo.nl";"http://www.casadelmundo.nl";"C";"CAMPING";"11";"12";"7";"26";"400"; ;"12";"15/07/2020";"01/04/2021";"01/04 - 30/11";"De Lunes a Domingo"
"CV-CAM000072-A";"A";"ALTA";"3e";"TRES ESTRELLAS";"FLORANTILLES";"03";"ALACANT";"133";"TORREVIEJA";"03186";"CARRETERA CV-95, 95, S.MIGUEL DE SALINAS-TORREVIEJA";"CR";"CARRETERA";"CV-95, 95, S.MIGUEL DE SALINAS-TORREVIEJA"; ;"camping@campingflorantilles.com";"http://www.campingflorantilles.com";"C";"CAMPING";"264";"501";"97";"388";"0";"0";"889";"21/01/1994"; ;"SIEMPRE ABIERTO";"De Lunes a Domingo"
"CV C00057 A";"B";"BAJA";"2";"SEGUNDA CATEGORÍA";"LA CAMPANA";"03";"ALACANT";"133";"TORREVIEJA";"03180";"CARRETERA TORREVIEJA-CARTAGENA, KM., 4,5";"CR";"CARRETERA";"TORREVIEJA-CARTAGENA, KM.";"4,5"; ; ; ; ;"150";"450";"0";"0";"1758";"87";"537";"02/12/1980";"11/11/2010";"SIEMPRE ABIERTO";"De Lunes a Domingo"
"CV C00052 A";"B";"BAJA";"2";"SEGUNDA CATEGORÍA";"TORRE DEL MORO";"03";"ALACANT";"133";"TORREVIEJA";"03180";"CARRETERA TORRE DEL MORO, S/N";"CR";"CARRETERA";"TORRE DEL MORO";"S/N"; ; ; ; ;"90";"270"; ; ;"1260";"63";"333";"15/05/1975";"23/11/1995";"01/04 - 31/09";"De Lunes a Domingo"
"CV-CAM000071-A";"A";"ALTA";"3e";"TRES ESTRELLAS";"LA VALL";"03";"ALACANT";"134";"LA VALL D'ALCALÀ";"03788";"CAMINO D'ANDON, S.N";"CM";"CAMINO";"D'ANDON";"S.N";"reserves@camping-lavall.com";"http://www.camping-lavall.com";"C";"CAMPING";"59";"177";"0";"0";"0";"0";"177";"10/08/1993"; ;"01/04 - 15/10";"De Lunes a Domingo"
"CV-CAM000083-A";"A";"ALTA";"3e";"TRES ESTRELLAS";"VALL DE LAGUAR";"03";"ALACANT";"137";"LA VALL DE LAGUAR";"03791";"CALLE SANT ANTONI, 24";"C";"CALLE";"SANT ANTONI";"24";"info@campinglaguar.com";"http://www.campinglaguar.com";"C";"CAMPING";"67";"168";"11";"48";"683";"31";"247";"27/04/2006"; ;"SIEMPRE ABIERTO";"De Lunes a Domingo"
"CV-CAM000100-A";"A";"ALTA";"3e";"TRES ESTRELLAS";"ALICANTE IMPERIUM";"03";"ALACANT";"139";"LA VILA JOIOSA/VILLAJOYOSA";"03570";"CARRETERA CV-759, KM 1 PARTIDA SECANET";"CR";"CARRETERA";"CV-759, KM 1 PARTIDA SECANET"; ;"ave@campingalicanteimperium.com";"https://www.campingalicanteimperium.com";"C";"CAMPING";"159";"435";"14";"54"; ; ;"489";"05/07/2016"; ;"SIEMPRE ABIERTO";"De Lunes a Domingo"
"CV-CAM000093-A";"A";"ALTA";"3e";"TRES ESTRELLAS";"EL TORRES";"03";"ALACANT";"139";"LA VILA JOIOSA/VILLAJOYOSA";"03570";"PARTIDA EL TORRES NORTE, PLAYA EL TORRES";"PD";"PARTIDA";"EL TORRES NORTE, PLAYA EL TORRES"; ;"info@campingeltorres.com";"https://campingeltorres.com";"C";"CAMPING";"119";"324";"11";"66";"3946"; ;"390";"17/10/2014"; ;"SIEMPRE ABIERTO";"De Lunes a Domingo"
"CV C00041 A";"B";"BAJA";"2";"SEGUNDA CATEGORÍA";"HERCULES";"03";"ALACANT";"139";"LA VILA JOIOSA/VILLAJOYOSA";"03570";"CARRETERA NACIONAL 322, KM, 141";"CR";"CARRETERA";"NACIONAL 322, KM";"141"; ; ; ; ;"218";"654";"35";"105";"1373";"69";"828";"09/11/1970";"30/11/2006";"SIEMPRE ABIERTO";"De Lunes a Domingo"
"CV C00032 A";"B";"BAJA";"2";"SEGUNDA CATEGORÍA";"LA CALA";"03";"ALACANT";"139";"LA VILA JOIOSA/VILLAJOYOSA";"03570";"CARRETERA NACIONAL 332-CALA FINESTRAT, KM. 143";"CR";"CARRETERA";"NACIONAL 332-CALA FINESTRAT";"KM. 143"; ; ; ; ;"217";"651";"54";"178";"0";"0";"829";"06/05/1964";"07/11/2001"; ; 
"CV C00078 A";"B";"BAJA";"2";"SEGUNDA CATEGORÍA";"PLAYA DEL TORRES";"03";"ALACANT";"139";"LA VILA JOIOSA/VILLAJOYOSA";"03570";"PARTIDA TORRES DEL NORTE, 11";"PD";"PARTIDA";"TORRES DEL NORTE";"11";"info@playadeltorres.com";"http://www.playadeltorres.com"; ; ;"117";"267";"28";"84";"0";"0";"351";"21/12/1999";"25/06/2007";"SIEMPRE ABIERTO";"De Lunes a Domingo"
"CV-CAM000006-A";"A";"ALTA";"2e";"DOS ESTRELLAS";"PLAYA PARAÍSO";"03";"ALACANT";"139";"LA VILA JOIOSA/VILLAJOYOSA";"03570";"CARRETERA N-332, KM. 136-PARTIDA EL PARAISO, 66";"CR";"CARRETERA";"N-332, KM. 136-PARTIDA EL PARAISO";"66";"info@campingplayaparaiso.com";"http://www.campingplayaparaiso.com/";"C";"CAMPING";"84";"234";"6";"24";"0";"0";"258";"13/07/1965"; ;"SIEMPRE ABIERTO"; 
"CV C00040 A";"B";"BAJA";"2";"SEGUNDA CATEGORÍA";"SERTORIUM";"03";"ALACANT";"139";"LA VILA JOIOSA/VILLAJOYOSA";"03570";"PLAYA DEL TORRES, 30";"PY";"PLAYA";"DEL TORRES";"30";"sertorium@ctv.es";"http://www.sertorium.es"; ; ;"379";"1137";"46";"138";"0";"0";"1275";"13/07/1970";"14/05/2007";"SIEMPRE ABIERTO";"De Lunes a Domingo"
"CV-CAM000111-A";"A";"ALTA";"1e";"UNA ESTRELLA";"NOMADING CAMP ALICANTE";"03";"ALACANT";"140";"VILLENA";"03400";"PARAJE CABEZO DE LA VIRGEN, 60 LAS VIRTUDES";"PE";"PARAJE";"CABEZO DE LA VIRGEN, 60 LAS VIRTUDES"; ;"alicante@nomadingcamp.com";"https://www.nomadingcamp.com/hotel-burbuja-alicante";"C";"CAMPING";"27";"33";"16";"32";"880";"18";"83";"24/05/2018"; ;"SIEMPRE ABIERTO";"De Lunes a Domingo"
"CV-CAM000087-A";"A";"ALTA";"4e";"CUATRO ESTRELLAS";"LO MONTE";"03";"ALACANT";"902";"PILAR DE LA HORADADA";"03191";"AVENIDA COMUNIDAD VALENCIANA, 157";"AV";"AVENIDA";"COMUNIDAD VALENCIANA";"157";"info@campinglomonte.com";"https://www.campinglomonte.com";"C";"CAMPING";"249";"621";"42";"168";"0";"0";"789";"01/06/2011"; ;"SIEMPRE ABIERTO";"De Lunes a Domingo"
"CV-CAM000028-CS";"A";"ALTA";"4e";"CUATRO ESTRELLAS";"PLAYA TROPICANA";"12";"CASTELLÓ";"004";"ALCALÀ DE XIVERT / ALCOSSEBRE";"12579";"CAMINO DE L'ATALL - ALCOSSEBRE, S/N";"CM";"CAMINO";"DE L'ATALL - ALCOSSEBRE";"S/N";"info@playatropicana.com";"http://www.campingplayatropicana.com";"C";"CAMPING";"393";"930";"83";"518";"3350"; ;"1448";"19/09/1977"; ;"SIEMPRE ABIERTO";"De Lunes a Domingo"
"CV C00039CS";"B";"BAJA";"2";"SEGUNDA CATEGORÍA";"ALCOCEBRE";"12";"CASTELLÓ";"004";"ALCALÀ DE XIVERT / ALCOSSEBRE";"12579";"CALLE NA VIOLANT D'HONGRIA, 24";"C";"CALLE";"NA VIOLANT D'HONGRIA";"24"; ; ; ; ;"46";"138";"6";"30";"240";"12";"180";"01/05/1981";"28/02/2007";"01/07 - 31/08 y 01/07 - 21/07";"De Lunes a Domingo"
"CV-CAM000080-CS";"A";"ALTA";"1e";"UNA ESTRELLA";"LAS MORERAS AC";"12";"CASTELLÓ";"004";"ALCALÀ DE XIVERT / ALCOSSEBRE";"12579";"CARRETERA ALCOSSEBRE, 85";"CR";"CARRETERA";"ALCOSSEBRE";"85";"lasmorerasac@gmail.com"; ;"C";"CAMPING";"55";"165";"0"; ; ; ;"165";"11/08/2017"; ;"SIEMPRE ABIERTO";"De Lunes a Domingo"
"CV-CAM000078-CS";"A";"ALTA";"3e";"TRES ESTRELLAS";"LOS OLIVOS CAMPING PARK";"12";"CASTELLÓ";"004";"ALCALÀ DE XIVERT / ALCOSSEBRE";"12570";"CAMINO CERVERA, SN";"CM";"CAMINO";"CERVERA";"SN";"gestion@aguipedra.es(administración)  info@losolivoscampingpark.es (turístico)";"www.losolivoscampingpark.es";"C";"CAMPING";"105";"282";"11";"49"; ; ;"331";"02/07/2015"; ;"SIEMPRE ABIERTO";"De Lunes a Domingo"
"CV-CAM000056-CS";"A";"ALTA";"4e";"CUATRO ESTRELLAS";"RIBAMAR";"12";"CASTELLÓ";"004";"ALCALÀ DE XIVERT / ALCOSSEBRE";"12579";"PARTIDA RIBAMAR, A 2KM. CAMINO DE LAS FUENTES, S/N";"PD";"PARTIDA";"RIBAMAR, A 2KM. CAMINO DE LAS FUENTES";"S/N";"info@campingribamar.com";"http://www.campingribamar.com";"C";"CAMPING";"112";"213";"41";"164";"0";"0";"377";"27/03/1990"; ;"SIEMPRE ABIERTO"; 
"CV C00049CS";"B";"BAJA";"2";"SEGUNDA CATEGORÍA";"ALMENARA PLAYA";"12";"CASTELLÓ";"011";"ALMENARA";"12590";"CAMINO SERRATELLA, 6";"CM";"CAMINO";"SERRATELLA";"6"; ; ; ; ;"261";"783";"39";"117"; ; ;"900";"02/05/1988";"14/12/2005";"SIEMPRE ABIERTO";"De Lunes a Domingo"
"CV-CAM000044-CS";"A";"ALTA";"3e";"TRES ESTRELLAS";"CAMPING MUNICIPAL";"12";"CASTELLÓ";"012";"ALTURA";"12410";"PARQUE MUNICIPAL, S.N"; ; ;"PARQUE MUNICIPAL";"S.N";"camping@infoaltura.com"; ;"C";"CAMPING";"108";"324";"0";"0";"300";"12";"336";"15/07/1983"; ;"15/06 - 30/09 y 01/10 - 14/06";"De Lunes a Domingo (15/06 - 30/09) y Sólo Festivos y Fines de Semana (01/10 - 14/06)"
"CV-CAM000063-CS";"A";"ALTA";"3e";"TRES ESTRELLAS";"LOS CLOTICOS";"12";"CASTELLÓ";"022";"BEJÍS";"12430";"PARTIDA HUERTA MARTÍN, S/N, LOS CLOTICOS"; ; ;"PARTIDA HUERTA MARTÍN, S/N, LOS CLOTICOS"; ;"info@campingloscloticos.es";"http://www.campingloscloticos.es";"C";"CAMPING";"89";"231";"12";"57";"0";"0";"288";"05/10/1993"; ;"01/07 - 15/09"; 
"CV-CAM000026-CS";"A";"ALTA";"3e";"TRES ESTRELLAS";"ALEGRIA DEL MAR";"12";"CASTELLÓ";"027";"BENICARLÓ";"12580";"CARRETERA N-340, KM. 1046";"CR";"CARRETERA";"N-340";"KM. 1046";"info@campingalegria.com";"http://www.campingalegria.com";"C";"CAMPING";"49";"78";"23";"118";"609";"37";"233";"04/12/1975"; ;"SIEMPRE ABIERTO"; 
"CV C00017CS";"B";"BAJA";"2";"SEGUNDA CATEGORÍA";"EL TORDO Y EL OLIVO";"12";"CASTELLÓ";"027";"BENICARLÓ";"12580";"CARRETERA BENICARLO-PEÑISCOLA, K2";"CR";"CARRETERA";"BENICARLO-PEÑISCOLA";"K2"; ; ; ; ;"167";"501"; ; ;"483";"24";"525";"01/12/1967";"09/02/2001";"01/07 - 30/09";"De Lunes a Domingo"
"CV-CAM000051-CS";"A";"ALTA";"4e";"CUATRO ESTRELLAS";"AZAHAR";"12";"CASTELLÓ";"028";"BENICÀSSIM/BENICASIM";"12560";"PARTIDA VILLARROIG, S/N";"PD";"PARTIDA";"VILLARROIG";"S/N";"info@campingazahar.es";"http://www.campingazahar.es";"C";"CAMPING";"198";"658";"0"; ; ; ;"658";"20/06/1990"; ;"SIEMPRE ABIERTO"; 
"CV C00004CS";"B";"BAJA";"2";"SEGUNDA CATEGORÍA";"BENICASIM";"12";"CASTELLÓ";"028";"BENICÀSSIM/BENICASIM";"12560";"GRAN AVENIDA, 230"; ; ;"GRAN AVENIDA";"230";"hotelmi@hotmail.com"; ; ; ;"79";"237"; ; ;"544";"27";"264";"27/10/1967";"28/02/2007";"01/06 - 30/09";"De Lunes a Domingo"
"CV C00023CS";"B";"BAJA";"2";"SEGUNDA CATEGORÍA";"BENIMAR";"12";"CASTELLÓ";"028";"BENICÀSSIM/BENICASIM";"12560";"CAMINO DE LA RAYA, S.N"; ; ;"CAMINO DE LA RAYA";"S.N"; ; ; ; ; ; ; ; ;"2500"; ;"49";"01/02/1974";"16/06/1995";"15/06 - 30/09";"De Lunes a Domingo"
"CV-CAM000015-CS";"A";"ALTA";"5e";"CINCO ESTRELLAS";"BONTERRA";"12";"CASTELLÓ";"028";"BENICÀSSIM/BENICASIM";"12560";"AVENIDA BARCELONA, 47";"AV";"AVENIDA";"BARCELONA";"47";"info@bonterrapark.com";"http://www.bonterrapark.com";"C";"CAMPING";"380";"972";"56";"328";"0";"0";"1300";"27/04/1968"; ;"SIEMPRE ABIERTO";"De Lunes a Domingo"
"CV C00033CS";"B";"BAJA";"1";"PRIMERA CATEGORÍA";"CAPRICORNIO";"12";"CASTELLÓ";"028";"BENICÀSSIM/BENICASIM";"12560";"CALLE MOHINO, 003";"C";"CALLE";"MOHINO";"003"; ; ; ; ;"192";"576"; ; ;"1658";"72";"648";"16/09/1980";"18/04/2000"; ; 
"CV-CAM000019-CS";"A";"ALTA";"3e";"TRES ESTRELLAS";"FLORIDA";"12";"CASTELLÓ";"028";"BENICÀSSIM/BENICASIM";"12560";"CALLE SIGALERO, 34";"C";"CALLE";"SIGALERO";"34";"info@campingleflorida.com";"http://www.campingflorida.es";"C";"CAMPING";"71";"186";"9";"40";"825";"39";"265";"31/07/1967"; ;"SIEMPRE ABIERTO";"De Lunes a Domingo"
"CV-CAM000010-CS";"A";"ALTA";"3e";"TRES ESTRELLAS";"GRAN AVENIDA";"12";"CASTELLÓ";"028";"BENICÀSSIM/BENICASIM";"12560";"AVENIDA GRAN AVENIDA JAIME I, 267";"AV";"AVENIDA";"GRAN AVENIDA JAIME I";"267";"avenida@campingsbenciasim.com";"http://www.campingsbenicasim.com/es/campingavendia";"C";"CAMPING";"90";"255";"5";"19";"703";"43";"317";"02/11/1971"; ;"01/04 - 30/09";"De Lunes a Domingo"
"CV C00009CS";"B";"BAJA";"2";"SEGUNDA CATEGORÍA";"MONTEMAR";"12";"CASTELLÓ";"028";"BENICÀSSIM/BENICASIM";"12560";"CALLE SIGALERO, S/N";"C";"CALLE";"SIGALERO";"S/N"; ; ; ; ;"42";"126";"8";"32";"362";"18";"176";"18/03/1972";"08/08/2008";"15/05 - 15/09";"De Lunes a Domingo"
"CV-CAM000024-CS";"A";"ALTA";"4"; ;"TAURO";"12";"CASTELLÓ";"028";"BENICÀSSIM/BENICASIM";"12560";"AVENIDA GRAN AVENIDA, 295";"AV";"AVENIDA";"GRAN AVENIDA";"295";"info@campingtauro.com";"http://www.campingtauro.com";"C";"CAMPING";"131";"357";"12";"67";"0";"0";"424";"21/08/1974"; ;"SIEMPRE ABIERTO";"De Lunes a Domingo"
"CV C00001CS";"B";"BAJA";"2";"SEGUNDA CATEGORÍA";"EL ARENAL";"12";"CASTELLÓ";"032";"BORRIANA/BURRIANA";"12530";"PLAYA NORTE, S.N"; ; ;"PLAYA NORTE";"S.N"; ; ; ; ; ; ; ; ;"11500"; ;"240";"30/12/1969";"26/01/1999";"01/06 - 30/09";"De Lunes a Domingo"
"CV-CAM000066-CS";"A";"ALTA";"5e";"CINCO ESTRELLAS";"BRAVOPLAYA";"12";"CASTELLÓ";"033";"CABANES";"12595";"AVENIDA  L'ATALL, 44";"AV";"AVENIDA";"L'ATALL";"44";"camping@bravoplaya.com";"https://www.bravoplaya.com";"C";"CAMPING";"612";"1509";"109";"472"; ; ;"1981";"14/01/1997"; ;"SIEMPRE ABIERTO"; 
"CV-CAM000077-CS";"A";"ALTA";"4e";"CUATRO ESTRELLAS";"CAMPING TORRE LA SAL";"12";"CASTELLÓ";"033";"CABANES";"12595";"AVENIDA CAMÍ LA L'ATALL, 19";"AV";"AVENIDA";"CAMÍ LA L'ATALL";"19";"info@campingtorrelasal.com";"http://www.campingtorrelasal.com";"C";"CAMPING";"166";"456";"14";"61"; ; ;"517";"22/11/2012"; ;"SIEMPRE ABIERTO";"De Lunes a Domingo"
"CV-CAM000075-CS";"A";"ALTA";"4e";"CUATRO ESTRELLAS";"CAMPING TORRE LA SAL MARIA";"12";"CASTELLÓ";"033";"CABANES";"12595";"CAMINO L ATALL, SN";"CM";"CAMINO";"L ATALL";"SN";"campingmaria@hotmail.es";"http://www.torrelasalmaria.com";"C";"CAMPING";"122";"306";"20";"93"; ;"0";"399";"11/11/2011"; ;"SIEMPRE ABIERTO";"De Lunes a Domingo"
"CV-CAM000061-CS";"A";"ALTA";"4e";"CUATRO ESTRELLAS";"RIBERAMAR";"12";"CASTELLÓ";"033";"CABANES";"12180";"AVENIDA LA RATLLA, 7";"AV";"AVENIDA";"LA RATLLA";"7";"info@campingriberamar.com";"http://www.campingriberamar.com";"C";"CAMPING";"237";"606";"35";"138";"0";"0";"744";"25/03/1993"; ;"02/03 - 30/09"; 
"CV C00022CS";"B";"BAJA";"1";"PRIMERA CATEGORÍA";"TORRE LA SAL";"12";"CASTELLÓ";"033";"CABANES";"12180";"PARTIDA TORRE LA SAL, S.N";"PD";"PARTIDA";"TORRE LA SAL";"S.N";"info@campingtorrelasal.com";"http://www.campingtorrelasal.com/"; ; ;"309";"927";"11";"33"; ; ;"960";"17/07/1973";"25/07/2007";"SIEMPRE ABIERTO";"De Lunes a Domingo"
"CV C00065CS";"B";"BAJA";"1";"PRIMERA CATEGORÍA";"TORSAL";"12";"CASTELLÓ";"033";"CABANES";"12598";"CAMINO L'ATALL, S/N";"CM";"CAMINO";"L'ATALL";"S/N"; ;"www.torrelasal2.com"; ; ;"42";"126";"7";"28"; ; ;"154";"18/06/1996";"11/10/2013";"SIEMPRE ABIERTO";"De Lunes a Domingo"
"CV-CAM000076-CS";"A";"ALTA";"3e";"TRES ESTRELLAS";"CAMPING ORANGERAIE";"12";"CASTELLÓ";"034";"CÀLIG";"12589";"CAMINO PEÑÍSCOLA-CÀLIG, S/N";"CM";"CAMINO";"PEÑÍSCOLA-CÀLIG";"S/N";"info@campingorangeraie.com";"https://www.campingorangeraie.com";"C";"CAMPING";"241";"261";"154";"692";"9512";"286";"1239";"27/02/2012"; ;"15/01 - 30/11";"De Lunes a Domingo"
"CV C00081CS";"B";"BAJA";"1e";"UNA ESTRELLA";"NOCHES DE CALIG";"12";"CASTELLÓ";"034";"CÀLIG";"12589";"PARTIDA BOBALAR, POLIGONO 15, PARCELA, 36";"PD";"PARTIDA";"BOBALAR, POLIGONO 15, PARCELA";"36";"info@nochesdecalig.com";"http://www.nochesdecalig.com";"C";"CAMPING";"21";"27";"12";"36";"0"; ;"9";"01/12/2021";"23/04/2022";"SIEMPRE ABIERTO";"De Lunes a Domingo"
"CV-CAM000058-CS";"A";"ALTA";"3e";"TRES ESTRELLAS";"TRES ESTRELLAS MEDITERRANEO";"12";"CASTELLÓ";"053";"CHILCHES/XILXES";"12592";"AVENIDA MARE NOSTRUM, S.S";"AV";"AVENIDA";"MARE NOSTRUM";"S.S";"info@3estrellasmediterraneo.com";"https://www.tresestrellascampings.com/mediterraneo-castellon-valencia/";"C";"CAMPING";"188";"366";"66";"268";"0";"0";"634";"22/04/1993"; ;"SIEMPRE ABIERTO"; 
"CV C00055CS";"B";"BAJA";"2";"SEGUNDA CATEGORÍA";"SIERRA ESPADAN";"12";"CASTELLÓ";"057";"ESLIDA";"12528";"CARRETERA ARTANA, S.N";"CR";"CARRETERA";"ARTANA";"S.N"; ; ; ; ;"42";"126"; ; ; ; ;"126";"23/01/1990";"18/01/2008";"SIEMPRE ABIERTO";"De Lunes a Domingo"
"CV-CAM000071-CS";"A";"ALTA";"4"; ;"CAMPING MONMAR";"12";"CASTELLÓ";"077";"MONCOFA";"12593";"CAMINO SERRATELLES, 95";"CM";"CAMINO";"SERRATELLES";"95";"info@campingmonmar.com";"http://www.campingmonmar.com";"C";"CAMPING";"167";"429";"24";"95";"0";"0";"524";"05/02/2001"; ;"SIEMPRE ABIERTO"; 
"CV-CAM000064-CS";"A";"ALTA";"4e";"CUATRO ESTRELLAS";"LOS NARANJOS";"12";"CASTELLÓ";"077";"MONCOFA";"12593";"CARRETERA N-340, KM. 4, CAMÍ CABRES S/N";"CR";"CARRETERA";"N-340, KM. 4, CAMÍ CABRES S/N"; ;"info@campinglosnaranjos.com";"https://www.campinglosnaranjos.com";"C";"CAMPING";"202";"312";"49";"219";"0";"0";"531";"05/07/1994"; ;"SIEMPRE ABIERTO";"De Lunes a Domingo"
"CV-CAM000067-CS";"A";"ALTA";"4e";"CUATRO ESTRELLAS";"ALTOMIRA";"12";"CASTELLÓ";"081";"NAVAJAS";"12470";"CARRETERA CV-213  NAVAJAS, KM. 1";"CR";"CARRETERA";"CV-213  NAVAJAS";"KM. 1";"reservas@campingaltomira.com";"http://www.campingaltomira.com";"C";"CAMPING";"112";"270";"22";"114";"2892";"121";"505";"25/06/1997"; ;"SIEMPRE ABIERTO";"De Lunes a Domingo"
"CV-CAM000060-CS";"A";"ALTA";"2";"SEGUNDA CATEGORÍA";"COSTA DE LEVANTE";"12";"CASTELLÓ";"082";"NULES";"12520";"CAMINO SARRATELLES, S/N";"CM";"CAMINO";"SARRATELLES";"S/N";"franroblessanchez.23@gmail.com";"http://www.campingcostadelevante.es";"C";"CAMPING";"121";"246";"39";"213";"1204";"73";"532";"01/06/1992"; ;"SIEMPRE ABIERTO";"De Lunes a Domingo"
"CV C00002CS";"B";"BAJA";"2";"SEGUNDA CATEGORÍA";"LAS HUERTAS";"12";"CASTELLÓ";"082";"NULES";"12520";"CAMINO SERRATELLA, S.N"; ; ;"CAMINO SERRATELLA";"S.N"; ; ; ; ;"11";"33";"5";"26";"115";"6";"65";"29/06/1968";"08/01/2002"; ; 
"CV C00054CS";"B";"BAJA";"2";"SEGUNDA CATEGORÍA";"ALONDRA";"12";"CASTELLÓ";"085";"ORPESA/OROPESA DEL MAR";"12594";"CARRETERA N-340-CAMÍ L'ATALL";"CR";"CARRETERA";"N-340-CAMÍ L'ATALL"; ; ; ; ; ;"102";"306"; ; ; ; ;"306";"11/08/1989";"28/02/2007";"SIEMPRE ABIERTO";"De Lunes a Domingo"
"CV C00016CS";"B";"BAJA";"1";"PRIMERA CATEGORÍA";"BLAVAMAR";"12";"CASTELLÓ";"085";"ORPESA/OROPESA DEL MAR";"12594";"CAMINO L'ATALL, S.N";"CM";"CAMINO";"L'ATALL";"S.N"; ; ; ; ;"146";"438"; ; ; ; ;"438";"04/01/1968";"13/03/2003";"01/01 - 31/08";"De Lunes a Domingo"
"CV C00070CS";"B";"BAJA";"2";"SEGUNDA CATEGORÍA";"CORTIJOMAR";"12";"CASTELLÓ";"085";"ORPESA/OROPESA DEL MAR";"12594";"PASEO  MEDITERRANEO-PLAYA MORRO DE GOS, 2";"PA";"PASEO";"MEDITERRANEO-PLAYA MORRO DE GOS";"2"; ; ; ; ;"118";"354"; ;"0";"0";"0";"354";"13/11/1998";"08/08/2008";"SIEMPRE ABIERTO";"De Lunes a Domingo"
"CV-CAM000048-CS";"A";"ALTA";"4e";"CUATRO ESTRELLAS";"DIDOTA";"12";"CASTELLÓ";"085";"ORPESA/OROPESA DEL MAR";"12594";"AVENIDA BARCELONA - VEREDEA DE LA DIDOTA, S/N";"AV";"AVENIDA";"BARCELONA - VEREDEA DE LA DIDOTA";"S/N";"info@campingdidota.es";"http://www.campingdidota.es";"C";"CAMPING";"133";"336";"21";"84"; ;"0";"420";"01/06/1987"; ;"01/04 - 30/09"; 
"CV C00047CS";"B";"BAJA";"2";"SEGUNDA CATEGORÍA";"ESTRELLA DE MAR";"12";"CASTELLÓ";"085";"ORPESA/OROPESA DEL MAR";"12594";"CAMINO L'ATALL-PARTIDA LES AMPLARIES, S.N";"CM";"CAMINO";"L'ATALL-PARTIDA LES AMPLARIES";"S.N"; ; ; ; ;"230";"690";"8";"40";"378";"18";"748";"08/07/1991";"22/05/2008";"15/03 - 31/10";"De Lunes a Domingo"
"CV C00057CS";"B";"BAJA";"2";"SEGUNDA CATEGORÍA";"FREDYMAR";"12";"CASTELLÓ";"085";"ORPESA/OROPESA DEL MAR";"12594";"CAMINO L.ATALL, S/N";"CM";"CAMINO";"L.ATALL";"S/N"; ; ; ; ;"156";"489"; ; ;"500";"21";"510";"24/05/1993";"22/05/2008";"15/02 - 16/12";"De Lunes a Domingo"
"CV-CAM000045-CS";"A";"ALTA";"3e";"TRES ESTRELLAS";"KIVU";"12";"CASTELLÓ";"085";"ORPESA/OROPESA DEL MAR";"12594";"PARTIDA AMPLARIES, S.N";"PD";"PARTIDA";"AMPLARIES";"S.N"; ; ;"C";"CAMPING";"96";"258";"10";"17"; ; ;"275";"25/04/1986"; ;"SIEMPRE ABIERTO"; 
"CV C00011CS";"B";"BAJA";"2";"SEGUNDA CATEGORÍA";"LOS ALMENDROS";"12";"CASTELLÓ";"085";"ORPESA/OROPESA DEL MAR";"12594";"CARRETERA N-340, KM. 87,2";"CR";"CARRETERA";"N-340";"KM. 87,2"; ; ; ; ;"63";"189"; ; ;"661";"33";"222";"23/12/1972";"08/11/2001"; ;"De Lunes a Domingo"
"CV-CAM000059-CS";"A";"ALTA";"4e";"CUATRO ESTRELLAS";"OASIS";"12";"CASTELLÓ";"085";"ORPESA/OROPESA DEL MAR";"12594";"CAMINO L'ATALL, S.N"; ; ;"CAMINO L'ATALL";"S.N";"oasis@camping-oropesa.com";"http://www.camping-oropesa.com";"C";"CAMPING";"230";"360";"110";"436"; ; ;"796";"07/10/1991"; ;"SIEMPRE ABIERTO";"De Lunes a Domingo"
"CV C00020CS";"B";"BAJA";"2";"SEGUNDA CATEGORÍA";"TORRE PAQUITA";"12";"CASTELLÓ";"085";"ORPESA/OROPESA DEL MAR";"12594";"AVENIDA COLUMBRETES, S.N";"AV";"AVENIDA";"COLUMBRETES";"S.N"; ; ; ; ;"107";"321"; ; ;"1041";"51";"372";"07/07/1967";"16/04/2003";"06/04 - 26/08";"De Lunes a Domingo"
"CV-CAM000032-CS";"A";"ALTA";"3e";"TRES ESTRELLAS";"VORAMAR";"12";"CASTELLÓ";"085";"ORPESA/OROPESA DEL MAR";"12594";"ANTONIO BOSQUE, S/N"; ; ;"ANTONIO BOSQUE";"S/N";"campingvoramar@hotmail.com";"http://www.campingvoramaroropesa.es";"C";"CAMPING";"121";"363";"0"; ; ; ;"363";"15/07/1983"; ; ; 
"CV C00008CS";"B";"BAJA";"1";"PRIMERA CATEGORÍA";"BELLAVISTA";"12";"CASTELLÓ";"089";"PEÑÍSCOLA/PENÍSCOLA";"12598";"PARTIDA LA COVA, S.N";"PD";"PARTIDA";"LA COVA";"S.N";"info@campingbellavista.net";"http://www.campingbellavista.net"; ; ;"163";"489";"32";"131";"916";"39";"659";"03/07/1968";"29/10/2009";"SIEMPRE ABIERTO";"De Lunes a Domingo"
"CV C00034CS";"B";"BAJA";"2";"SEGUNDA CATEGORÍA";"CACTUS";"12";"CASTELLÓ";"089";"PEÑÍSCOLA/PENÍSCOLA";"12598";"AVENIDA PAPA LUNA, 116";"AV";"AVENIDA";"PAPA LUNA";"116"; ; ; ; ;"49";"49"; ; ; ; ;"49";"16/09/1980";"19/12/2002";"15/06 - 30/09";"De Lunes a Domingo"
"CV C00035CS";"B";"BAJA";"1";"PRIMERA CATEGORÍA";"CARAVANA";"12";"CASTELLÓ";"089";"PEÑÍSCOLA/PENÍSCOLA";"12598";"AVENIDA DE LA ESTACIÓN, 47";"AV";"AVENIDA";"DE LA ESTACIÓN";"47"; ; ; ; ;"296";"870"; ; ;"3380";"125";"995";"16/09/1980";"13/10/2003";"01/07 - 31/08";"De Lunes a Domingo"
"CV-CAM000038-CS";"A";"ALTA";"3e";"TRES ESTRELLAS";"EL CID";"12";"CASTELLÓ";"089";"PEÑÍSCOLA/PENÍSCOLA";"12598";"AZAGADOR DE LA CRUZ, S.N"; ; ;"AZAGADOR DE LA CRUZ";"S.N";"info@campingelcid.com";"http://www.campingelcid.com";"C";"CAMPING";"154";"417";"15";"60";"1375";"0";"477";"17/11/1980"; ;"SIEMPRE ABIERTO";"De Lunes a Domingo"
"CV-CAM000050-CS";"A";"ALTA";"4e";"CUATRO ESTRELLAS";"EL EDEN";"12";"CASTELLÓ";"089";"PEÑÍSCOLA/PENÍSCOLA";"12598";"CARRETERA CS-501 BENICARLÓ-PEÑÍSCOLA, KM. 6";"CR";"CARRETERA";"CS-501 BENICARLÓ-PEÑÍSCOLA, KM. 6"; ;"juanvicent@camping-eden.com";"https://www.camping-eden.com";"C";"CAMPING";"277";"765";"22";"132";"0";"0";"897";"17/09/1990"; ;"SIEMPRE ABIERTO";"De Lunes a Domingo"
"CV-CAM000029-CS";"A";"ALTA";"3e";"TRES ESTRELLAS";"FERRER";"12";"CASTELLÓ";"089";"PEÑÍSCOLA/PENÍSCOLA";"12598";"AVENIDA LA ESTACION, 27";"AV";"AVENIDA";"LA ESTACION";"27";"campingferrer@campingferrer.com";"http://www.campingferrer.com/";"C";"CAMPING";"77";"195";"12";"60";"621";"39";"294";"25/09/1978"; ; ;"De Lunes a Domingo"
"CV-CAM000027-CS";"A";"ALTA";"3e";"TRES ESTRELLAS";"LA VOLTA";"12";"CASTELLÓ";"089";"PEÑÍSCOLA/PENÍSCOLA";"12598";"CARRETERA PEÑÍSCOLA-BENICARLÓ, KM. 3,6";"CR";"CARRETERA";"PEÑÍSCOLA-BENICARLÓ";"KM. 3,6";"info@campinglavolta.com";"http://www.campinglavolta.com";"C";"CAMPING";"118";"354";"0";"0";"0";"0";"354";"05/11/1976"; ;"SIEMPRE ABIERTO";"De Lunes a Domingo"
"CV-CAM000046-CS";"A";"ALTA";"4e";"CUATRO ESTRELLAS";"LOS PINOS";"12";"CASTELLÓ";"089";"PEÑÍSCOLA/PENÍSCOLA";"12598";"CAMINO ABELLERS, S.N";"CM";"CAMINO";"ABELLERS";"S.N";"campinglospinos@hotmail.com";"http://www.campinglospinos.com";"C";"CAMPING";"105";"231";"28";"84";"0";"0";"315";"16/10/1989"; ;"SIEMPRE ABIERTO";"De Lunes a Domingo"
"CV C00025CS";"B";"BAJA";"2";"SEGUNDA CATEGORÍA";"PEÑISCOLA";"12";"CASTELLÓ";"089";"PEÑÍSCOLA/PENÍSCOLA";"12598";"CARRETERA PEÑISCOLA-BENICARLÓ, KM. 3";"CR";"CARRETERA";"PEÑISCOLA-BENICARLÓ";"KM. 3"; ; ; ; ;"114";"342"; ; ;"1538";"75";"417";"15/07/1975";"09/03/2001"; ; 
"CV-CAM000037-CS";"A";"ALTA";"3e";"TRES ESTRELLAS";"SOL D'OR";"12";"CASTELLÓ";"089";"PEÑÍSCOLA/PENÍSCOLA";"12598";"AVENIDA ESTACIÓN, 139";"AV";"AVENIDA";"ESTACIÓN";"139";"info@campingsoldor.com";"http://www.campingsoldor.com";"C";"CAMPING";"197";"441";"50";"200";"3138";"134";"775";"17/11/1980"; ;"SIEMPRE ABIERTO"; 
"CV-CAM000072-CS";"A";"ALTA";"4e";"CUATRO ESTRELLAS";"SPA NATURA RESORT";"12";"CASTELLÓ";"089";"PEÑÍSCOLA/PENÍSCOLA";"12580";"PARTIDA VILLARROYOS, S/N";"PD";"PARTIDA";"VILLARROYOS";"S/N";"calidad.spanatura@gmail.com";"http://www.spanaturaresort.com";"C";"CAMPING";"0";"0";"0";"0";"0";"0";"486";"21/11/2002"; ;"SIEMPRE ABIERTO";"De Lunes a Domingo"
"CV-CAM000083-CS";"A";"ALTA";"1e";"UNA ESTRELLA";"STOP AND GO LA ROTONDA DE PEÑÍSCOLA";"12";"CASTELLÓ";"089";"PEÑÍSCOLA/PENÍSCOLA";"12598";"CARRETERA VIEJA PEÑISCOLA BENICARLÓ CV 140 POL. 5, PARC. 161";"CR";"CARRETERA";"VIEJA PEÑISCOLA BENICARLÓ CV 140 POL. 5";"PARC. 161";"stopandgolarotonda@gmail.com"; ;"C";"CAMPING";"18";"54";"0"; ;"341"; ;"54";"23/03/2023"; ;"SIEMPRE ABIERTO";"De Lunes a Domingo"
"CV-CAM000031-CS";"A";"ALTA";"3e";"TRES ESTRELLAS";"VIZMAR";"12";"CASTELLÓ";"089";"PEÑÍSCOLA/PENÍSCOLA";"12598";"CARRETERA PEÑÍSCOLA-BENICARLÓ, KM. 6,8";"CR";"CARRETERA";"PEÑÍSCOLA-BENICARLÓ";"KM. 6,8";"campingvizmar@hotmail.com";"http://campingvizmar.com";"C";"CAMPING";"139";"405";"4";"16"; ; ;"421";"03/06/1980"; ;"SIEMPRE ABIERTO";"De Lunes a Domingo"
"CV-CAM000073-CS";"A";"ALTA";"3e";"TRES ESTRELLAS";"LA TINENÇA-MOLI L'ABAD";"12";"CASTELLÓ";"093";"LA POBLA DE BENIFASSÀ";"12599";"CARRETERA POBLA BENIFASSÀ, KM 5";"CR";"CARRETERA";"POBLA BENIFASSÀ";"KM 5";"angel@moliabad.com";"http://www.moliabad.com";"C";"CAMPING";"68";"96";"36";"83";"880";"10";"189";"21/01/2003"; ;"SIEMPRE ABIERTO"; 
"CV-CAM000079-CS";"A";"ALTA";"3e";"TRES ESTRELLAS";"MAESTRAT PARK";"12";"CASTELLÓ";"099";"SANT JORDI/SAN JORGE";"12320";"CV 136 KM 1.5, SANT JORDI, CERVERA, 1.5"; ; ;"CV 136 KM 1.5, SANT JORDI, CERVERA, 1.5"; ;"info@maestratpark.es";"https://es.maestratpark.es";"C";"CAMPING";"107";"177";"48";"194"; ;"0";"371";"11/07/2017"; ;"SIEMPRE ABIERTO";"De Lunes a Domingo"
"CV C00082CS";"B";"BAJA";"1e";"UNA ESTRELLA";"TIERRA DE ARTE";"12";"CASTELLÓ";"099";"SANT JORDI/SAN JORGE";"12320";"CARRETERA CERVERA, KM 0.8";"CR";"CARRETERA";"CERVERA";"KM 0.8";"reservas@alojamientosingulares.es";"https://tierradearte.es";"C";"CAMPING";"8";"15";"3";"12"; ; ;"27";"15/11/2022";"05/04/2023";"SIEMPRE ABIERTO";"De Lunes a Domingo"
"CV-CAM000053-CS";"A";"ALTA";"4e";"CUATRO ESTRELLAS";"COMPLEJO SAN BLAS";"12";"CASTELLÓ";"104";"SEGORBE";"12400";"CALLE MONTE SAN BLAS, S.N";"C";"CALLE";"MONTE SAN BLAS";"S.N";"info@complejosanblas.com";"http://www.complejosanblas.com";"C";"CAMPING";"70";"201";"3";"12"; ; ;"213";"27/07/1989"; ;"SIEMPRE ABIERTO";"De Lunes a Domingo"
"CV-CAM000062-CS";"A";"ALTA";"1e";"UNA ESTRELLA";"ZIELO DE LEVANTE";"12";"CASTELLÓ";"111";"TÍRIG";"12179";"PARAJE LA VALLTORTA, PLÁ DE L'OM, S/N"; ; ;"PARAJE LA VALLTORTA, PLÁ DE L'OM, S/N"; ;"info@zielodelevante.com";"https://www.zielodelevante.com/es";"C";"CAMPING";"18";"18";"12";"32";"0";"0";"50";"14/05/1993"; ;"01/04 - 01/10";"De Lunes a Domingo"
"CV C00040CS";"B";"BAJA";"2";"SEGUNDA CATEGORÍA";"MON ROSSI";"12";"CASTELLÓ";"117";"TORREBLANCA";"12596";"PARTIDA POU DE BORRAS (C MON ROSSI), S.N";"PD";"PARTIDA";"POU DE BORRAS (C MON ROSSI)";"S.N"; ; ; ; ;"51";"153"; ; ; ;"36";"189";"15/09/1981";"30/11/2006";"SIEMPRE ABIERTO";"De Lunes a Domingo"
"CV-CAM000014-CS";"A";"ALTA";"3"; ;"TORRENOSTRA";"12";"CASTELLÓ";"117";"TORREBLANCA";"12596";"CARRETERA DEL MAR-PLAYA TORRENOSTRA, S.N";"CR";"CARRETERA";"DEL MAR-PLAYA TORRENOSTRA";"S.N";"campingtorrenostra@gmail.com";"http://www.campingtorrenostra.com";"C";"CAMPING";"311";"915";"6";"24";"0";"0";"939";"15/07/1970"; ;"01/01 - 31/12";"De Lunes a Domingo"
"CV-CAM000084-CS";"A";"ALTA";"1e";"UNA ESTRELLA";"CAMPER AREA VILAFAMES";"12";"CASTELLÓ";"128";"VILAFAMÉS";"12192";"CALLE REI EN JAUME I, 297";"C";"CALLE";"REI EN JAUME I";"297";"camperareavilafames@gmail.com";"http://www.camperaereavilafames.com";"C";"CAMPING";"20";"60";"0";"0";"0";"0";"60";"28/04/2023"; ;"SIEMPRE ABIERTO";"De Lunes a Domingo"
"CV-CAM000068-CS";"A";"ALTA";"3e";"TRES ESTRELLAS";"LLOSAR";"12";"CASTELLÓ";"129";"VILLAFRANCA DEL CID/VILAFRANCA";"12150";"CARRETERA VILLAFRANCA-TERUEL. PARTIDA VEGAS TEJERIA, KM. 0'7";"CR";"CARRETERA";"VILLAFRANCA-TERUEL. PARTIDA VEGAS TEJERIA";"KM. 0'7";"xavivila86@gmail.com"; ;"C";"CAMPING";"58";"174";"0";"0";"745";"30";"204";"14/07/1997"; ;"01/06 - 31/09";"De Lunes a Domingo"
"CV-CAM000043-CS";"A";"ALTA";"3e";"TRES ESTRELLAS";"CALA PUNTAL";"12";"CASTELLÓ";"138";"VINARÒS";"12500";"PARTIDA  LAS SALINAS, 41";"PD";"PARTIDA";"LAS SALINAS";"41";"aurea-alonso@hotmail.es"; ;"C";"CAMPING";"81";"225";"6";"32";"1000"; ;"249";"14/01/1983"; ;"SIEMPRE ABIERTO";"De Lunes a Domingo"
"CV C00052CS";"B";"BAJA";"1";"PRIMERA CATEGORÍA";"SOL DE RIU PLAYA";"12";"CASTELLÓ";"138";"VINARÒS";"12500";"CARRETERA NACIONAL 340, KM. 1054'6";"CR";"CARRETERA";"NACIONAL 340";"KM. 1054'6";"info@solderiuplaya.com";"http://www.solderiuplaya.com"; ; ;"254";"762";"0";"0";"0";"0";"762";"24/11/1989";"27/04/2005";"SIEMPRE ABIERTO";"De Lunes a Domingo"
"CV-CAM000074-CS";"A";"ALTA";"3e";"TRES ESTRELLAS";"VINARÒS";"12";"CASTELLÓ";"138";"VINARÒS";"12500";"CTRA. N-340, KM. 1054"; ; ;"CTRA. N-340, KM. 1054"; ;"info@campingvinaros.com";"http://www.campingvinaros.com";"C";"CAMPING";"181";"471";"24";"70";"0";"0";"541";"28/07/2004"; ;"SIEMPRE ABIERTO";"De Lunes a Domingo"
"CV C00069CS";"B";"BAJA";"2";"SEGUNDA CATEGORÍA";"VISTABELLA";"12";"CASTELLÓ";"139";"VISTABELLA DEL MAESTRAT";"12135";"CAMINO MOSQUERUELA, S/N";"CM";"CAMINO";"MOSQUERUELA";"S/N"; ; ; ; ;"82";"246";"3";"22";"0";"0";"268";"04/02/1998";"30/11/2007";"01/04 - 30/10";"De Lunes a Domingo"
"CV-CAM000041-CS";"A";"ALTA";"4e";"CUATRO ESTRELLAS";"VILLA DE VIVER";"12";"CASTELLÓ";"140";"VIVER";"12460";"CAMINO BENABAL (PARTIDA DE LAS QUINCHAS), S.N";"CM";"CAMINO";"BENABAL (PARTIDA DE LAS QUINCHAS)";"S.N";"info@campingvilladeviver.es";"http://www.campingvilladeviver.es";"C";"CAMPING";"62";"186";"0"; ;"280";"12";"198";"20/12/1981"; ;"SIEMPRE ABIERTO";"De Lunes a Domingo"
"CV-CAM000063-V";"A";"ALTA";"2e";"DOS ESTRELLAS";"NOMADIC VALENCIA CAMPING CAR";"46";"VALÈNCIA";"009";"ALBALAT DELS SORELLS";"46135";"CALLE PUIG DE SANTA MARÍA, 14";"C";"CALLE";"PUIG DE SANTA MARÍA";"14";"info@campingnomadic.com";"https://www.comunitatvalenciana.com/";"C";"CAMPING";"33";"99";"0"; ;"0"; ;"99";"02/11/2020"; ;"SIEMPRE ABIERTO";"De Lunes a Domingo"
"CV-CAM000060-V";"A";"ALTA";"1e";"UNA ESTRELLA";"CAMPER PARK KM ZERO";"46";"VALÈNCIA";"037";"L'ALQUERIA DE LA COMTESSA";"46715";"CALLE METGE PANELLA, 1";"C";"CALLE";"METGE PANELLA";"1";"kmzerocamperpark@gmail.com";"http://www.kmzerocamperpark.com";"C";"CAMPING";"28";"84";"0"; ; ; ;"84";"26/03/2015"; ;"01/09 - 30/06";"De Lunes a Domingo"
"CV C00057 V";"B";"BAJA";"2";"SEGUNDA CATEGORÍA";"CAMPER PARK KM ZERO";"46";"VALÈNCIA";"037";"L'ALQUERIA DE LA COMTESSA";"46715";"CALLE METGE PANELLA, 1";"C";"CALLE";"METGE PANELLA";"1";"info@kmzerocamperpark.com";"http://www.kmzerocamperpark.com";"C";"CAMPING";"18";"54";"0";"0";"597"; ;"54";"03/09/2014";"16/04/2015";"01/09 - 31/05";"De Lunes a Domingo"
"CV-CAM000048-V";"A";"ALTA";"3e";"TRES ESTRELLAS";"ALBUFERA DE ANNA";"46";"VALÈNCIA";"039";"ANNA";"46820";"PARAJE DEL LAGO DE ANNA, S/N"; ; ;"PARAJE DEL LAGO DE ANNA";"S/N"; ; ;"C";"CAMPING";"85";"255";"0"; ; ; ;"255";"25/08/1998"; ;"SIEMPRE ABIERTO";"De Lunes a Domingo"
"CV-CAM000051-V";"A";"ALTA";"3e";"TRES ESTRELLAS";"LA FALAGUERA";"46";"VALÈNCIA";"046";"BARX";"46758";"PARTIDA FALAGUERA PGO.4 PCLA 294, S/N";"PD";"PARTIDA";"FALAGUERA PGO.4 PCLA 294";"S/N";"info@campinglafalaguera.com";"http://www.campinglafalaguera.com";"C";"CAMPING";"73";"138";"27";"114";"0";"0";"244";"08/05/2002"; ;"SIEMPRE ABIERTO";"De Lunes a Domingo"
"CV-ARP000001-V";"B";"BAJA";"AP";"A PERNOCTA";"AREA DE CARAVANAS DE BENAGEBER";"46";"VALÈNCIA";"050";"BENAGÉBER";"46173";"PARTIDA PARCELA 19 POLIGONO 8, S/N";"PD";"PARTIDA";"PARCELA 19 POLIGONO 8";"S/N";"oficinas@benageber.es";"http://www.benageber.es";"A";"AREA PERNOCTA";"34"; ; ; ; ; ;"102";"14/06/2022";"07/10/2022";"SIEMPRE ABIERTO";"De Lunes a Domingo"
"CV-CAM000056-V";"A";"ALTA";"3e";"TRES ESTRELLAS";"VALENCIA CAMPER PARK";"46";"VALÈNCIA";"070";"BÉTERA";"46117";"CALLE UNIVERSO, S/N";"C";"CALLE";"UNIVERSO";"S/N";"valcampark@gmail.com";"http://www.valenciacamperpark.com";"C";"CAMPING";"40";"120";"0"; ; ; ;"120";"05/09/2013"; ;"SIEMPRE ABIERTO";"De Lunes a Domingo"
"CV-CAM000044-V";"A";"ALTA";"3e";"TRES ESTRELLAS";"MARIOLA";"46";"VALÈNCIA";"072";"BOCAIRENT";"46880";"CARRETERA BOCAIRENT-ALCOI, KM. 9";"CR";"CARRETERA";"BOCAIRENT-ALCOI";"KM. 9";"info@campingmariola.com";"http://www.campingmariola.com";"C";"CAMPING";"198";"510";"28";"112";"3421";"115";"737";"11/04/1994"; ;"SIEMPRE ABIERTO";"De Lunes a Domingo"
"CV-CAM000045-V";"A";"ALTA";"2e";"DOS ESTRELLAS";"RIO TURIA";"46";"VALÈNCIA";"076";"BUGARRA";"46165";"CAMINO DEL CEMENTERIO -PDA LA PALMERETA-, 25"; ; ;"CAMINO DEL CEMENTERIO -PDA LA PALMERETA-";"25";"cturia_1@hotmail.com"; ;"C";"CAMPING";"38";"114"; ; ; ;"0";"114";"06/07/1995"; ;"SIEMPRE ABIERTO";"De Lunes a Domingo"
"CV C00038 V";"B";"BAJA";"2";"SEGUNDA CATEGORÍA";"CANET-MAR";"46";"VALÈNCIA";"082";"CANET D'EN BERENGUER";"46529";"CAÑAS Y BARRO, 1"; ; ;"CAÑAS Y BARRO";"1";"administración@campingcanetmar.com";"http://www.campingcanetmar.com"; ; ;"229";"687";"12";"60";"0";"0";"747";"07/03/1990";"28/02/2006";"SIEMPRE ABIERTO";"De Lunes a Domingo"
"CV-CAM000003-V";"A";"ALTA";"4e";"CUATRO ESTRELLAS";"SANTA MARTA";"46";"VALÈNCIA";"105";"CULLERA";"46400";"AVENIDA EL RACÓ, 25";"AV";"AVENIDA";"EL RACÓ";"25";"info@santamartacamping.com";"https://www.santamartacamping.com";"C";"CAMPING";"160";"378";"34";"146";"3341";"133";"657";"29/01/1963"; ;"SIEMPRE ABIERTO";"De Lunes a Domingo"
"CV-CAM000040-V";"A";"ALTA";"3e";"TRES ESTRELLAS";"L' AVENTURA";"46";"VALÈNCIA";"113";"DAIMÚS";"46710";"CARRETERA PLAYA DAIMUS, S/N";"CR";"CARRETERA";"PLAYA DAIMUS";"S/N";"info@campinglaaventuraplaya.es";"www.campinglaaventuraplaya.es";"C";"CAMPING";"139";"411";"2";"8"; ; ;"419";"17/09/1990"; ;"SIEMPRE ABIERTO";"De Lunes a Domingo"
"CV-CAM000047-V";"A";"ALTA";"4e";"CUATRO ESTRELLAS";"EL TEULARET";"46";"VALÈNCIA";"118";"ENGUERA";"46810";"CARRETERA MOIXENT-NAVALON CV-589, KM. 11,3";"CR";"CARRETERA";"MOIXENT-NAVALON CV-589";"KM. 11,3";"teularet@naturjove.es";"www.naturjove.es";"C";"CAMPING";"66";"183";"5";"20";"0";"0";"203";"05/02/1998"; ;"SIEMPRE ABIERTO";"De Lunes a Domingo"
"CV-CAM000049-V";"A";"ALTA";"3e";"TRES ESTRELLAS";"LA PINADA";"46";"VALÈNCIA";"118";"ENGUERA";"46810";"PARAJE PISCINA MUNICIPAL, S/N"; ; ;"PARAJE PISCINA MUNICIPAL";"S/N"; ; ;"C";"CAMPING";"19";"57";"0";"0";"102";"5";"62";"08/02/2001"; ;"SIEMPRE ABIERTO";"De Lunes a Domingo"
"CV-CAM000052-V";"A";"ALTA";"3e";"TRES ESTRELLAS";"LOS CARASOLES";"46";"VALÈNCIA";"118";"ENGUERA";"46811";"CARRETERA NAVALON, CASAS DE REQUENA, KM 3";"CR";"CARRETERA";"NAVALON, CASAS DE REQUENA";"KM 3";"montes@loscarasoles.com";"http://www.loscarasoles.com";"C";"CAMPING";"111";"180";"51";"207";"0";"0";"387";"14/01/2003"; ;"SIEMPRE ABIERTO";"De Lunes a Domingo"
"CV-CAM000055-V";"A";"ALTA";"1e";"UNA ESTRELLA";"SIERRA NATURA";"46";"VALÈNCIA";"118";"ENGUERA";"46810";"FINCA EL TEJARICO, S/N"; ; ;"FINCA EL TEJARICO";"S/N"; ; ;"C";"CAMPING";"64";"153";"13";"27";"2368";"54";"234";"25/07/2007"; ;"SIEMPRE ABIERTO";"De Lunes a Domingo"
"CV-CAM000050-V";"A";"ALTA";"4e";"CUATRO ESTRELLAS";"SIERRA CALDERONA CAMPING INTEGRAL";"46";"VALÈNCIA";"120";"ESTIVELLA";"46590";"CARRETERA ESTIVELLA-VALENCIA, CAMÍ DEL PLA, S/N";"CR";"CARRETERA";"ESTIVELLA-VALENCIA, CAMÍ DEL PLA";"S/N";"info@sierra-calderona.com";"https://www.sierra-calderona.com";"C";"CAMPING";"104";"297";"5";"20";"1784";"67";"384";"20/03/2002"; ;"SIEMPRE ABIERTO";"De Lunes a Domingo"
"CV-CAM000027-V";"A";"ALTA";"3e";"TRES ESTRELLAS";"L'ALQUERIA";"46";"VALÈNCIA";"131";"GANDIA";"46730";"AVENIDA DEL GRAU, 142";"AV";"AVENIDA";"DEL GRAU";"142";"lalqueria@lalqueria.com";"https://www.lalqueria.com";"C";"CAMPING";"271";"408";"135";"469";"6007";"292";"1169";"22/05/1980"; ;"SIEMPRE ABIERTO";"De Lunes a Domingo"
"CV-CAM000033-V";"A";"ALTA";"3e";"TRES ESTRELLAS";"LA NARANJA";"46";"VALÈNCIA";"131";"GANDIA";"46730";"PLAYA GANDIA-CMNO. ASSAGADOR DE MORANT, S/N";"PY";"PLAYA";"GANDIA-CMNO. ASSAGADOR DE MORANT";"S/N";"info@campinglanaranja.com";"http://campinglanaranja.com";"C";"CAMPING";"62";"165";"7";"31";"1669";"58";"254";"01/06/1983"; ;"11/03 - 02/10";"De Lunes a Domingo"
"CV C00007 V";"B";"BAJA";"2";"SEGUNDA CATEGORÍA";"ROS";"46";"VALÈNCIA";"131";"GANDIA";"46700";"CALLE ARMADA ESPANOLA, S/N";"C";"CALLE";"ARMADA ESPANOLA";"S/N"; ; ; ; ;"45";"135";"0";"0";"442";"25";"160";"22/02/1965";"05/03/1999";"01/04 - 15/04 y 01/06 - 24/09";"De Lunes a Domingo"
"CV C00016 V";"B";"BAJA";"2";"SEGUNDA CATEGORÍA";"LA DORADA";"46";"VALÈNCIA";"143";"XERACO";"46770";"AVENIDA BORRONS,, S/N";"AV";"AVENIDA";"BORRONS,";"S/N"; ; ; ; ;"190";"570";"0";"0";"1548";"77";"647";"25/09/1970";"18/11/1999";"01/04 - 30/09";"De Lunes a Domingo"
"CV-CAM000006-V";"A";"ALTA";"3e";"TRES ESTRELLAS";"SAN VICENTE";"46";"VALÈNCIA";"143";"XERACO";"46770";"AVENIDA DE LA MOTA, 24";"AV";"AVENIDA";"DE LA MOTA";"24";"info@campingsanvicente.com";"https://campingsanvicente.com";"C";"CAMPING";"76";"177";"17";"64"; ; ;"241";"07/10/1964"; ;"SIEMPRE ABIERTO";"De Lunes a Domingo"
"CV C00011 V";"B";"BAJA";"2";"SEGUNDA CATEGORÍA";"SOL-MAR";"46";"VALÈNCIA";"143";"XERACO";"46770";"AVENIDA BORRONS, S/N";"AV";"AVENIDA";"BORRONS";"S/N"; ; ; ; ;"30";"90";"0";"0";"0";"0";"90";"27/09/1967";"18/11/1999";"01/04 - 30/10";"De Lunes a Domingo"
"CV-CAM000062-V";"A";"ALTA";"2e";"DOS ESTRELLAS";"XERACO CAMPERS";"46";"VALÈNCIA";"143";"XERACO";"46730";"POLÍGONO 5. PARCELA 175, 176 Y 7004, S/N";"PO";"POLÍGONO";"5. PARCELA 175, 176 Y 7004";"S/N";"xeracocampers@gmail.com";"http://www.xeracocampers.com";"C";"CAMPING";"93";"279";"0"; ; ; ;"279";"22/07/2020"; ;"SIEMPRE ABIERTO";"De Lunes a Domingo"
"CV-CAM000043-V";"A";"ALTA";"4e";"CUATRO ESTRELLAS";"LAS JARAS";"46";"VALÈNCIA";"144";"JARAFUEL";"46623";"PARTIDA LAS ROCHAS, S/N";"PD";"PARTIDA";"LAS ROCHAS";"S/N"; ; ;"C";"CAMPING";"87";"249";"4";"16";"3269";"88";"353";"22/02/1994"; ;"SIEMPRE ABIERTO";"De Lunes a Domingo"
"CV-CAM000064-V";"A";"ALTA";"1e";"UNA ESTRELLA";"RESIDENCIA VACACIONAL XATIVA";"46";"VALÈNCIA";"145";"XÀTIVA";"46800";"CAMINO SANT ANTONI. POL 13-PARC 20-21 ABC, S/N";"CM";"CAMINO";"SANT ANTONI. POL 13-PARC 20-21 ABC";"S/N";"info@residenciavacacionalxativa.es";"residenciavacacionalxativa.es";"C";"CAMPING";"42";"99";"9";"36"; ; ;"135";"18/02/2022"; ;"SIEMPRE ABIERTO";"De Lunes a Domingo"
"CV C00014 V";"B";"BAJA";"2";"SEGUNDA CATEGORÍA";"VORA-MAR";"46";"VALÈNCIA";"166";"MELIANA";"46133";"A-7, KM 5, 000"; ; ;"A-7, KM 5";"000"; ; ; ; ;"60";"180";"0";"0";"601";"30";"210";"28/01/1969";"30/05/1994";"01/03 - 30/09";"De Lunes a Domingo"
"CV-CAM000034-V";"A";"ALTA";"4e";"CUATRO ESTRELLAS";"COELIUS";"46";"VALÈNCIA";"168";"MIRAMAR";"46711";"AVENIDA DEL MAR, S/N. - PDA. DEL RACÓ, S/N";"AV";"AVENIDA";"DEL MAR, S/N. - PDA. DEL RACÓ";"S/N";"camping@coelius.com";"http://www.coelius.com";"C";"CAMPING";"151";"324";"43";"154";"0";"0";"478";"01/06/1984"; ;"SIEMPRE ABIERTO";"De Lunes a Domingo"
"CV C00025 V";"B";"BAJA";"2";"SEGUNDA CATEGORÍA";"MIRAMAR";"46";"VALÈNCIA";"168";"MIRAMAR";"46711";"PLAYA MIRAMAR, 000"; ; ;"PLAYA MIRAMAR";"000"; ; ; ; ;"124";"372";"0";"0";"621";"31";"403";"20/04/1977";"05/03/1999";"01/06 - 15/09";"De Lunes a Domingo"
"CV-CAM000066-V";"A";"ALTA";"2e";"DOS ESTRELLAS";"PLAYAMONTE";"46";"VALÈNCIA";"179";"NAVARRÉS";"46823";"URBANIZACIÓN PLAYAMONTE 2. POL 11. PARC 162-161-157, 162";"UR";"URBANIZACIÓN";"PLAYAMONTE 2. POL 11. PARC 162-161-157";"162";"campingplayamonte@gmail.com";"http://www.campingplayamonte.com";"C";"CAMPING";"34";"102";"0"; ; ; ;"102";"08/07/2022"; ;"SIEMPRE ABIERTO";"De Lunes a Domingo"
"CV-CAM000036-V";"A";"ALTA";"3e";"TRES ESTRELLAS";"AZUL";"46";"VALÈNCIA";"181";"OLIVA";"46780";"PARTIDA RAPDELLS, S/N";"PD";"PARTIDA";"RAPDELLS";"S/N";"campingazul@ctv.es";"http://www.campingazul.com";"C";"CAMPING";"156";"330";"46";"224";"0";"0";"554";"15/05/1989"; ;"SIEMPRE ABIERTO";"De Lunes a Domingo"
"CV-CAM000017-V";"A";"ALTA";"3e";"TRES ESTRELLAS";"BON DIA";"46";"VALÈNCIA";"181";"OLIVA";"46780";"PARTIDA AIGUA MORTA, S/N";"PD";"PARTIDA";"AIGUA MORTA";"S/N"; ; ;"C";"CAMPING";"35";"105";"0";"0";"270";"11";"116";"28/09/1970"; ;"01/06 - 30/08";"De Lunes a Domingo"
"CV C00023 V";"B";"BAJA";"2";"SEGUNDA CATEGORÍA";"EL RANCHO";"46";"VALÈNCIA";"181";"OLIVA";"46780";"CALLE  PDA. AIGUA MORTA, 000";"C";"CALLE";"PDA. AIGUA MORTA";"000";"campingrancho@mx3.redestb.es"; ; ; ;"224";"672";"11";"38";"400";"18";"728";"16/11/1971";"30/11/2006";"SIEMPRE ABIERTO";"De Lunes a Domingo"
"CV-CAM000010-V";"A";"ALTA";"3e";"TRES ESTRELLAS";"EUROCAMPING";"46";"VALÈNCIA";"181";"OLIVA";"46780";"PARTIDA RAPDELLS, S/N";"PD";"PARTIDA";"RAPDELLS";"S/N";"info@eurocamping-es.com";"http://www.eurocamping-es.com";"C";"CAMPING";"320";"891";"23";"99";"930";"37";"1027";"27/09/1967"; ;"SIEMPRE ABIERTO";"De Lunes a Domingo"
"CV-CAM000009-V";"A";"ALTA";"4e";"CUATRO ESTRELLAS";"KIKO PARK";"46";"VALÈNCIA";"181";"OLIVA";"46780";"CALLE ASSAGADOR DE CARRO, 2";"C";"CALLE";"ASSAGADOR DE CARRO";"2";"info@kikopark.com";"https://kikopark.com";"C";"CAMPING";"179";"528";"3";"9";"1083";"43";"580";"15/07/1965"; ;"SIEMPRE ABIERTO";"De Lunes a Domingo"
"CV-CAM000008-V";"A";"ALTA";"4e";"CUATRO ESTRELLAS";"OLE";"46";"VALÈNCIA";"181";"OLIVA";"46780";"CARRETERA N-332-PARTIDA AIGUA MORTA, KM. 186";"CR";"CARRETERA";"N-332-PARTIDA AIGUA MORTA";"KM. 186";"camping-ole@camping-ole.com";"http://www.camping-ole.com";"C";"CAMPING";"382";"978";"56";"200";"0";"0";"1178";"03/07/1965"; ;"SIEMPRE ABIERTO"; 
"CV-CAM000018-V";"A";"ALTA";"3e";"TRES ESTRELLAS";"PEPE";"46";"VALÈNCIA";"181";"OLIVA";"46780";"CARRETERA N-332, KM. 209. PARTIDA AIGUA MORTA";"CR";"CARRETERA";"N-332, KM. 209. PARTIDA AIGUA MORTA"; ;"info@campingpepe.com";"http://www.campingpepe.com";"C";"CAMPING";"213";"417";"74";"270";"0";"0";"687";"28/09/1970"; ;"SIEMPRE ABIERTO";"De Lunes a Domingo"
"CV-CAM000012-V";"A";"ALTA";"3e";"TRES ESTRELLAS";"RIO MAR";"46";"VALÈNCIA";"181";"OLIVA";"46780";"PARTIDA DEVESA, S/N";"PD";"PARTIDA";"DEVESA";"S/N";"riomar@campingriomar.com";"http://www.campingriomar.com";"C";"CAMPING";"89";"231";"12";"67";"204";"15";"313";"03/10/1967"; ;"SIEMPRE ABIERTO";"De Lunes a Domingo"
"CV-CAM000061-V";"A";"ALTA";"1e";"UNA ESTRELLA";"FONT DE SIS";"46";"VALÈNCIA";"189";"EL PALOMAR";"46891";"AVENIDA RIUET (PARAJE NATURAL FONT DE SIS), S/N";"AV";"AVENIDA";"RIUET (PARAJE NATURAL FONT DE SIS)";"S/N";"info@fontdesis.es";"fontdesis.es";"C";"CAMPING";"54";"162";"0"; ; ; ;"162";"15/05/2015"; ;"SIEMPRE ABIERTO";"De Lunes a Domingo"
"CV C00059 V";"B";"BAJA";"2";"SEGUNDA CATEGORÍA";"FONT DE SIS";"46";"VALÈNCIA";"189";"EL PALOMAR";"46891";"AVENIDA RIUET (PARAJE NATURAL FONT DE SIS), S/N";"AV";"AVENIDA";"RIUET (PARAJE NATURAL FONT DE SIS)";"S/N";"campingelpalomar@gmail.com";"http://www.campingelpalomar.es";"C";"CAMPING";"18";"54";"0";"0";"3074"; ;"54";"19/01/2015";"27/03/2015";"SIEMPRE ABIERTO";"De Lunes a Domingo"
"CV C00030 V";"B";"BAJA";"2";"SEGUNDA CATEGORÍA";"LA BRASA";"46";"VALÈNCIA";"199";"LA POBLA DE FARNALS";"46137";"CALLE SENYERA, 85";"C";"CALLE";"SENYERA";"85"; ; ; ; ;"33";"99";"0";"0";"0";"0";"99";"18/06/1980";"30/11/2006";"SIEMPRE ABIERTO";"De Lunes a Domingo"
"CV-CAM000031-V";"A";"ALTA";"3e";"TRES ESTRELLAS";"PUZOL";"46";"VALÈNCIA";"205";"PUÇOL";"46530";"CAMI RIU TURIA  -PLAYA DE PUÇOL-, S.N"; ; ;"CAMI RIU TURIA  -PLAYA DE PUÇOL-";"S.N";"info@campingpuzol.com";"http://www.campingpuzol.com";"C";"CAMPING";"122";"300";"22";"88"; ; ;"388";"15/10/1981"; ;"SIEMPRE ABIERTO";"De Lunes a Domingo"
"CV-CAM000032-V";"A";"ALTA";"3e";"TRES ESTRELLAS";"VALENCIA";"46";"VALÈNCIA";"205";"PUÇOL";"46530";"PLAYA DE PUÇOL, CARRER RIU TÚRIA, 1,";"PY";"PLAYA";"DE PUÇOL, CARRER RIU TÚRIA, 1,"; ;"info@campingvalencia.com";"https://www.campingvalencia.com";"C";"CAMPING";"370";"741";"123";"563";"0";"0";"1304";"11/09/1981"; ;"31/01 - 29/11";"De Lunes a Domingo"
"CV-ARP000002-V";"A";"ALTA";"AP";"A PERNOCTA";"RIO GRANDE";"46";"VALÈNCIA";"206";"QUESA";"46824";"PARAJE CORBERA  POL 17 PARCELAS 23 Y 27, S/N";"PE";"PARAJE";"CORBERA  POL 17 PARCELAS 23 Y 27";"S/N";"campamentoriogrande@gmail.com"; ;"A";"AREA PERNOCTA";"19"; ; ; ; ; ;"57";"25/05/2023"; ;"01/05 - 30/09";"De Lunes a Domingo"
"CV-CAM000042-V";"A";"ALTA";"3e";"TRES ESTRELLAS";"NATURA";"46";"VALÈNCIA";"219";"RUGAT";"46021";"PARTIDA ELS CASALS, S/N";"PD";"PARTIDA";"ELS CASALS";"S/N";"info@CampingNatura.com";"http://www.campingnatura.com";"C";"CAMPING";"95";"174";"37";"176"; ; ;"350";"20/04/1993"; ;"SIEMPRE ABIERTO";"De Lunes a Domingo"
"CV-CAM000039-V";"A";"ALTA";"3e";"TRES ESTRELLAS";"MALVARROSA DE CORINTO";"46";"VALÈNCIA";"220";"SAGUNT/SAGUNTO";"46500";"CAMINO MALVARROSA - CARRER DEL CIGNE, S/N";"CM";"CAMINO";"MALVARROSA - CARRER DEL CIGNE";"S/N";"camalva@live.com";"http://www.malvacorinto.com";"C";"CAMPING";"154";"186";"92";"276";"1757";"53";"515";"16/10/1989"; ;"SIEMPRE ABIERTO"; 
"CV C00020 V";"B";"BAJA";"2";"SEGUNDA CATEGORÍA";"PARAISO";"46";"VALÈNCIA";"220";"SAGUNT/SAGUNTO";"46500";"CARRETERA  PLAYA ALMARDA, 000";"CR";"CARRETERA";"PLAYA ALMARDA";"000"; ; ; ; ;"0";"0"; ; ;"8000"; ;"0";"22/12/1970";"16/07/1993"; ; 
"CV-CAM000037-V";"A";"ALTA";"3e";"TRES ESTRELLAS";"LAS PALMERAS";"46";"VALÈNCIA";"235";"SUECA";"46419";"CARRETERA DEL SALER (LES PALMERETES), KM. 23";"CR";"CARRETERA";"DEL SALER (LES PALMERETES)";"KM. 23";"campingpalmeres@yahoo.es";"http://www.campingpalmeras.com";"C";"CAMPING";"795";"1323";"354";"1575";"0";"0";"2898";"11/07/1988"; ;"SIEMPRE ABIERTO";"De Lunes a Domingo"
"CV-CAM000029-V";"A";"ALTA";"3e";"TRES ESTRELLAS";"LES BARRAQUETES";"46";"VALÈNCIA";"235";"SUECA";"46410";"PLAYA SUECA- MARENY DE  BARRAQUETES";"PY";"PLAYA";"SUECA- MARENY DE  BARRAQUETES"; ;"info@barraquetes.com";"http://www.barraquetes.com";"C";"CAMPING";"241";"621";"34";"136";"3757";"173";"930";"25/06/1980"; ;"01/04 - 30/09";"De Lunes a Domingo"
"CV-CAM000019-V";"A";"ALTA";"3e";"TRES ESTRELLAS";"SAN PASCUAL";"46";"VALÈNCIA";"235";"SUECA";"46420";"CARRETERA NAZARET-OLIVA ( EL PERELLO), KM. 21";"CR";"CARRETERA";"NAZARET-OLIVA ( EL PERELLO)";"KM. 21"; ; ;"C";"CAMPING";"150";"267";"61";"205";"0";"0";"472";"22/12/1970"; ;"SIEMPRE ABIERTO";"De Lunes a Domingo"
"CV-CAM000058-V";"A";"ALTA";"3e";"TRES ESTRELLAS";"CAMPING CAR LA FINCA";"46";"VALÈNCIA";"238";"TAVERNES DE LA VALLDIGNA";"46760";"CALLE DEL GARBÍ SECTOR, 17";"C";"CALLE";"DEL GARBÍ SECTOR";"17";"campingcarlafinca@gmail.com";"campingcarlafinca.com";"C";"CAMPING";"45";"135";"0";"0"; ; ;"135";"08/10/2014"; ;"SIEMPRE ABIERTO";"De Lunes a Domingo"
"CV-CAM000046-V";"A";"ALTA";"3e";"TRES ESTRELLAS";"HECU CAMPING";"46";"VALÈNCIA";"247";"TUÉJAR";"46177";"PARTIDA LOS QUIÑONES, S/N";"PD";"PARTIDA";"LOS QUIÑONES";"S/N"; ; ;"C";"CAMPING";"180";"462";"26";"168";"0";"0";"630";"17/11/1995"; ;"SIEMPRE ABIERTO";"De Lunes a Domingo"
"CV-CAM000035-V";"A";"ALTA";"3e";"TRES ESTRELLAS";"COLL-VERT";"46";"VALÈNCIA";"250";"VALÈNCIA";"46012";"CARRETERA NAZARET-OLIVA, KM 6,9. CTRA.DEL RIU,, 486";"CR";"CARRETERA";"NAZARET-OLIVA, KM 6,9. CTRA.DEL RIU,";"486";"info@collvertcamping.com";"http://www.collvertcamping.com/";"C";"CAMPING";"140";"345";"25";"100";"2495";"88";"533";"01/07/1985"; ;"28/03 - 15/10";"De Lunes a Domingo"
"CV-CAM000026-V";"A";"ALTA";"3e";"TRES ESTRELLAS";"DEVESA GARDENS";"46";"VALÈNCIA";"250";"VALÈNCIA";"46012";"CARRETERA EL SALER, KM. 13";"CR";"CARRETERA";"EL SALER";"KM. 13";"contacto@devesagardens.com";"http://www.devesagardens.com";"C";"CAMPING";"144";"264";"56";"224";"0";"0";"488";"20/04/1977"; ;"SIEMPRE ABIERTO";"De Lunes a Domingo"
"CV C00015 V";"B";"BAJA";"1";"PRIMERA CATEGORÍA";"EL PALMAR";"46";"VALÈNCIA";"250";"VALÈNCIA";"46012";"CARRETERA EL PALMAR, S/N";"CR";"CARRETERA";"EL PALMAR";"S/N"; ; ; ; ;"99";"297"; ; ; ; ;"297";"17/09/1971";"06/08/2009";"01/07 - 30/08";"De Lunes a Domingo"
"CV C00024 V";"B";"BAJA";"2";"SEGUNDA CATEGORÍA";"LA GOLONDRINA";"46";"VALÈNCIA";"250";"VALÈNCIA";"46012";"AVENIDA LAS GAVIOTAS, 53";"AV";"AVENIDA";"LAS GAVIOTAS";"53"; ; ; ; ;"0";"0";"0";"0"; ;"0";"0";"03/11/1971";"25/03/1993"; ; 
"CV-CAM000054-V";"A";"ALTA";"2e";"DOS ESTRELLAS";"SLOW LIFE CAMPING VENTA DEL MORO";"46";"VALÈNCIA";"254";"VENTA DEL MORO";"46310";"CALLE PASO DEL REY, 2";"C";"CALLE";"PASO DEL REY";"2";"info@slowlifecamping.com";"https://campingventadelmoro.com";"C";"CAMPING";"25";"42";"11";"44"; ;"0";"86";"25/07/2007"; ;"SIEMPRE ABIERTO"; 
"CV-CAM000053-V";"A";"ALTA";"4e";"CUATRO ESTRELLAS";"KIKO PARK RURAL";"46";"VALÈNCIA";"259";"VILLARGORDO DEL CABRIEL";"46317";"CARRETERA EMBALSE DE CONTRERAS, KM 3";"CR";"CARRETERA";"EMBALSE DE CONTRERAS";"KM 3";"rural@kikopark.com";"https://kikoparkrural.com";"C";"CAMPING";"117";"228";"41";"197";"0";"0";"425";"17/01/2003"; ;"SIEMPRE ABIERTO";"De Lunes a Domingo"
